timestamp_ist,open,high,low,close,volume
2026-08-14T09:15:00+05:30,13.53,13.56,13.49,13.54,6737881
2026-08-14T09:16:00+05:30,13.54,13.54,13.51,13.54,3535936
2026-08-14T09:17:00+05:30,13.54,13.57,13.53,13.56,2055776
2026-08-14T09:18:00+05:30,13.56,13.58,13.56,13.58,1689195
2026-08-14T09:19:00+05:30,13.58,13.62,13.57,13.58,3476231
2026-08-14T09:20:00+05:30,13.58,13.58,13.56,13.58,1016677
2026-08-14T09:21:00+05:30,13.58,13.6,13.56,13.58,3243643
2026-08-14T09:22:00+05:30,13.59,13.59,13.57,13.59,1928556
2026-08-14T09:23:00+05:30,13.59,13.59,13.55,13.56,2455948
2026-08-14T09:24:00+05:30,13.56,13.56,13.55,13.56,905591
2026-08-14T09:25:00+05:30,13.55,13.55,13.54,13.55,1503431
2026-08-14T09:26:00+05:30,13.55,13.55,13.52,13.52,1542138
2026-08-14T09:27:00+05:30,13.52,13.53,13.52,13.53,387924
2026-08-14T09:28:00+05:30,13.53,13.53,13.52,13.53,803371
2026-08-14T09:29:00+05:30,13.53,13.53,13.5,13.51,3115154
2026-08-14T09:30:00+05:30,13.52,13.53,13.51,13.52,1897635
2026-08-14T09:31:00+05:30,13.53,13.53,13.52,13.52,384132
2026-08-14T09:32:00+05:30,13.52,13.54,13.52,13.52,2465957
2026-08-14T09:33:00+05:30,13.52,13.53,13.51,13.52,285491
2026-08-14T09:34:00+05:30,13.53,13.53,13.51,13.52,708200
2026-08-14T09:35:00+05:30,13.52,13.53,13.51,13.53,658838
2026-08-14T09:36:00+05:30,13.53,13.55,13.52,13.54,1433510
2026-08-14T09:37:00+05:30,13.53,13.63,13.53,13.62,7037775
2026-08-14T09:38:00+05:30,13.61,13.69,13.61,13.66,8440798
2026-08-14T09:39:00+05:30,13.67,13.7,13.66,13.67,6271576
2026-08-14T09:40:00+05:30,13.68,13.7,13.66,13.66,4692585
2026-08-14T09:41:00+05:30,13.67,13.76,13.66,13.75,14885459
2026-08-14T09:42:00+05:30,13.75,13.82,13.74,13.8,20662566
2026-08-14T09:43:00+05:30,13.8,13.83,13.78,13.8,8408111
2026-08-14T09:44:00+05:30,13.79,13.85,13.77,13.78,7887469
2026-08-14T09:45:00+05:30,13.77,13.78,13.71,13.72,6514441
2026-08-14T09:46:00+05:30,13.72,13.74,13.72,13.72,2270333
2026-08-14T09:47:00+05:30,13.73,13.75,13.72,13.73,2568420
2026-08-14T09:48:00+05:30,13.75,13.78,13.73,13.78,2365780
2026-08-14T09:49:00+05:30,13.77,13.78,13.76,13.78,1614994
2026-08-14T09:50:00+05:30,13.78,13.78,13.75,13.77,1546033
2026-08-14T09:51:00+05:30,13.76,13.77,13.76,13.77,1309886
2026-08-14T09:52:00+05:30,13.77,13.77,13.76,13.76,1606312
2026-08-14T09:53:00+05:30,13.76,13.76,13.75,13.75,565337
2026-08-14T09:54:00+05:30,13.75,13.76,13.72,13.72,1627688
2026-08-14T09:55:00+05:30,13.72,13.76,13.72,13.75,6334409
2026-08-14T09:56:00+05:30,13.75,13.76,13.74,13.75,774041
2026-08-14T09:57:00+05:30,13.74,13.81,13.74,13.79,7036413
2026-08-14T09:58:00+05:30,13.79,13.8,13.77,13.77,1001442
2026-08-14T09:59:00+05:30,13.78,13.78,13.77,13.77,735498
2026-08-14T10:00:00+05:30,13.77,13.78,13.76,13.76,872626
2026-08-14T10:01:00+05:30,13.77,13.77,13.75,13.76,1348429
2026-08-14T10:02:00+05:30,13.75,13.77,13.74,13.75,1710048
2026-08-14T10:03:00+05:30,13.75,13.76,13.74,13.76,477954
2026-08-14T10:04:00+05:30,13.75,13.76,13.75,13.76,826300
2026-08-14T10:05:00+05:30,13.76,13.76,13.75,13.75,264272
2026-08-14T10:06:00+05:30,13.76,13.76,13.74,13.75,626872
2026-08-14T10:07:00+05:30,13.75,13.81,13.75,13.81,4996021
2026-08-14T10:08:00+05:30,13.81,13.82,13.8,13.8,1947932
2026-08-14T10:09:00+05:30,13.8,13.91,13.8,13.91,21884315
2026-08-14T10:10:00+05:30,13.91,13.94,13.89,13.9,11428238
2026-08-14T10:11:00+05:30,13.89,13.92,13.87,13.91,5421103
2026-08-14T10:12:00+05:30,13.91,13.94,13.9,13.94,5378617
2026-08-14T10:13:00+05:30,13.93,13.97,13.93,13.95,7390618
2026-08-14T10:14:00+05:30,13.95,14,13.92,14,16004645
2026-08-14T10:15:00+05:30,13.99,14.1,13.99,14.06,23302870
2026-08-14T10:16:00+05:30,14.08,14.08,14,14.01,6661480
2026-08-14T10:17:00+05:30,14,14.01,13.99,14,6009238
2026-08-14T10:18:00+05:30,13.99,14,13.94,13.96,4732913
2026-08-14T10:19:00+05:30,13.96,14,13.96,14,5064549
2026-08-14T10:20:00+05:30,14,14.03,13.99,14.01,7851812
2026-08-14T10:21:00+05:30,14.02,14.06,14.01,14.05,5293109
2026-08-14T10:22:00+05:30,14.05,14.1,14.05,14.09,9995196
2026-08-14T10:23:00+05:30,14.1,14.1,14.08,14.1,4784494
2026-08-14T10:24:00+05:30,14.09,14.14,14.06,14.13,7185328
2026-08-14T10:25:00+05:30,14.13,14.14,14.1,14.11,8102007
2026-08-14T10:26:00+05:30,14.11,14.12,14.08,14.09,5178576
2026-08-14T10:27:00+05:30,14.08,14.1,14.08,14.08,2306138
2026-08-14T10:28:00+05:30,14.08,14.09,14.05,14.09,3482968
2026-08-14T10:29:00+05:30,14.11,14.11,14.07,14.1,3952040
2026-08-14T10:30:00+05:30,14.11,14.12,14.08,14.09,2646849
2026-08-14T10:31:00+05:30,14.09,14.1,14.01,14.04,4410003
2026-08-14T10:32:00+05:30,14.04,14.06,14.03,14.03,1986099
2026-08-14T10:33:00+05:30,14.03,14.04,14.01,14.01,2531141
2026-08-14T10:34:00+05:30,14.02,14.05,14.01,14.04,1843105
2026-08-14T10:35:00+05:30,14.04,14.05,14.04,14.05,849035
2026-08-14T10:36:00+05:30,14.05,14.05,14.03,14.04,853050
2026-08-14T10:37:00+05:30,14.04,14.04,14.01,14.01,1435925
2026-08-14T10:38:00+05:30,14.02,14.03,14.01,14.01,1421821
2026-08-14T10:39:00+05:30,14.01,14.02,14,14,1270937
2026-08-14T10:40:00+05:30,13.98,14,13.97,13.97,4092857
2026-08-14T10:41:00+05:30,13.98,13.99,13.97,13.98,1276474
2026-08-14T10:42:00+05:30,13.98,13.99,13.97,13.99,1123792
2026-08-14T10:43:00+05:30,13.99,13.99,13.98,13.99,1120158
2026-08-14T10:44:00+05:30,13.98,13.99,13.98,13.99,676434
2026-08-14T10:45:00+05:30,13.99,14,13.99,14,3507324
2026-08-14T10:46:00+05:30,13.99,14.03,13.99,14.03,2363503
2026-08-14T10:47:00+05:30,14.03,14.05,14.01,14.05,2999453
2026-08-14T10:48:00+05:30,14.04,14.07,14.04,14.07,3609514
2026-08-14T10:49:00+05:30,14.06,14.09,14.05,14.09,3085938
2026-08-14T10:50:00+05:30,14.09,14.1,14.07,14.08,2614799
2026-08-14T10:51:00+05:30,14.07,14.08,14.05,14.06,2166322
2026-08-14T10:52:00+05:30,14.06,14.06,14.04,14.04,625452
2026-08-14T10:53:00+05:30,14.04,14.06,14.04,14.05,1041806
2026-08-14T10:54:00+05:30,14.04,14.12,14.04,14.11,10505164
2026-08-14T10:55:00+05:30,14.1,14.13,14.07,14.13,3702566
2026-08-14T10:56:00+05:30,14.12,14.13,14.09,14.09,2539908
2026-08-14T10:57:00+05:30,14.09,14.1,14.07,14.07,1428549
2026-08-14T10:58:00+05:30,14.08,14.08,14.06,14.07,652830
2026-08-14T10:59:00+05:30,14.07,14.1,14.07,14.1,1449432
2026-08-14T11:00:00+05:30,14.09,14.09,14.06,14.08,1188836
2026-08-14T11:01:00+05:30,14.08,14.09,14.07,14.07,663467
2026-08-14T11:02:00+05:30,14.08,14.08,14.07,14.08,407667
2026-08-14T11:03:00+05:30,14.07,14.08,14.06,14.06,515915
2026-08-14T11:04:00+05:30,14.06,14.09,14.06,14.07,1353227
2026-08-14T11:05:00+05:30,14.07,14.1,14.07,14.07,2267396
2026-08-14T11:06:00+05:30,14.07,14.1,14.07,14.08,1909099
2026-08-14T11:07:00+05:30,14.08,14.09,14.08,14.09,649634
2026-08-14T11:08:00+05:30,14.09,14.09,14.01,14.03,5256167
2026-08-14T11:09:00+05:30,14.03,14.03,14,14.01,3552102
2026-08-14T11:10:00+05:30,14.01,14.02,13.96,13.99,5287251
2026-08-14T11:11:00+05:30,13.99,13.99,13.98,13.99,1139539
2026-08-14T11:12:00+05:30,13.99,14,13.97,13.99,2303331
2026-08-14T11:13:00+05:30,14,14.03,13.99,14.01,1331432
2026-08-14T11:14:00+05:30,14.01,14.03,14.01,14.02,1279930
2026-08-14T11:15:00+05:30,14.02,14.03,14.02,14.03,588685
2026-08-14T11:16:00+05:30,14.03,14.04,14.02,14.04,1243641
2026-08-14T11:17:00+05:30,14.03,14.04,14.02,14.02,686995
2026-08-14T11:18:00+05:30,14.02,14.05,14.02,14.04,1275720
2026-08-14T11:19:00+05:30,14.05,14.08,14.04,14.07,1321280
2026-08-14T11:20:00+05:30,14.07,14.08,14.07,14.08,684604
2026-08-14T11:21:00+05:30,14.08,14.08,14.06,14.07,768968
2026-08-14T11:22:00+05:30,14.07,14.1,14.06,14.1,12080519
2026-08-14T11:23:00+05:30,14.1,14.11,14.09,14.11,2631130
2026-08-14T11:24:00+05:30,14.11,14.11,14.08,14.09,2141262
2026-08-14T11:25:00+05:30,14.08,14.09,14.07,14.08,955136
2026-08-14T11:26:00+05:30,14.08,14.09,14.06,14.09,1257860
2026-08-14T11:27:00+05:30,14.09,14.09,14.07,14.08,650601
2026-08-14T11:28:00+05:30,14.08,14.08,14.07,14.07,570393
2026-08-14T11:29:00+05:30,14.08,14.09,14.07,14.09,868724
2026-08-14T11:30:00+05:30,14.09,14.09,14.07,14.07,1290530
2026-08-14T11:31:00+05:30,14.08,14.09,14.07,14.08,1429249
2026-08-14T11:32:00+05:30,14.09,14.09,14.07,14.08,487104
2026-08-14T11:33:00+05:30,14.07,14.08,14.07,14.08,541741
2026-08-14T11:34:00+05:30,14.08,14.08,14.07,14.07,870813
2026-08-14T11:35:00+05:30,14.07,14.08,14.07,14.07,632764
2026-08-14T11:36:00+05:30,14.08,14.08,14.07,14.08,512308
2026-08-14T11:37:00+05:30,14.07,14.08,14.07,14.08,303301
2026-08-14T11:38:00+05:30,14.08,14.08,14.07,14.07,429715
2026-08-14T11:39:00+05:30,14.08,14.08,14.06,14.07,764569
2026-08-14T11:40:00+05:30,14.06,14.07,14.06,14.07,500246
2026-08-14T11:41:00+05:30,14.06,14.07,14.06,14.06,197320
2026-08-14T11:42:00+05:30,14.06,14.07,14.05,14.06,670904
2026-08-14T11:43:00+05:30,14.06,14.07,14.06,14.06,578609
2026-08-14T11:44:00+05:30,14.06,14.08,14.06,14.07,1611217
2026-08-14T11:45:00+05:30,14.08,14.09,14.07,14.08,838860
2026-08-14T11:46:00+05:30,14.08,14.1,14.07,14.09,1973871
2026-08-14T11:47:00+05:30,14.09,14.1,14.08,14.08,1240408
2026-08-14T11:48:00+05:30,14.08,14.09,14.07,14.07,451969
2026-08-14T11:49:00+05:30,14.07,14.09,14.07,14.08,357078
2026-08-14T11:50:00+05:30,14.08,14.08,14.06,14.07,894407
2026-08-14T11:51:00+05:30,14.08,14.08,14.07,14.08,199360
2026-08-14T11:52:00+05:30,14.08,14.08,14.07,14.08,202280
2026-08-14T11:53:00+05:30,14.07,14.08,14.07,14.07,416594
2026-08-14T11:54:00+05:30,14.07,14.08,14.06,14.07,984945
2026-08-14T11:55:00+05:30,14.06,14.08,14.06,14.08,781729
2026-08-14T11:56:00+05:30,14.07,14.08,14.07,14.07,341259
2026-08-14T11:57:00+05:30,14.08,14.08,14.06,14.08,958912
2026-08-14T11:58:00+05:30,14.07,14.08,14.07,14.08,374832
2026-08-14T11:59:00+05:30,14.07,14.08,14.06,14.06,458741
2026-08-14T12:00:00+05:30,14.06,14.07,14.05,14.06,778048
2026-08-14T12:01:00+05:30,14.06,14.06,14.04,14.05,1562491
2026-08-14T12:02:00+05:30,14.05,14.06,14.05,14.06,402604
2026-08-14T12:03:00+05:30,14.05,14.06,14.04,14.04,879843
2026-08-14T12:04:00+05:30,14.04,14.05,14.03,14.05,879147
2026-08-14T12:05:00+05:30,14.05,14.05,14.04,14.05,640859
2026-08-14T12:06:00+05:30,14.05,14.05,14.03,14.04,710724
2026-08-14T12:07:00+05:30,14.04,14.05,14.04,14.04,368341
2026-08-14T12:08:00+05:30,14.05,14.05,14.04,14.04,627515
2026-08-14T12:09:00+05:30,14.04,14.06,14.03,14.06,2562303
2026-08-14T12:10:00+05:30,14.06,14.09,14.05,14.08,2612243
2026-08-14T12:11:00+05:30,14.08,14.12,14.08,14.11,5868089
2026-08-14T12:12:00+05:30,14.11,14.12,14.1,14.11,1499896
2026-08-14T12:13:00+05:30,14.11,14.11,14.09,14.11,1084542
2026-08-14T12:14:00+05:30,14.1,14.11,14.09,14.1,441366
2026-08-14T12:15:00+05:30,14.1,14.1,14.09,14.1,335761
2026-08-14T12:16:00+05:30,14.1,14.1,14.09,14.09,441008
2026-08-14T12:17:00+05:30,14.09,14.1,14.08,14.08,436758
2026-08-14T12:18:00+05:30,14.08,14.1,14.08,14.08,435686
2026-08-14T12:19:00+05:30,14.08,14.1,14.08,14.1,283479
2026-08-14T12:20:00+05:30,14.09,14.1,14.08,14.09,600585
2026-08-14T12:21:00+05:30,14.08,14.09,14.08,14.09,346918
2026-08-14T12:22:00+05:30,14.08,14.1,14.08,14.09,426430
2026-08-14T12:23:00+05:30,14.09,14.1,14.08,14.09,177799
2026-08-14T12:24:00+05:30,14.08,14.1,14.08,14.09,285924
2026-08-14T12:25:00+05:30,14.09,14.09,14.08,14.09,565807
2026-08-14T12:26:00+05:30,14.09,14.09,14.07,14.08,825369
2026-08-14T12:27:00+05:30,14.08,14.09,14.08,14.08,319593
2026-08-14T12:28:00+05:30,14.08,14.09,14.07,14.07,445764
2026-08-14T12:29:00+05:30,14.07,14.08,14.07,14.08,480287
2026-08-14T12:30:00+05:30,14.08,14.09,14.07,14.08,246095
2026-08-14T12:31:00+05:30,14.08,14.08,14.06,14.08,934159
2026-08-14T12:32:00+05:30,14.06,14.09,14.06,14.08,506312
2026-08-14T12:33:00+05:30,14.07,14.08,14.07,14.08,160802
2026-08-14T12:34:00+05:30,14.08,14.08,14.07,14.07,324492
2026-08-14T12:35:00+05:30,14.07,14.08,14.07,14.08,312020
2026-08-14T12:36:00+05:30,14.08,14.08,14.07,14.07,436937
2026-08-14T12:37:00+05:30,14.07,14.08,14.07,14.07,148948
2026-08-14T12:38:00+05:30,14.07,14.09,14.07,14.08,415088
2026-08-14T12:39:00+05:30,14.08,14.1,14.08,14.09,1109441
2026-08-14T12:40:00+05:30,14.09,14.1,14.08,14.1,604809
2026-08-14T12:41:00+05:30,14.1,14.1,14.07,14.08,1307632
2026-08-14T12:42:00+05:30,14.08,14.08,14.07,14.07,342707
2026-08-14T12:43:00+05:30,14.07,14.08,14.07,14.08,185619
2026-08-14T12:44:00+05:30,14.08,14.08,14.07,14.07,186433
2026-08-14T12:45:00+05:30,14.07,14.08,14.07,14.08,277891
2026-08-14T12:46:00+05:30,14.08,14.09,14.07,14.08,421160
2026-08-14T12:47:00+05:30,14.08,14.09,14.07,14.07,295304
2026-08-14T12:48:00+05:30,14.07,14.08,14.07,14.07,1007782
2026-08-14T12:49:00+05:30,14.07,14.1,14.07,14.09,4960262
2026-08-14T12:50:00+05:30,14.09,14.1,14.08,14.08,383313
2026-08-14T12:51:00+05:30,14.08,14.09,14.08,14.09,128236
2026-08-14T12:52:00+05:30,14.08,14.09,14.08,14.09,266790
2026-08-14T12:53:00+05:30,14.09,14.09,14.07,14.07,375166
2026-08-14T12:54:00+05:30,14.07,14.09,14.07,14.08,751256
2026-08-14T12:55:00+05:30,14.08,14.09,14.06,14.07,600360
2026-08-14T12:56:00+05:30,14.06,14.07,14.06,14.06,285999
2026-08-14T12:57:00+05:30,14.06,14.07,14.06,14.06,362383
2026-08-14T12:58:00+05:30,14.06,14.07,14.06,14.07,177466
2026-08-14T12:59:00+05:30,14.07,14.07,14.04,14.04,1457664
2026-08-14T13:00:00+05:30,14.05,14.05,14.04,14.04,435904
2026-08-14T13:01:00+05:30,14.05,14.05,14.04,14.05,197486
2026-08-14T13:02:00+05:30,14.05,14.06,14.04,14.05,652260
2026-08-14T13:03:00+05:30,14.05,14.06,14.04,14.04,981848
2026-08-14T13:04:00+05:30,14.04,14.05,14.04,14.05,414728
2026-08-14T13:05:00+05:30,14.04,14.05,14.04,14.04,236666
2026-08-14T13:06:00+05:30,14.05,14.06,14.04,14.05,326886
2026-08-14T13:07:00+05:30,14.05,14.05,14.04,14.04,115290
2026-08-14T13:08:00+05:30,14.05,14.05,14.04,14.05,406096
2026-08-14T13:09:00+05:30,14.04,14.07,14.04,14.06,2253553
2026-08-14T13:10:00+05:30,14.07,14.07,14.05,14.05,236085
2026-08-14T13:11:00+05:30,14.06,14.07,14.05,14.05,232582
2026-08-14T13:12:00+05:30,14.05,14.07,14.05,14.05,622463
2026-08-14T13:13:00+05:30,14.06,14.06,14.05,14.06,493554
2026-08-14T13:14:00+05:30,14.06,14.06,14.05,14.06,202760
2026-08-14T13:15:00+05:30,14.05,14.06,14.05,14.05,318706
2026-08-14T13:16:00+05:30,14.06,14.06,14.05,14.06,275761
2026-08-14T13:17:00+05:30,14.05,14.07,14.05,14.06,624907
2026-08-14T13:18:00+05:30,14.06,14.07,14.05,14.07,746271
2026-08-14T13:19:00+05:30,14.07,14.07,14.06,14.07,156881
2026-08-14T13:20:00+05:30,14.06,14.07,14.06,14.07,66487
2026-08-14T13:21:00+05:30,14.06,14.07,14.06,14.06,200720
2026-08-14T13:22:00+05:30,14.06,14.07,14.06,14.07,415161
2026-08-14T13:23:00+05:30,14.06,14.07,14.06,14.07,101927
2026-08-14T13:24:00+05:30,14.07,14.07,14.06,14.07,137228
2026-08-14T13:25:00+05:30,14.06,14.07,14.06,14.07,370817
2026-08-14T13:26:00+05:30,14.07,14.07,14.06,14.07,155424
2026-08-14T13:27:00+05:30,14.06,14.07,14.06,14.07,224545
2026-08-14T13:28:00+05:30,14.07,14.08,14.06,14.08,1239623
2026-08-14T13:29:00+05:30,14.08,14.08,14.05,14.06,1264175
2026-08-14T13:30:00+05:30,14.05,14.06,14.05,14.06,143547
2026-08-14T13:31:00+05:30,14.05,14.06,14.05,14.06,68495
2026-08-14T13:32:00+05:30,14.06,14.06,14.05,14.06,59016
2026-08-14T13:33:00+05:30,14.05,14.06,14.05,14.06,234738
2026-08-14T13:34:00+05:30,14.05,14.05,14.04,14.04,1642840
2026-08-14T13:35:00+05:30,14.03,14.05,14.02,14.04,1258136
2026-08-14T13:36:00+05:30,14.05,14.05,14.03,14.03,598348
2026-08-14T13:37:00+05:30,14.03,14.04,14.03,14.03,404045
2026-08-14T13:38:00+05:30,14.03,14.06,14.03,14.05,702557
2026-08-14T13:39:00+05:30,14.04,14.05,14.04,14.05,154785
2026-08-14T13:40:00+05:30,14.04,14.05,14.04,14.05,83419
2026-08-14T13:41:00+05:30,14.05,14.05,14.04,14.04,341343
2026-08-14T13:42:00+05:30,14.05,14.06,14.04,14.04,487722
2026-08-14T13:43:00+05:30,14.05,14.06,14.04,14.05,734848
2026-08-14T13:44:00+05:30,14.05,14.06,14.05,14.05,198780
2026-08-14T13:45:00+05:30,14.06,14.07,14.05,14.06,444773
2026-08-14T13:46:00+05:30,14.07,14.08,14.07,14.08,529356
2026-08-14T13:47:00+05:30,14.08,14.08,14.07,14.08,858235
2026-08-14T13:48:00+05:30,14.08,14.08,14.07,14.07,221402
2026-08-14T13:49:00+05:30,14.08,14.09,14.07,14.08,871148
2026-08-14T13:50:00+05:30,14.08,14.09,14.08,14.09,585456
2026-08-14T13:51:00+05:30,14.09,14.09,14.08,14.08,197241
2026-08-14T13:52:00+05:30,14.08,14.1,14.08,14.09,1144960
2026-08-14T13:53:00+05:30,14.09,14.1,14.09,14.1,471214
2026-08-14T13:54:00+05:30,14.09,14.1,14.09,14.1,411432
2026-08-14T13:55:00+05:30,14.09,14.1,14.09,14.09,350949
2026-08-14T13:56:00+05:30,14.1,14.11,14.09,14.1,2783594
2026-08-14T13:57:00+05:30,14.1,14.11,14.1,14.1,635984
2026-08-14T13:58:00+05:30,14.1,14.12,14.1,14.11,1441033
2026-08-14T13:59:00+05:30,14.12,14.12,14.11,14.11,661502
2026-08-14T14:00:00+05:30,14.12,14.13,14.11,14.13,2634122
2026-08-14T14:01:00+05:30,14.13,14.13,14.12,14.12,1228270
2026-08-14T14:02:00+05:30,14.12,14.13,14.12,14.12,822797
2026-08-14T14:03:00+05:30,14.12,14.15,14.11,14.12,6555868
2026-08-14T14:04:00+05:30,14.11,14.12,14.11,14.12,997756
2026-08-14T14:05:00+05:30,14.12,14.13,14.11,14.12,1838780
2026-08-14T14:06:00+05:30,14.11,14.12,14.1,14.1,1338248
2026-08-14T14:07:00+05:30,14.11,14.16,14.1,14.16,7042838
2026-08-14T14:08:00+05:30,14.15,14.16,14.13,14.13,2173849
2026-08-14T14:09:00+05:30,14.13,14.14,14.12,14.13,704523
2026-08-14T14:10:00+05:30,14.12,14.14,14.12,14.13,685695
2026-08-14T14:11:00+05:30,14.14,14.16,14.14,14.16,3124017
2026-08-14T14:12:00+05:30,14.16,14.16,14.14,14.14,1233812
2026-08-14T14:13:00+05:30,14.15,14.17,14.15,14.17,2854365
2026-08-14T14:14:00+05:30,14.17,14.17,14.15,14.15,1209590
2026-08-14T14:15:00+05:30,14.16,14.16,14.12,14.12,3309123
2026-08-14T14:16:00+05:30,14.13,14.15,14.12,14.14,921008
2026-08-14T14:17:00+05:30,14.14,14.15,14.12,14.13,3002331
2026-08-14T14:18:00+05:30,14.12,14.13,14.12,14.13,317313
2026-08-14T14:19:00+05:30,14.13,14.14,14.12,14.13,1276835
2026-08-14T14:20:00+05:30,14.13,14.13,14.11,14.12,1245497
2026-08-14T14:21:00+05:30,14.12,14.12,14.11,14.11,967014
2026-08-14T14:22:00+05:30,14.12,14.12,14.1,14.1,1683577
2026-08-14T14:23:00+05:30,14.11,14.11,14.09,14.09,1952789
2026-08-14T14:24:00+05:30,14.09,14.11,14.09,14.11,762167
2026-08-14T14:25:00+05:30,14.11,14.11,14.1,14.11,714301
2026-08-14T14:26:00+05:30,14.11,14.11,14.1,14.1,389554
2026-08-14T14:27:00+05:30,14.11,14.11,14.1,14.1,1130635
2026-08-14T14:28:00+05:30,14.1,14.1,14.08,14.08,1039543
2026-08-14T14:29:00+05:30,14.09,14.1,14.08,14.09,2460314
2026-08-14T14:30:00+05:30,14.09,14.11,14.09,14.1,390282
2026-08-14T14:31:00+05:30,14.1,14.11,14.1,14.11,517777
2026-08-14T14:32:00+05:30,14.11,14.11,14.1,14.1,188128
2026-08-14T14:33:00+05:30,14.1,14.12,14.1,14.11,1236059
2026-08-14T14:34:00+05:30,14.11,14.15,14.11,14.14,3627161
2026-08-14T14:35:00+05:30,14.14,14.15,14.13,14.14,949713
2026-08-14T14:36:00+05:30,14.14,14.15,14.13,14.14,729265
2026-08-14T14:37:00+05:30,14.14,14.14,14.13,14.13,457939
2026-08-14T14:38:00+05:30,14.13,14.15,14.13,14.14,2771532
2026-08-14T14:39:00+05:30,14.14,14.15,14.14,14.14,545021
2026-08-14T14:40:00+05:30,14.14,14.15,14.14,14.14,1009784
2026-08-14T14:41:00+05:30,14.14,14.15,14.14,14.15,1205182
2026-08-14T14:42:00+05:30,14.14,14.16,14.13,14.14,3562686
2026-08-14T14:43:00+05:30,14.14,14.14,14.13,14.13,1037022
2026-08-14T14:44:00+05:30,14.13,14.14,14.13,14.14,613751
2026-08-14T14:45:00+05:30,14.14,14.14,14.13,14.14,771341
2026-08-14T14:46:00+05:30,14.14,14.15,14.13,14.15,649370
2026-08-14T14:47:00+05:30,14.13,14.14,14.13,14.14,928741
2026-08-14T14:48:00+05:30,14.14,14.14,14.12,14.14,2309776
2026-08-14T14:49:00+05:30,14.13,14.14,14.13,14.13,196697
2026-08-14T14:50:00+05:30,14.13,14.13,14.12,14.13,572946
2026-08-14T14:51:00+05:30,14.12,14.14,14.12,14.13,1208083
2026-08-14T14:52:00+05:30,14.14,14.15,14.13,14.14,2416564
2026-08-14T14:53:00+05:30,14.14,14.15,14.14,14.14,1935167
2026-08-14T14:54:00+05:30,14.14,14.15,14.14,14.14,1216899
2026-08-14T14:55:00+05:30,14.14,14.15,14.14,14.15,1484002
2026-08-14T14:56:00+05:30,14.14,14.16,14.14,14.16,2087484
2026-08-14T14:57:00+05:30,14.16,14.16,14.11,14.14,12638209
2026-08-14T14:58:00+05:30,14.14,14.15,14.11,14.11,3189665
2026-08-14T14:59:00+05:30,14.12,14.14,14.11,14.14,2024273
2026-08-14T15:00:00+05:30,14.13,14.14,14.12,14.13,1687093
2026-08-14T15:01:00+05:30,14.13,14.13,14.12,14.13,620502
2026-08-14T15:02:00+05:30,14.12,14.13,14.11,14.11,3024946
2026-08-14T15:03:00+05:30,14.12,14.14,14.12,14.12,6928034
2026-08-14T15:04:00+05:30,14.12,14.14,14.11,14.14,4616202
2026-08-14T15:05:00+05:30,14.14,14.14,14.1,14.1,7314875
2026-08-14T15:06:00+05:30,14.11,14.14,14.08,14.08,14316900
2026-08-14T15:07:00+05:30,14.08,14.1,14.08,14.1,2757293
2026-08-14T15:08:00+05:30,14.1,14.12,14.09,14.11,1574946
2026-08-14T15:09:00+05:30,14.12,14.15,14.11,14.14,11717517
2026-08-14T15:10:00+05:30,14.14,14.15,14.12,14.12,6201636
2026-08-14T15:11:00+05:30,14.13,14.14,14.12,14.13,1719930
2026-08-14T15:12:00+05:30,14.14,14.19,14.1,14.1,30839522
2026-08-14T15:13:00+05:30,14.12,14.12,14.1,14.11,1143320
2026-08-14T15:14:00+05:30,14.11,14.12,14.1,14.11,1831711
2026-08-17T09:15:00+05:30,14.11,14.14,14.07,14.12,7257829
2026-08-17T09:16:00+05:30,14.11,14.11,14.02,14.02,7964423
2026-08-17T09:17:00+05:30,14.03,14.03,14,14.01,5140578
2026-08-17T09:18:00+05:30,13.96,13.98,13.94,13.97,6394137
2026-08-17T09:19:00+05:30,13.98,13.98,13.95,13.97,5450459
2026-08-17T09:20:00+05:30,13.97,13.98,13.96,13.98,2213939
2026-08-17T09:21:00+05:30,13.98,13.98,13.95,13.95,3603291
2026-08-17T09:22:00+05:30,13.95,13.97,13.92,13.94,5005956
2026-08-17T09:23:00+05:30,13.94,13.98,13.93,13.98,1712698
2026-08-17T09:24:00+05:30,13.98,13.99,13.97,13.99,1411189
2026-08-17T09:25:00+05:30,13.99,14.04,13.99,14.04,3409210
2026-08-17T09:26:00+05:30,14.04,14.06,14.04,14.05,2021494
2026-08-17T09:27:00+05:30,14.04,14.05,14.02,14.03,1751885
2026-08-17T09:28:00+05:30,14.01,14.02,14.01,14.02,715000
2026-08-17T09:29:00+05:30,14.02,14.02,14.01,14.02,1017439
2026-08-17T09:30:00+05:30,14.02,14.02,13.99,13.99,1977215
2026-08-17T09:31:00+05:30,13.99,13.99,13.97,13.98,895280
2026-08-17T09:32:00+05:30,14,14,13.98,13.98,2331285
2026-08-17T09:33:00+05:30,13.99,13.99,13.98,13.98,1252294
2026-08-17T09:34:00+05:30,13.99,14,13.98,13.99,500654
2026-08-17T09:35:00+05:30,13.99,14,13.99,13.99,330013
2026-08-17T09:36:00+05:30,13.99,14,13.98,13.99,645470
2026-08-17T09:37:00+05:30,14,14,13.99,14,295358
2026-08-17T09:38:00+05:30,13.99,14,13.99,14,663344
2026-08-17T09:39:00+05:30,14.01,14.02,14,14.02,447456
2026-08-17T09:40:00+05:30,14.01,14.02,13.99,13.99,841075
2026-08-17T09:41:00+05:30,14,14.01,14,14,715675
2026-08-17T09:42:00+05:30,14.01,14.02,14,14.02,1090002
2026-08-17T09:43:00+05:30,14.02,14.02,14,14,437001
2026-08-17T09:44:00+05:30,14.01,14.01,13.99,13.99,639117
2026-08-17T09:45:00+05:30,13.99,14,13.99,13.99,278711
2026-08-17T09:46:00+05:30,14,14,13.97,13.98,1497850
2026-08-17T09:47:00+05:30,13.97,13.98,13.96,13.97,525327
2026-08-17T09:48:00+05:30,13.97,13.97,13.95,13.96,438156
2026-08-17T09:49:00+05:30,13.97,13.97,13.96,13.97,314475
2026-08-17T09:50:00+05:30,13.96,13.97,13.96,13.97,433643
2026-08-17T09:51:00+05:30,13.96,13.98,13.96,13.98,666216
2026-08-17T09:52:00+05:30,13.98,13.99,13.97,13.98,509933
2026-08-17T09:53:00+05:30,13.97,13.98,13.97,13.98,254744
2026-08-17T09:54:00+05:30,13.98,13.98,13.97,13.97,403393
2026-08-17T09:55:00+05:30,13.98,13.99,13.98,13.99,645221
2026-08-17T09:56:00+05:30,13.99,13.99,13.98,13.99,259366
2026-08-17T09:57:00+05:30,13.98,13.99,13.98,13.99,168449
2026-08-17T09:58:00+05:30,13.98,13.99,13.98,13.98,392465
2026-08-17T09:59:00+05:30,13.98,13.99,13.97,13.98,731346
2026-08-17T10:00:00+05:30,13.97,13.98,13.97,13.97,440069
2026-08-17T10:01:00+05:30,13.97,13.98,13.97,13.98,605930
2026-08-17T10:02:00+05:30,13.97,13.98,13.97,13.97,190494
2026-08-17T10:03:00+05:30,13.97,13.97,13.94,13.95,3283159
2026-08-17T10:04:00+05:30,13.95,13.95,13.94,13.94,383180
2026-08-17T10:05:00+05:30,13.95,13.95,13.94,13.95,398363
2026-08-17T10:06:00+05:30,13.94,13.95,13.94,13.94,845730
2026-08-17T10:07:00+05:30,13.95,13.95,13.94,13.95,430694
2026-08-17T10:08:00+05:30,13.94,13.95,13.94,13.95,329248
2026-08-17T10:09:00+05:30,13.95,13.95,13.94,13.95,453031
2026-08-17T10:10:00+05:30,13.95,13.95,13.94,13.95,227401
2026-08-17T10:11:00+05:30,13.95,13.95,13.94,13.95,351955
2026-08-17T10:12:00+05:30,13.95,13.97,13.95,13.97,774214
2026-08-17T10:13:00+05:30,13.96,13.97,13.96,13.97,336662
2026-08-17T10:14:00+05:30,13.96,13.96,13.94,13.94,1064706
2026-08-17T10:15:00+05:30,13.94,13.95,13.94,13.95,277267
2026-08-17T10:16:00+05:30,13.95,13.96,13.95,13.96,153156
2026-08-17T10:17:00+05:30,13.96,13.98,13.95,13.98,1062696
2026-08-17T10:18:00+05:30,13.97,13.99,13.96,13.96,4143326
2026-08-17T10:19:00+05:30,13.96,13.96,13.94,13.95,746542
2026-08-17T10:20:00+05:30,13.95,13.95,13.91,13.91,3137063
2026-08-17T10:21:00+05:30,13.92,13.93,13.91,13.93,403349
2026-08-17T10:22:00+05:30,13.92,13.93,13.92,13.93,396249
2026-08-17T10:23:00+05:30,13.93,13.93,13.92,13.92,1305487
2026-08-17T10:24:00+05:30,13.91,13.92,13.9,13.9,2218917
2026-08-17T10:25:00+05:30,13.91,13.91,13.9,13.9,476138
2026-08-17T10:26:00+05:30,13.91,13.91,13.9,13.91,368419
2026-08-17T10:27:00+05:30,13.9,13.91,13.9,13.9,411309
2026-08-17T10:28:00+05:30,13.91,13.91,13.9,13.91,347790
2026-08-17T10:29:00+05:30,13.91,13.91,13.88,13.89,3381769
2026-08-17T10:30:00+05:30,13.88,13.89,13.86,13.86,3060986
2026-08-17T10:31:00+05:30,13.85,13.88,13.85,13.87,3347306
2026-08-17T10:32:00+05:30,13.87,13.87,13.86,13.87,251818
2026-08-17T10:33:00+05:30,13.87,13.88,13.86,13.88,905482
2026-08-17T10:34:00+05:30,13.88,13.89,13.87,13.89,284288
2026-08-17T10:35:00+05:30,13.89,13.89,13.88,13.88,329233
2026-08-17T10:36:00+05:30,13.88,13.89,13.88,13.89,251003
2026-08-17T10:37:00+05:30,13.88,13.89,13.88,13.88,205457
2026-08-17T10:38:00+05:30,13.88,13.89,13.88,13.88,241900
2026-08-17T10:39:00+05:30,13.89,13.89,13.87,13.87,587779
2026-08-17T10:40:00+05:30,13.87,13.89,13.87,13.89,669400
2026-08-17T10:41:00+05:30,13.88,13.89,13.88,13.88,89910
2026-08-17T10:42:00+05:30,13.88,13.89,13.88,13.88,1192426
2026-08-17T10:43:00+05:30,13.87,13.9,13.85,13.87,2798449
2026-08-17T10:44:00+05:30,13.86,13.87,13.86,13.86,502956
2026-08-17T10:45:00+05:30,13.86,13.87,13.84,13.85,2074255
2026-08-17T10:46:00+05:30,13.84,13.87,13.84,13.86,718858
2026-08-17T10:47:00+05:30,13.86,13.87,13.85,13.86,569128
2026-08-17T10:48:00+05:30,13.87,13.87,13.86,13.87,145128
2026-08-17T10:49:00+05:30,13.86,13.87,13.86,13.86,264538
2026-08-17T10:50:00+05:30,13.86,13.87,13.86,13.87,201626
2026-08-17T10:51:00+05:30,13.86,13.87,13.85,13.87,849741
2026-08-17T10:52:00+05:30,13.87,13.88,13.87,13.88,261866
2026-08-17T10:53:00+05:30,13.88,13.88,13.87,13.87,275806
2026-08-17T10:54:00+05:30,13.87,13.88,13.87,13.87,280245
2026-08-17T10:55:00+05:30,13.87,13.88,13.87,13.87,149510
2026-08-17T10:56:00+05:30,13.88,13.89,13.87,13.88,410181
2026-08-17T10:57:00+05:30,13.89,13.89,13.87,13.88,1536037
2026-08-17T10:58:00+05:30,13.87,13.89,13.85,13.86,1685045
2026-08-17T10:59:00+05:30,13.85,13.86,13.83,13.84,2804844
2026-08-17T11:00:00+05:30,13.84,13.85,13.84,13.85,542132
2026-08-17T11:01:00+05:30,13.84,13.85,13.83,13.85,499622
2026-08-17T11:02:00+05:30,13.85,13.85,13.84,13.85,162215
2026-08-17T11:03:00+05:30,13.84,13.85,13.84,13.85,161480
2026-08-17T11:04:00+05:30,13.84,13.86,13.84,13.86,632655
2026-08-17T11:05:00+05:30,13.86,13.86,13.85,13.85,122308
2026-08-17T11:06:00+05:30,13.85,13.86,13.85,13.85,447713
2026-08-17T11:07:00+05:30,13.85,13.86,13.85,13.85,272013
2026-08-17T11:08:00+05:30,13.85,13.87,13.85,13.87,176633
2026-08-17T11:09:00+05:30,13.87,13.87,13.86,13.87,363311
2026-08-17T11:10:00+05:30,13.87,13.87,13.86,13.87,257295
2026-08-17T11:11:00+05:30,13.86,13.87,13.86,13.86,86911
2026-08-17T11:12:00+05:30,13.87,13.87,13.86,13.87,254356
2026-08-17T11:13:00+05:30,13.86,13.87,13.86,13.86,1279310
2026-08-17T11:14:00+05:30,13.87,13.87,13.85,13.86,291824
2026-08-17T11:15:00+05:30,13.86,13.86,13.85,13.85,121465
2026-08-17T11:16:00+05:30,13.86,13.87,13.86,13.86,205495
2026-08-17T11:17:00+05:30,13.87,13.87,13.86,13.87,135406
2026-08-17T11:18:00+05:30,13.87,13.87,13.86,13.86,124417
2026-08-17T11:19:00+05:30,13.86,13.87,13.86,13.86,83183
2026-08-17T11:20:00+05:30,13.86,13.87,13.86,13.87,208896
2026-08-17T11:21:00+05:30,13.87,13.87,13.83,13.84,2088465
2026-08-17T11:22:00+05:30,13.83,13.85,13.83,13.83,355881
2026-08-17T11:23:00+05:30,13.83,13.85,13.81,13.81,1954860
2026-08-17T11:24:00+05:30,13.81,13.82,13.81,13.81,691530
2026-08-17T11:25:00+05:30,13.81,13.83,13.81,13.82,355642
2026-08-17T11:26:00+05:30,13.82,13.85,13.82,13.85,427632
2026-08-17T11:27:00+05:30,13.85,13.85,13.84,13.84,136940
2026-08-17T11:28:00+05:30,13.84,13.85,13.84,13.84,202346
2026-08-17T11:29:00+05:30,13.84,13.85,13.84,13.84,581993
2026-08-17T11:30:00+05:30,13.84,13.85,13.82,13.83,444842
2026-08-17T11:31:00+05:30,13.82,13.83,13.82,13.82,482676
2026-08-17T11:32:00+05:30,13.82,13.84,13.82,13.84,199926
2026-08-17T11:33:00+05:30,13.84,13.84,13.82,13.83,421092
2026-08-17T11:34:00+05:30,13.83,13.84,13.83,13.84,564076
2026-08-17T11:35:00+05:30,13.83,13.84,13.83,13.84,491910
2026-08-17T11:36:00+05:30,13.83,13.84,13.78,13.79,4869723
2026-08-17T11:37:00+05:30,13.8,13.81,13.79,13.81,1340734
2026-08-17T11:38:00+05:30,13.8,13.81,13.8,13.8,496680
2026-08-17T11:39:00+05:30,13.8,13.81,13.8,13.8,249872
2026-08-17T11:40:00+05:30,13.8,13.81,13.79,13.8,481933
2026-08-17T11:41:00+05:30,13.8,13.8,13.78,13.79,1179811
2026-08-17T11:42:00+05:30,13.79,13.8,13.79,13.79,436913
2026-08-17T11:43:00+05:30,13.79,13.8,13.79,13.8,326043
2026-08-17T11:44:00+05:30,13.8,13.8,13.79,13.79,172493
2026-08-17T11:45:00+05:30,13.79,13.81,13.79,13.81,1079607
2026-08-17T11:46:00+05:30,13.81,13.81,13.8,13.8,96629
2026-08-17T11:47:00+05:30,13.8,13.82,13.8,13.82,326366
2026-08-17T11:48:00+05:30,13.82,13.82,13.81,13.82,61469
2026-08-17T11:49:00+05:30,13.82,13.82,13.8,13.81,300948
2026-08-17T11:50:00+05:30,13.81,13.81,13.8,13.81,862420
2026-08-17T11:51:00+05:30,13.81,13.82,13.8,13.81,329508
2026-08-17T11:52:00+05:30,13.81,13.82,13.81,13.82,160710
2026-08-17T11:53:00+05:30,13.82,13.83,13.8,13.82,1153999
2026-08-17T11:54:00+05:30,13.81,13.82,13.81,13.82,114850
2026-08-17T11:55:00+05:30,13.81,13.83,13.81,13.82,286338
2026-08-17T11:56:00+05:30,13.82,13.83,13.82,13.82,226442
2026-08-17T11:57:00+05:30,13.82,13.83,13.81,13.82,317698
2026-08-17T11:58:00+05:30,13.82,13.83,13.81,13.83,231895
2026-08-17T11:59:00+05:30,13.82,13.83,13.81,13.82,340295
2026-08-17T12:00:00+05:30,13.82,13.83,13.81,13.83,239923
2026-08-17T12:01:00+05:30,13.82,13.83,13.82,13.82,402488
2026-08-17T12:02:00+05:30,13.83,13.83,13.82,13.83,136829
2026-08-17T12:03:00+05:30,13.83,13.83,13.82,13.82,205493
2026-08-17T12:04:00+05:30,13.82,13.84,13.82,13.84,557803
2026-08-17T12:05:00+05:30,13.84,13.84,13.83,13.84,460868
2026-08-17T12:06:00+05:30,13.84,13.84,13.83,13.83,544952
2026-08-17T12:07:00+05:30,13.83,13.85,13.83,13.85,468895
2026-08-17T12:08:00+05:30,13.85,13.85,13.83,13.84,544112
2026-08-17T12:09:00+05:30,13.84,13.84,13.83,13.83,128310
2026-08-17T12:10:00+05:30,13.83,13.84,13.83,13.83,42205
2026-08-17T12:11:00+05:30,13.83,13.84,13.83,13.83,148889
2026-08-17T12:12:00+05:30,13.83,13.84,13.83,13.84,191471
2026-08-17T12:13:00+05:30,13.84,13.85,13.83,13.84,1577558
2026-08-17T12:14:00+05:30,13.84,13.86,13.84,13.86,204814
2026-08-17T12:15:00+05:30,13.85,13.86,13.85,13.86,191879
2026-08-17T12:16:00+05:30,13.86,13.88,13.85,13.88,1977144
2026-08-17T12:17:00+05:30,13.87,13.88,13.87,13.87,1336656
2026-08-17T12:18:00+05:30,13.87,13.87,13.85,13.86,387508
2026-08-17T12:19:00+05:30,13.85,13.86,13.84,13.85,629772
2026-08-17T12:20:00+05:30,13.85,13.85,13.84,13.84,425840
2026-08-17T12:21:00+05:30,13.84,13.86,13.84,13.85,412599
2026-08-17T12:22:00+05:30,13.85,13.86,13.84,13.86,404292
2026-08-17T12:23:00+05:30,13.85,13.86,13.85,13.85,539053
2026-08-17T12:24:00+05:30,13.85,13.86,13.84,13.85,541492
2026-08-17T12:25:00+05:30,13.84,13.85,13.81,13.82,724660
2026-08-17T12:26:00+05:30,13.81,13.84,13.81,13.84,616765
2026-08-17T12:27:00+05:30,13.83,13.84,13.83,13.83,27958
2026-08-17T12:28:00+05:30,13.83,13.85,13.83,13.85,283023
2026-08-17T12:29:00+05:30,13.84,13.85,13.84,13.84,24433
2026-08-17T12:30:00+05:30,13.84,13.85,13.84,13.85,223373
2026-08-17T12:31:00+05:30,13.84,13.85,13.84,13.85,86596
2026-08-17T12:32:00+05:30,13.84,13.85,13.84,13.85,145871
2026-08-17T12:33:00+05:30,13.84,13.85,13.84,13.85,218445
2026-08-17T12:34:00+05:30,13.84,13.85,13.84,13.84,97048
2026-08-17T12:35:00+05:30,13.85,13.85,13.84,13.85,119883
2026-08-17T12:36:00+05:30,13.85,13.85,13.84,13.85,378078
2026-08-17T12:37:00+05:30,13.84,13.86,13.84,13.86,158696
2026-08-17T12:38:00+05:30,13.85,13.86,13.85,13.86,347773
2026-08-17T12:39:00+05:30,13.85,13.86,13.85,13.86,385347
2026-08-17T12:40:00+05:30,13.85,13.86,13.85,13.86,160938
2026-08-17T12:41:00+05:30,13.86,13.86,13.85,13.86,181662
2026-08-17T12:42:00+05:30,13.86,13.86,13.85,13.85,142430
2026-08-17T12:43:00+05:30,13.85,13.87,13.85,13.87,300003
2026-08-17T12:44:00+05:30,13.86,13.87,13.86,13.87,124247
2026-08-17T12:45:00+05:30,13.86,13.87,13.86,13.87,112256
2026-08-17T12:46:00+05:30,13.86,13.87,13.86,13.87,356812
2026-08-17T12:47:00+05:30,13.87,13.87,13.85,13.86,203895
2026-08-17T12:48:00+05:30,13.86,13.87,13.85,13.86,468594
2026-08-17T12:49:00+05:30,13.86,13.87,13.86,13.87,322228
2026-08-17T12:50:00+05:30,13.86,13.87,13.86,13.87,358127
2026-08-17T12:51:00+05:30,13.87,13.87,13.86,13.86,96026
2026-08-17T12:52:00+05:30,13.86,13.87,13.86,13.87,117919
2026-08-17T12:53:00+05:30,13.87,13.87,13.86,13.87,49890
2026-08-17T12:54:00+05:30,13.87,13.87,13.86,13.87,256780
2026-08-17T12:55:00+05:30,13.86,13.87,13.86,13.87,206859
2026-08-17T12:56:00+05:30,13.86,13.87,13.86,13.86,436520
2026-08-17T12:57:00+05:30,13.87,13.87,13.85,13.85,879024
2026-08-17T12:58:00+05:30,13.86,13.86,13.85,13.86,236189
2026-08-17T12:59:00+05:30,13.86,13.86,13.85,13.86,111570
2026-08-17T13:00:00+05:30,13.85,13.87,13.85,13.87,57127
2026-08-17T13:01:00+05:30,13.86,13.87,13.86,13.86,158754
2026-08-17T13:02:00+05:30,13.86,13.87,13.85,13.85,623206
2026-08-17T13:03:00+05:30,13.85,13.86,13.85,13.86,416024
2026-08-17T13:04:00+05:30,13.85,13.86,13.85,13.85,159987
2026-08-17T13:05:00+05:30,13.85,13.86,13.85,13.85,148761
2026-08-17T13:06:00+05:30,13.86,13.86,13.85,13.86,255696
2026-08-17T13:07:00+05:30,13.86,13.86,13.85,13.85,186520
2026-08-17T13:08:00+05:30,13.85,13.86,13.85,13.86,235976
2026-08-17T13:09:00+05:30,13.85,13.86,13.85,13.85,180436
2026-08-17T13:10:00+05:30,13.85,13.86,13.85,13.86,226524
2026-08-17T13:11:00+05:30,13.86,13.86,13.85,13.85,508378
2026-08-17T13:12:00+05:30,13.85,13.86,13.85,13.86,71220
2026-08-17T13:13:00+05:30,13.86,13.86,13.82,13.83,1552588
2026-08-17T13:14:00+05:30,13.82,13.83,13.82,13.82,148400
2026-08-17T13:15:00+05:30,13.82,13.85,13.82,13.82,684698
2026-08-17T13:16:00+05:30,13.82,13.84,13.82,13.83,684690
2026-08-17T13:17:00+05:30,13.82,13.83,13.82,13.83,259075
2026-08-17T13:18:00+05:30,13.82,13.83,13.82,13.83,329599
2026-08-17T13:19:00+05:30,13.81,13.82,13.8,13.8,2066270
2026-08-17T13:20:00+05:30,13.8,13.82,13.8,13.82,553846
2026-08-17T13:21:00+05:30,13.82,13.82,13.8,13.82,442086
2026-08-17T13:22:00+05:30,13.82,13.82,13.81,13.82,124375
2026-08-17T13:23:00+05:30,13.81,13.82,13.81,13.82,211301
2026-08-17T13:24:00+05:30,13.82,13.82,13.81,13.82,172999
2026-08-17T13:25:00+05:30,13.81,13.82,13.81,13.81,60340
2026-08-17T13:26:00+05:30,13.82,13.82,13.81,13.82,244538
2026-08-17T13:27:00+05:30,13.82,13.82,13.81,13.82,116644
2026-08-17T13:28:00+05:30,13.81,13.82,13.78,13.79,4039374
2026-08-17T13:29:00+05:30,13.78,13.81,13.76,13.77,2478441
2026-08-17T13:30:00+05:30,13.77,13.78,13.76,13.78,1069689
2026-08-17T13:31:00+05:30,13.78,13.78,13.76,13.78,1267490
2026-08-17T13:32:00+05:30,13.78,13.79,13.77,13.79,370304
2026-08-17T13:33:00+05:30,13.79,13.79,13.77,13.77,467206
2026-08-17T13:34:00+05:30,13.78,13.78,13.77,13.77,179587
2026-08-17T13:35:00+05:30,13.77,13.78,13.77,13.78,253940
2026-08-17T13:36:00+05:30,13.78,13.78,13.77,13.78,188530
2026-08-17T13:37:00+05:30,13.78,13.79,13.78,13.79,555677
2026-08-17T13:38:00+05:30,13.79,13.79,13.78,13.78,369436
2026-08-17T13:39:00+05:30,13.79,13.79,13.76,13.77,3354474
2026-08-17T13:40:00+05:30,13.76,13.77,13.76,13.77,334823
2026-08-17T13:41:00+05:30,13.77,13.79,13.76,13.78,844362
2026-08-17T13:42:00+05:30,13.78,13.79,13.78,13.78,403469
2026-08-17T13:43:00+05:30,13.79,13.79,13.77,13.78,442524
2026-08-17T13:44:00+05:30,13.79,13.8,13.78,13.8,853702
2026-08-17T13:45:00+05:30,13.79,13.8,13.79,13.79,230387
2026-08-17T13:46:00+05:30,13.79,13.8,13.79,13.8,101506
2026-08-17T13:47:00+05:30,13.8,13.8,13.79,13.8,259380
2026-08-17T13:48:00+05:30,13.79,13.8,13.77,13.77,2496019
2026-08-17T13:49:00+05:30,13.77,13.78,13.77,13.78,86629
2026-08-17T13:50:00+05:30,13.77,13.78,13.77,13.77,269103
2026-08-17T13:51:00+05:30,13.77,13.78,13.76,13.77,743888
2026-08-17T13:52:00+05:30,13.76,13.77,13.76,13.76,661893
2026-08-17T13:53:00+05:30,13.76,13.77,13.76,13.77,272713
2026-08-17T13:54:00+05:30,13.76,13.77,13.76,13.77,258843
2026-08-17T13:55:00+05:30,13.76,13.77,13.76,13.77,225700
2026-08-17T13:56:00+05:30,13.76,13.77,13.75,13.76,2026366
2026-08-17T13:57:00+05:30,13.76,13.76,13.75,13.75,381814
2026-08-17T13:58:00+05:30,13.75,13.76,13.75,13.76,225144
2026-08-17T13:59:00+05:30,13.76,13.76,13.75,13.76,316380
2026-08-17T14:00:00+05:30,13.76,13.77,13.76,13.77,154365
2026-08-17T14:01:00+05:30,13.76,13.77,13.76,13.76,800723
2026-08-17T14:02:00+05:30,13.77,13.77,13.76,13.77,310082
2026-08-17T14:03:00+05:30,13.77,13.77,13.76,13.77,200275
2026-08-17T14:04:00+05:30,13.77,13.77,13.76,13.77,178526
2026-08-17T14:05:00+05:30,13.76,13.77,13.76,13.77,208655
2026-08-17T14:06:00+05:30,13.77,13.77,13.76,13.76,592260
2026-08-17T14:07:00+05:30,13.76,13.79,13.76,13.77,1318212
2026-08-17T14:08:00+05:30,13.77,13.78,13.77,13.78,224852
2026-08-17T14:09:00+05:30,13.77,13.78,13.77,13.78,141379
2026-08-17T14:10:00+05:30,13.77,13.78,13.76,13.77,319843
2026-08-17T14:11:00+05:30,13.77,13.78,13.77,13.77,349974
2026-08-17T14:12:00+05:30,13.77,13.78,13.77,13.77,75402
2026-08-17T14:13:00+05:30,13.77,13.77,13.76,13.77,275268
2026-08-17T14:14:00+05:30,13.76,13.77,13.76,13.76,239582
2026-08-17T14:15:00+05:30,13.77,13.78,13.76,13.78,312662
2026-08-17T14:16:00+05:30,13.78,13.78,13.77,13.78,181723
2026-08-17T14:17:00+05:30,13.78,13.78,13.77,13.77,136929
2026-08-17T14:18:00+05:30,13.78,13.78,13.77,13.78,271789
2026-08-17T14:19:00+05:30,13.77,13.78,13.77,13.78,30179
2026-08-17T14:20:00+05:30,13.78,13.79,13.77,13.79,579766
2026-08-17T14:21:00+05:30,13.78,13.79,13.77,13.78,464625
2026-08-17T14:22:00+05:30,13.78,13.78,13.75,13.76,1257907
2026-08-17T14:23:00+05:30,13.75,13.76,13.75,13.76,176443
2026-08-17T14:24:00+05:30,13.76,13.76,13.75,13.76,137103
2026-08-17T14:25:00+05:30,13.75,13.76,13.75,13.76,57740
2026-08-17T14:26:00+05:30,13.76,13.76,13.73,13.75,1445362
2026-08-17T14:27:00+05:30,13.74,13.75,13.73,13.74,852531
2026-08-17T14:28:00+05:30,13.74,13.75,13.73,13.75,326924
2026-08-17T14:29:00+05:30,13.74,13.75,13.73,13.75,490578
2026-08-17T14:30:00+05:30,13.75,13.75,13.74,13.75,353679
2026-08-17T14:31:00+05:30,13.74,13.75,13.74,13.75,236788
2026-08-17T14:32:00+05:30,13.75,13.76,13.74,13.75,1170703
2026-08-17T14:33:00+05:30,13.75,13.76,13.74,13.75,385256
2026-08-17T14:34:00+05:30,13.75,13.78,13.74,13.78,2559873
2026-08-17T14:35:00+05:30,13.78,13.78,13.77,13.77,526433
2026-08-17T14:36:00+05:30,13.78,13.79,13.76,13.77,3242316
2026-08-17T14:37:00+05:30,13.77,13.78,13.77,13.78,288191
2026-08-17T14:38:00+05:30,13.78,13.79,13.77,13.78,493621
2026-08-17T14:39:00+05:30,13.78,13.78,13.77,13.78,386825
2026-08-17T14:40:00+05:30,13.78,13.79,13.77,13.79,598238
2026-08-17T14:41:00+05:30,13.79,13.79,13.78,13.79,215533
2026-08-17T14:42:00+05:30,13.79,13.79,13.78,13.79,127381
2026-08-17T14:43:00+05:30,13.79,13.8,13.78,13.8,1024834
2026-08-17T14:44:00+05:30,13.8,13.8,13.79,13.8,425822
2026-08-17T14:45:00+05:30,13.8,13.8,13.79,13.8,285165
2026-08-17T14:46:00+05:30,13.8,13.8,13.79,13.8,200278
2026-08-17T14:47:00+05:30,13.8,13.8,13.79,13.8,250585
2026-08-17T14:48:00+05:30,13.8,13.8,13.79,13.8,384486
2026-08-17T14:49:00+05:30,13.79,13.8,13.77,13.78,2135358
2026-08-17T14:50:00+05:30,13.78,13.78,13.77,13.78,300130
2026-08-17T14:51:00+05:30,13.78,13.78,13.76,13.77,689112
2026-08-17T14:52:00+05:30,13.77,13.77,13.76,13.77,274641
2026-08-17T14:53:00+05:30,13.77,13.77,13.75,13.76,2513927
2026-08-17T14:54:00+05:30,13.76,13.76,13.75,13.76,1018985
2026-08-17T14:55:00+05:30,13.76,13.77,13.75,13.76,1206909
2026-08-17T14:56:00+05:30,13.76,13.76,13.75,13.76,328864
2026-08-17T14:57:00+05:30,13.76,13.76,13.75,13.76,442987
2026-08-17T14:58:00+05:30,13.76,13.76,13.74,13.75,927391
2026-08-17T14:59:00+05:30,13.75,13.75,13.73,13.74,1203719
2026-08-17T15:00:00+05:30,13.74,13.74,13.72,13.73,1792828
2026-08-17T15:01:00+05:30,13.73,13.74,13.72,13.74,1793876
2026-08-17T15:02:00+05:30,13.74,13.75,13.73,13.74,2037748
2026-08-17T15:03:00+05:30,13.74,13.75,13.73,13.74,1755381
2026-08-17T15:04:00+05:30,13.74,13.74,13.73,13.74,1104549
2026-08-17T15:05:00+05:30,13.74,13.74,13.71,13.71,6254273
2026-08-17T15:06:00+05:30,13.73,13.73,13.72,13.73,2663127
2026-08-17T15:07:00+05:30,13.73,13.73,13.71,13.71,2960144
2026-08-17T15:08:00+05:30,13.71,13.73,13.71,13.72,2131983
2026-08-17T15:09:00+05:30,13.72,13.72,13.7,13.72,4741471
2026-08-17T15:10:00+05:30,13.72,13.72,13.71,13.72,2007030
2026-08-17T15:11:00+05:30,13.72,13.72,13.71,13.72,1005771
2026-08-17T15:12:00+05:30,13.72,13.72,13.66,13.7,12858135
2026-08-17T15:13:00+05:30,13.7,13.71,13.69,13.7,2550051
2026-08-17T15:14:00+05:30,13.7,13.72,13.69,13.72,1313874
2026-08-18T09:15:00+05:30,13.65,13.66,13.5,13.63,22183760
2026-08-18T09:16:00+05:30,13.63,13.64,13.55,13.58,12905709
2026-08-18T09:17:00+05:30,13.57,13.74,13.57,13.71,32070508
2026-08-18T09:18:00+05:30,13.7,13.71,13.61,13.62,7965755
2026-08-18T09:19:00+05:30,13.61,13.66,13.61,13.63,17766472
2026-08-18T09:20:00+05:30,13.6,13.66,13.59,13.6,29038729
2026-08-18T09:21:00+05:30,13.62,13.62,13.5,13.54,50644497
2026-08-18T09:22:00+05:30,13.52,13.7,13.52,13.69,19724876
2026-08-18T09:23:00+05:30,13.68,13.68,13.6,13.61,3290057
2026-08-18T09:24:00+05:30,13.61,13.7,13.6,13.67,11323719
2026-08-18T09:25:00+05:30,13.72,13.72,13.64,13.65,23219887
2026-08-18T09:26:00+05:30,13.66,13.7,13.65,13.7,4629228
2026-08-18T09:27:00+05:30,13.69,13.71,13.68,13.7,1788260
2026-08-18T09:28:00+05:30,13.68,13.72,13.68,13.72,3003079
2026-08-18T09:29:00+05:30,13.72,13.72,13.7,13.7,1469753
2026-08-18T09:30:00+05:30,13.69,13.69,13.68,13.68,660184
2026-08-18T09:31:00+05:30,13.68,13.7,13.68,13.69,2065700
2026-08-18T09:32:00+05:30,13.69,13.69,13.68,13.68,415989
2026-08-18T09:33:00+05:30,13.68,13.68,13.67,13.68,294990
2026-08-18T09:34:00+05:30,13.67,13.69,13.67,13.68,774178
2026-08-18T09:35:00+05:30,13.69,13.69,13.68,13.69,326589
2026-08-18T09:36:00+05:30,13.71,13.8,13.71,13.8,6397912
2026-08-18T09:37:00+05:30,13.78,13.79,13.76,13.77,1823281
2026-08-18T09:38:00+05:30,13.76,13.77,13.75,13.75,1236860
2026-08-18T09:39:00+05:30,13.75,13.79,13.75,13.79,1564116
2026-08-18T09:40:00+05:30,13.79,13.79,13.77,13.77,724834
2026-08-18T09:41:00+05:30,13.78,13.79,13.78,13.79,832021
2026-08-18T09:42:00+05:30,13.78,13.79,13.77,13.77,1921382
2026-08-18T09:43:00+05:30,13.77,13.78,13.76,13.77,696389
2026-08-18T09:44:00+05:30,13.77,13.8,13.77,13.79,4889232
2026-08-18T09:45:00+05:30,13.79,13.79,13.76,13.76,845805
2026-08-18T09:46:00+05:30,13.77,13.77,13.75,13.76,2256753
2026-08-18T09:47:00+05:30,13.76,13.77,13.75,13.75,795982
2026-08-18T09:48:00+05:30,13.76,13.76,13.75,13.76,281924
2026-08-18T09:49:00+05:30,13.75,13.78,13.75,13.78,816807
2026-08-18T09:50:00+05:30,13.78,13.79,13.77,13.77,666491
2026-08-18T09:51:00+05:30,13.78,13.78,13.76,13.76,343377
2026-08-18T09:52:00+05:30,13.77,13.77,13.75,13.76,340522
2026-08-18T09:53:00+05:30,13.77,13.77,13.75,13.76,595758
2026-08-18T09:54:00+05:30,13.76,13.76,13.74,13.75,865363
2026-08-18T09:55:00+05:30,13.74,13.75,13.72,13.73,884778
2026-08-18T09:56:00+05:30,13.72,13.8,13.72,13.8,5004967
2026-08-18T09:57:00+05:30,13.8,13.84,13.78,13.81,4743862
2026-08-18T09:58:00+05:30,13.82,13.82,13.78,13.81,1808900
2026-08-18T09:59:00+05:30,13.8,13.84,13.8,13.84,1434766
2026-08-18T10:00:00+05:30,13.84,13.86,13.83,13.85,3025468
2026-08-18T10:01:00+05:30,13.83,13.85,13.82,13.82,2107151
2026-08-18T10:02:00+05:30,13.82,13.83,13.82,13.82,406417
2026-08-18T10:03:00+05:30,13.83,13.83,13.8,13.8,839650
2026-08-18T10:04:00+05:30,13.81,13.82,13.8,13.82,649115
2026-08-18T10:05:00+05:30,13.81,13.84,13.81,13.82,1441079
2026-08-18T10:06:00+05:30,13.82,13.82,13.81,13.82,385687
2026-08-18T10:07:00+05:30,13.82,13.84,13.81,13.83,313891
2026-08-18T10:08:00+05:30,13.83,13.84,13.83,13.83,286384
2026-08-18T10:09:00+05:30,13.82,13.84,13.82,13.83,738799
2026-08-18T10:10:00+05:30,13.83,13.83,13.82,13.83,292345
2026-08-18T10:11:00+05:30,13.83,13.83,13.82,13.83,394575
2026-08-18T10:12:00+05:30,13.82,13.83,13.82,13.82,191725
2026-08-18T10:13:00+05:30,13.82,13.83,13.82,13.82,628505
2026-08-18T10:14:00+05:30,13.82,13.83,13.81,13.82,525092
2026-08-18T10:15:00+05:30,13.81,13.82,13.81,13.82,297477
2026-08-18T10:16:00+05:30,13.82,13.82,13.79,13.8,941231
2026-08-18T10:17:00+05:30,13.79,13.79,13.78,13.79,624619
2026-08-18T10:18:00+05:30,13.78,13.79,13.76,13.78,1119695
2026-08-18T10:19:00+05:30,13.77,13.78,13.77,13.77,155354
2026-08-18T10:20:00+05:30,13.78,13.78,13.74,13.75,2512836
2026-08-18T10:21:00+05:30,13.74,13.75,13.74,13.74,803613
2026-08-18T10:22:00+05:30,13.74,13.75,13.74,13.74,278006
2026-08-18T10:23:00+05:30,13.74,13.75,13.74,13.74,279142
2026-08-18T10:24:00+05:30,13.74,13.75,13.73,13.74,666661
2026-08-18T10:25:00+05:30,13.74,13.75,13.73,13.74,356122
2026-08-18T10:26:00+05:30,13.74,13.76,13.74,13.76,515607
2026-08-18T10:27:00+05:30,13.77,13.79,13.76,13.78,849631
2026-08-18T10:28:00+05:30,13.79,13.79,13.77,13.77,1209028
2026-08-18T10:29:00+05:30,13.77,13.78,13.75,13.76,412419
2026-08-18T10:30:00+05:30,13.76,13.77,13.75,13.77,136137
2026-08-18T10:31:00+05:30,13.77,13.77,13.76,13.77,107116
2026-08-18T10:32:00+05:30,13.77,13.77,13.76,13.76,123076
2026-08-18T10:33:00+05:30,13.76,13.77,13.76,13.77,455938
2026-08-18T10:34:00+05:30,13.76,13.77,13.76,13.76,113508
2026-08-18T10:35:00+05:30,13.77,13.77,13.76,13.76,79781
2026-08-18T10:36:00+05:30,13.76,13.77,13.76,13.76,600682
2026-08-18T10:37:00+05:30,13.76,13.76,13.75,13.76,56587
2026-08-18T10:38:00+05:30,13.75,13.76,13.75,13.76,113567
2026-08-18T10:39:00+05:30,13.76,13.76,13.75,13.76,150014
2026-08-18T10:40:00+05:30,13.76,13.76,13.75,13.76,171324
2026-08-18T10:41:00+05:30,13.75,13.76,13.75,13.75,251069
2026-08-18T10:42:00+05:30,13.76,13.76,13.75,13.76,111919
2026-08-18T10:43:00+05:30,13.75,13.76,13.75,13.75,330662
2026-08-18T10:44:00+05:30,13.76,13.77,13.75,13.76,91440
2026-08-18T10:45:00+05:30,13.76,13.77,13.76,13.76,481860
2026-08-18T10:46:00+05:30,13.77,13.77,13.76,13.76,157464
2026-08-18T10:47:00+05:30,13.76,13.77,13.76,13.76,797993
2026-08-18T10:48:00+05:30,13.75,13.77,13.75,13.77,363207
2026-08-18T10:49:00+05:30,13.76,13.77,13.76,13.76,111367
2026-08-18T10:50:00+05:30,13.77,13.77,13.76,13.76,72632
2026-08-18T10:51:00+05:30,13.77,13.77,13.76,13.76,573953
2026-08-18T10:52:00+05:30,13.75,13.77,13.75,13.77,501992
2026-08-18T10:53:00+05:30,13.77,13.78,13.76,13.78,715664
2026-08-18T10:54:00+05:30,13.77,13.78,13.77,13.77,176238
2026-08-18T10:55:00+05:30,13.77,13.82,13.77,13.82,1509192
2026-08-18T10:56:00+05:30,13.81,13.82,13.79,13.8,4777569
2026-08-18T10:57:00+05:30,13.79,13.8,13.77,13.77,676832
2026-08-18T10:58:00+05:30,13.78,13.8,13.77,13.8,829820
2026-08-18T10:59:00+05:30,13.8,13.8,13.78,13.79,390679
2026-08-18T11:00:00+05:30,13.79,13.8,13.78,13.79,287128
2026-08-18T11:01:00+05:30,13.79,13.79,13.78,13.78,207258
2026-08-18T11:02:00+05:30,13.79,13.79,13.77,13.77,409354
2026-08-18T11:03:00+05:30,13.77,13.79,13.77,13.78,173709
2026-08-18T11:04:00+05:30,13.79,13.79,13.77,13.77,367244
2026-08-18T11:05:00+05:30,13.78,13.79,13.77,13.79,1890829
2026-08-18T11:06:00+05:30,13.8,13.82,13.79,13.81,5149732
2026-08-18T11:07:00+05:30,13.81,13.81,13.8,13.81,183745
2026-08-18T11:08:00+05:30,13.8,13.8,13.79,13.8,205866
2026-08-18T11:09:00+05:30,13.8,13.8,13.79,13.8,111093
2026-08-18T11:10:00+05:30,13.79,13.8,13.78,13.78,348065
2026-08-18T11:11:00+05:30,13.79,13.79,13.77,13.78,342829
2026-08-18T11:12:00+05:30,13.77,13.78,13.77,13.78,148633
2026-08-18T11:13:00+05:30,13.78,13.78,13.77,13.77,63502
2026-08-18T11:14:00+05:30,13.77,13.78,13.77,13.78,262837
2026-08-18T11:15:00+05:30,13.78,13.78,13.76,13.77,318439
2026-08-18T11:16:00+05:30,13.77,13.77,13.76,13.76,91406
2026-08-18T11:17:00+05:30,13.77,13.77,13.76,13.77,325981
2026-08-18T11:18:00+05:30,13.77,13.79,13.77,13.77,726608
2026-08-18T11:19:00+05:30,13.77,13.82,13.77,13.81,2314985
2026-08-18T11:20:00+05:30,13.81,13.82,13.78,13.78,606283
2026-08-18T11:21:00+05:30,13.78,13.8,13.77,13.79,366431
2026-08-18T11:22:00+05:30,13.79,13.8,13.78,13.78,175987
2026-08-18T11:23:00+05:30,13.78,13.79,13.78,13.79,56779
2026-08-18T11:24:00+05:30,13.79,13.79,13.78,13.79,87309
2026-08-18T11:25:00+05:30,13.79,13.82,13.78,13.81,1176827
2026-08-18T11:26:00+05:30,13.81,13.82,13.8,13.8,269782
2026-08-18T11:27:00+05:30,13.8,13.81,13.8,13.81,180003
2026-08-18T11:28:00+05:30,13.81,13.83,13.8,13.83,2639768
2026-08-18T11:29:00+05:30,13.83,13.85,13.82,13.84,1673518
2026-08-18T11:30:00+05:30,13.84,13.85,13.82,13.84,833776
2026-08-18T11:31:00+05:30,13.84,13.84,13.82,13.84,747976
2026-08-18T11:32:00+05:30,13.82,13.85,13.82,13.83,878701
2026-08-18T11:33:00+05:30,13.83,13.85,13.83,13.83,439254
2026-08-18T11:34:00+05:30,13.83,13.88,13.83,13.85,8667697
2026-08-18T11:35:00+05:30,13.85,13.86,13.84,13.85,768027
2026-08-18T11:36:00+05:30,13.85,13.86,13.84,13.85,1162205
2026-08-18T11:37:00+05:30,13.85,13.86,13.84,13.85,220140
2026-08-18T11:38:00+05:30,13.85,13.85,13.83,13.83,704443
2026-08-18T11:39:00+05:30,13.84,13.84,13.83,13.84,78608
2026-08-18T11:40:00+05:30,13.84,13.84,13.81,13.82,884925
2026-08-18T11:41:00+05:30,13.82,13.82,13.81,13.81,309894
2026-08-18T11:42:00+05:30,13.81,13.82,13.81,13.82,82855
2026-08-18T11:43:00+05:30,13.82,13.82,13.81,13.82,156203
2026-08-18T11:44:00+05:30,13.81,13.82,13.8,13.81,677493
2026-08-18T11:45:00+05:30,13.81,13.83,13.81,13.82,571336
2026-08-18T11:46:00+05:30,13.82,13.83,13.82,13.82,175627
2026-08-18T11:47:00+05:30,13.82,13.83,13.82,13.82,149741
2026-08-18T11:48:00+05:30,13.82,13.83,13.82,13.82,94806
2026-08-18T11:49:00+05:30,13.82,13.83,13.8,13.81,431155
2026-08-18T11:50:00+05:30,13.81,13.82,13.81,13.82,273633
2026-08-18T11:51:00+05:30,13.82,13.83,13.81,13.83,278159
2026-08-18T11:52:00+05:30,13.83,13.83,13.81,13.82,473538
2026-08-18T11:53:00+05:30,13.82,13.82,13.81,13.82,88984
2026-08-18T11:54:00+05:30,13.82,13.82,13.81,13.82,163111
2026-08-18T11:55:00+05:30,13.82,13.82,13.81,13.82,156011
2026-08-18T11:56:00+05:30,13.82,13.83,13.81,13.82,313008
2026-08-18T11:57:00+05:30,13.81,13.83,13.81,13.82,327178
2026-08-18T11:58:00+05:30,13.81,13.82,13.81,13.82,89904
2026-08-18T11:59:00+05:30,13.82,13.82,13.81,13.82,74409
2026-08-18T12:00:00+05:30,13.82,13.82,13.79,13.79,1508725
2026-08-18T12:01:00+05:30,13.79,13.82,13.79,13.82,1186407
2026-08-18T12:02:00+05:30,13.82,13.82,13.81,13.82,739625
2026-08-18T12:03:00+05:30,13.81,13.82,13.81,13.82,100912
2026-08-18T12:04:00+05:30,13.82,13.82,13.81,13.81,131203
2026-08-18T12:05:00+05:30,13.81,13.83,13.81,13.82,515036
2026-08-18T12:06:00+05:30,13.82,13.83,13.82,13.83,99321
2026-08-18T12:07:00+05:30,13.83,13.84,13.82,13.84,451006
2026-08-18T12:08:00+05:30,13.84,13.84,13.83,13.84,126426
2026-08-18T12:09:00+05:30,13.84,13.86,13.83,13.85,5874061
2026-08-18T12:10:00+05:30,13.84,13.87,13.84,13.87,3500460
2026-08-18T12:11:00+05:30,13.86,13.87,13.86,13.87,345529
2026-08-18T12:12:00+05:30,13.87,13.87,13.86,13.87,247541
2026-08-18T12:13:00+05:30,13.87,13.87,13.86,13.86,281864
2026-08-18T12:14:00+05:30,13.86,13.88,13.86,13.88,2621401
2026-08-18T12:15:00+05:30,13.88,13.89,13.87,13.88,5635855
2026-08-18T12:16:00+05:30,13.87,13.88,13.86,13.86,742665
2026-08-18T12:17:00+05:30,13.87,13.87,13.86,13.87,727575
2026-08-18T12:18:00+05:30,13.86,13.88,13.86,13.87,432191
2026-08-18T12:19:00+05:30,13.87,13.88,13.87,13.87,496580
2026-08-18T12:20:00+05:30,13.87,13.88,13.86,13.88,455479
2026-08-18T12:21:00+05:30,13.88,13.88,13.86,13.87,209355
2026-08-18T12:22:00+05:30,13.86,13.88,13.86,13.88,526366
2026-08-18T12:23:00+05:30,13.87,13.88,13.87,13.88,266614
2026-08-18T12:24:00+05:30,13.88,13.88,13.87,13.88,396185
2026-08-18T12:25:00+05:30,13.87,13.88,13.87,13.87,217047
2026-08-18T12:26:00+05:30,13.87,13.88,13.87,13.87,650317
2026-08-18T12:27:00+05:30,13.88,13.89,13.87,13.89,3909147
2026-08-18T12:28:00+05:30,13.89,13.89,13.88,13.89,315931
2026-08-18T12:29:00+05:30,13.88,13.89,13.88,13.89,815514
2026-08-18T12:30:00+05:30,13.88,13.89,13.88,13.89,359038
2026-08-18T12:31:00+05:30,13.89,13.89,13.88,13.89,999148
2026-08-18T12:32:00+05:30,13.88,13.89,13.87,13.87,485270
2026-08-18T12:33:00+05:30,13.87,13.88,13.87,13.88,233778
2026-08-18T12:34:00+05:30,13.87,13.88,13.87,13.88,161395
2026-08-18T12:35:00+05:30,13.87,13.88,13.87,13.87,260509
2026-08-18T12:36:00+05:30,13.87,13.88,13.86,13.87,836038
2026-08-18T12:37:00+05:30,13.89,13.9,13.89,13.89,9281349
2026-08-18T12:38:00+05:30,13.88,13.89,13.88,13.89,167420
2026-08-18T12:39:00+05:30,13.89,13.89,13.88,13.89,398277
2026-08-18T12:40:00+05:30,13.88,13.89,13.87,13.87,310455
2026-08-18T12:41:00+05:30,13.87,13.89,13.87,13.89,196369
2026-08-18T12:42:00+05:30,13.88,13.89,13.87,13.87,220943
2026-08-18T12:43:00+05:30,13.87,13.89,13.87,13.89,328140
2026-08-18T12:44:00+05:30,13.89,13.89,13.88,13.89,311650
2026-08-18T12:45:00+05:30,13.88,13.89,13.88,13.89,82562
2026-08-18T12:46:00+05:30,13.89,13.89,13.88,13.89,101215
2026-08-18T12:47:00+05:30,13.88,13.93,13.88,13.91,7691930
2026-08-18T12:48:00+05:30,13.92,13.94,13.9,13.93,2642205
2026-08-18T12:49:00+05:30,13.93,13.96,13.93,13.95,3816471
2026-08-18T12:50:00+05:30,13.94,13.95,13.94,13.95,571891
2026-08-18T12:51:00+05:30,13.95,13.95,13.94,13.94,680990
2026-08-18T12:52:00+05:30,13.93,13.95,13.93,13.95,2137059
2026-08-18T12:53:00+05:30,13.95,13.95,13.93,13.93,3935241
2026-08-18T12:54:00+05:30,13.93,13.94,13.92,13.93,366729
2026-08-18T12:55:00+05:30,13.92,13.98,13.92,13.94,5469388
2026-08-18T12:56:00+05:30,13.94,13.95,13.94,13.94,257578
2026-08-18T12:57:00+05:30,13.94,13.98,13.94,13.98,2025599
2026-08-18T12:58:00+05:30,13.98,13.99,13.96,13.98,4240129
2026-08-18T12:59:00+05:30,13.98,13.99,13.96,13.96,1219091
2026-08-18T13:00:00+05:30,13.96,13.97,13.96,13.97,647263
2026-08-18T13:01:00+05:30,13.96,13.97,13.96,13.96,469561
2026-08-18T13:02:00+05:30,13.97,13.97,13.95,13.95,871921
2026-08-18T13:03:00+05:30,13.95,13.96,13.95,13.95,298412
2026-08-18T13:04:00+05:30,13.95,13.95,13.92,13.92,1063677
2026-08-18T13:05:00+05:30,13.92,13.92,13.9,13.91,1877295
2026-08-18T13:06:00+05:30,13.9,13.96,13.9,13.95,2172644
2026-08-18T13:07:00+05:30,13.94,13.96,13.94,13.96,526003
2026-08-18T13:08:00+05:30,13.95,13.98,13.95,13.97,5164610
2026-08-18T13:09:00+05:30,13.97,14,13.96,13.97,5258613
2026-08-18T13:10:00+05:30,13.96,14,13.96,14,9587209
2026-08-18T13:11:00+05:30,14,14,13.98,13.98,1352454
2026-08-18T13:12:00+05:30,13.98,13.99,13.97,13.98,779663
2026-08-18T13:13:00+05:30,13.97,13.99,13.97,13.98,702794
2026-08-18T13:14:00+05:30,13.99,13.99,13.98,13.98,488733
2026-08-18T13:15:00+05:30,13.99,14.03,13.98,14.02,6102569
2026-08-18T13:16:00+05:30,14.03,14.04,14.02,14.03,3434365
2026-08-18T13:17:00+05:30,14.03,14.14,14.02,14.13,22103200
2026-08-18T13:18:00+05:30,14.13,14.13,14.09,14.1,8862060
2026-08-18T13:19:00+05:30,14.09,14.1,14.04,14.05,5211891
2026-08-18T13:20:00+05:30,14.05,14.05,14.04,14.05,606686
2026-08-18T13:21:00+05:30,14.05,14.08,14.04,14.08,2905288
2026-08-18T13:22:00+05:30,14.07,14.08,14.05,14.06,1001691
2026-08-18T13:23:00+05:30,14.05,14.06,14.01,14.04,2067334
2026-08-18T13:24:00+05:30,14.05,14.11,14.03,14.1,6985365
2026-08-18T13:25:00+05:30,14.09,14.11,14.08,14.08,2637488
2026-08-18T13:26:00+05:30,14.09,14.15,14.07,14.14,9057339
2026-08-18T13:27:00+05:30,14.15,14.15,14.12,14.13,2698344
2026-08-18T13:28:00+05:30,14.13,14.18,14.13,14.13,7912609
2026-08-18T13:29:00+05:30,14.13,14.14,14.08,14.1,4737270
2026-08-18T13:30:00+05:30,14.1,14.1,14.08,14.08,1162619
2026-08-18T13:31:00+05:30,14.08,14.12,14.08,14.1,4220885
2026-08-18T13:32:00+05:30,14.1,14.13,14.09,14.13,5094387
2026-08-18T13:33:00+05:30,14.14,14.15,14.12,14.13,1448925
2026-08-18T13:34:00+05:30,14.14,14.14,14.12,14.13,1261464
2026-08-18T13:35:00+05:30,14.14,14.14,14.12,14.12,739891
2026-08-18T13:36:00+05:30,14.13,14.13,14.08,14.09,1619040
2026-08-18T13:37:00+05:30,14.1,14.1,14.07,14.09,1952111
2026-08-18T13:38:00+05:30,14.09,14.1,14.07,14.07,1082748
2026-08-18T13:39:00+05:30,14.08,14.08,14.07,14.07,516900
2026-08-18T13:40:00+05:30,14.07,14.08,14.07,14.07,483226
2026-08-18T13:41:00+05:30,14.07,14.08,14.07,14.07,348551
2026-08-18T13:42:00+05:30,14.07,14.08,14.02,14.03,4820159
2026-08-18T13:43:00+05:30,14.02,14.04,14.02,14.04,1788708
2026-08-18T13:44:00+05:30,14.04,14.04,14.02,14.04,373777
2026-08-18T13:45:00+05:30,14.03,14.04,14.01,14.02,2308858
2026-08-18T13:46:00+05:30,14.03,14.04,14.02,14.03,925946
2026-08-18T13:47:00+05:30,14.03,14.05,14.02,14.03,1184173
2026-08-18T13:48:00+05:30,14.02,14.03,14,14,1454778
2026-08-18T13:49:00+05:30,14,14.02,14,14.02,362192
2026-08-18T13:50:00+05:30,14.01,14.03,14.01,14.01,1211951
2026-08-18T13:51:00+05:30,14.01,14.03,14.01,14.03,244937
2026-08-18T13:52:00+05:30,14.02,14.03,13.99,14.01,2631098
2026-08-18T13:53:00+05:30,14,14.01,14,14.01,403497
2026-08-18T13:54:00+05:30,14,14.01,14,14.01,520166
2026-08-18T13:55:00+05:30,14,14.02,14,14.02,1416269
2026-08-18T13:56:00+05:30,14.02,14.03,13.98,14.03,1868985
2026-08-18T13:57:00+05:30,14.03,14.04,14.02,14.02,632607
2026-08-18T13:58:00+05:30,14.01,14.1,14.01,14.09,7483409
2026-08-18T13:59:00+05:30,14.08,14.09,14.06,14.06,1880443
2026-08-18T14:00:00+05:30,14.07,14.07,14.05,14.05,809784
2026-08-18T14:01:00+05:30,14.05,14.06,14.04,14.04,558125
2026-08-18T14:02:00+05:30,14.05,14.05,14.04,14.05,120546
2026-08-18T14:03:00+05:30,14.04,14.05,14.03,14.05,417642
2026-08-18T14:04:00+05:30,14.04,14.06,14.04,14.06,534920
2026-08-18T14:05:00+05:30,14.05,14.07,14.05,14.06,472603
2026-08-18T14:06:00+05:30,14.07,14.08,14.06,14.08,1164009
2026-08-18T14:07:00+05:30,14.08,14.08,14.06,14.07,1779337
2026-08-18T14:08:00+05:30,14.07,14.07,14.06,14.07,185423
2026-08-18T14:09:00+05:30,14.05,14.06,14.05,14.05,535420
2026-08-18T14:10:00+05:30,14.05,14.06,14.04,14.04,247025
2026-08-18T14:11:00+05:30,14.04,14.05,14.03,14.03,951319
2026-08-18T14:12:00+05:30,14.04,14.05,14.03,14.05,310734
2026-08-18T14:13:00+05:30,14.05,14.05,14.04,14.04,183617
2026-08-18T14:14:00+05:30,14.05,14.05,14.04,14.05,3658193
2026-08-18T14:15:00+05:30,14.05,14.05,14.04,14.05,354467
2026-08-18T14:16:00+05:30,14.04,14.07,14.03,14.06,3566182
2026-08-18T14:17:00+05:30,14.06,14.09,14.05,14.07,1631714
2026-08-18T14:18:00+05:30,14.07,14.07,14.06,14.07,234441
2026-08-18T14:19:00+05:30,14.07,14.07,14.06,14.07,322337
2026-08-18T14:20:00+05:30,14.07,14.07,14.06,14.07,374863
2026-08-18T14:21:00+05:30,14.07,14.07,14.05,14.05,425207
2026-08-18T14:22:00+05:30,14.06,14.06,14.05,14.06,338439
2026-08-18T14:23:00+05:30,14.06,14.07,14.05,14.05,657973
2026-08-18T14:24:00+05:30,14.06,14.11,14.05,14.1,3980682
2026-08-18T14:25:00+05:30,14.1,14.18,14.1,14.18,11158128
2026-08-18T14:26:00+05:30,14.17,14.19,14.16,14.18,5598694
2026-08-18T14:27:00+05:30,14.18,14.2,14.17,14.19,6474710
2026-08-18T14:28:00+05:30,14.19,14.28,14.17,14.26,14006238
2026-08-18T14:29:00+05:30,14.25,14.3,14.23,14.3,7493584
2026-08-18T14:30:00+05:30,14.29,14.31,14.27,14.28,7217843
2026-08-18T14:31:00+05:30,14.27,14.28,14.21,14.21,2770952
2026-08-18T14:32:00+05:30,14.21,14.25,14.21,14.23,3823711
2026-08-18T14:33:00+05:30,14.23,14.23,14.22,14.22,781569
2026-08-18T14:34:00+05:30,14.22,14.23,14.22,14.23,820486
2026-08-18T14:35:00+05:30,14.22,14.22,14.19,14.2,3948437
2026-08-18T14:36:00+05:30,14.2,14.21,14.19,14.21,1454488
2026-08-18T14:37:00+05:30,14.21,14.21,14.2,14.21,612897
2026-08-18T14:38:00+05:30,14.21,14.23,14.21,14.21,1339222
2026-08-18T14:39:00+05:30,14.21,14.24,14.21,14.24,1341871
2026-08-18T14:40:00+05:30,14.23,14.25,14.22,14.22,1608618
2026-08-18T14:41:00+05:30,14.22,14.24,14.22,14.23,637047
2026-08-18T14:42:00+05:30,14.23,14.24,14.23,14.23,387591
2026-08-18T14:43:00+05:30,14.24,14.24,14.22,14.24,3030937
2026-08-18T14:44:00+05:30,14.22,14.24,14.2,14.23,3179365
2026-08-18T14:45:00+05:30,14.22,14.24,14.2,14.22,1542666
2026-08-18T14:46:00+05:30,14.22,14.23,14.21,14.22,722860
2026-08-18T14:47:00+05:30,14.22,14.23,14.22,14.22,820245
2026-08-18T14:48:00+05:30,14.22,14.23,14.21,14.22,1964534
2026-08-18T14:49:00+05:30,14.22,14.23,14.21,14.22,1197160
2026-08-18T14:50:00+05:30,14.22,14.23,14.21,14.22,896541
2026-08-18T14:51:00+05:30,14.22,14.23,14.21,14.21,1272807
2026-08-18T14:52:00+05:30,14.22,14.22,14.2,14.2,1242144
2026-08-18T14:53:00+05:30,14.2,14.21,14.19,14.2,2787801
2026-08-18T14:54:00+05:30,14.2,14.2,14.18,14.19,1013807
2026-08-18T14:55:00+05:30,14.2,14.2,14.17,14.18,5218560
2026-08-18T14:56:00+05:30,14.18,14.18,14.16,14.18,1545538
2026-08-18T14:57:00+05:30,14.18,14.2,14.18,14.19,4495996
2026-08-18T14:58:00+05:30,14.2,14.2,14.17,14.19,3440092
2026-08-18T14:59:00+05:30,14.19,14.19,14.15,14.17,2676415
2026-08-18T15:00:00+05:30,14.17,14.17,14.15,14.17,3685096
2026-08-18T15:01:00+05:30,14.17,14.18,14.16,14.17,2051908
2026-08-18T15:02:00+05:30,14.17,14.18,14.14,14.15,4129467
2026-08-18T15:03:00+05:30,14.15,14.17,14.14,14.16,3902728
2026-08-18T15:04:00+05:30,14.16,14.17,14.15,14.16,1285797
2026-08-18T15:05:00+05:30,14.16,14.17,14.15,14.17,3063897
2026-08-18T15:06:00+05:30,14.17,14.18,14.13,14.13,5329497
2026-08-18T15:07:00+05:30,14.14,14.15,14.12,14.13,5397680
2026-08-18T15:08:00+05:30,14.13,14.13,14.11,14.11,1997711
2026-08-18T15:09:00+05:30,14.11,14.16,14.11,14.14,7713366
2026-08-18T15:10:00+05:30,14.14,14.15,14.11,14.12,2586330
2026-08-18T15:11:00+05:30,14.12,14.13,14.11,14.12,3126284
2026-08-18T15:12:00+05:30,14.12,14.17,14.11,14.14,12924136
2026-08-18T15:13:00+05:30,14.14,14.14,14.08,14.1,3933640
2026-08-18T15:14:00+05:30,14.1,14.1,14.09,14.09,623165
2026-08-19T09:15:00+05:30,14.12,14.12,14.06,14.09,3359927
2026-08-19T09:16:00+05:30,14.08,14.09,14.07,14.07,2691926
2026-08-19T09:17:00+05:30,14.07,14.1,14.07,14.09,4624094
2026-08-19T09:18:00+05:30,14.06,14.17,14.03,14.14,14734414
2026-08-19T09:19:00+05:30,14.15,14.16,14.12,14.13,3819310
2026-08-19T09:20:00+05:30,14.12,14.19,14.12,14.19,8202803
2026-08-19T09:21:00+05:30,14.18,14.22,14.17,14.17,14357604
2026-08-19T09:22:00+05:30,14.17,14.17,14.08,14.08,6693139
2026-08-19T09:23:00+05:30,14.09,14.09,14.05,14.05,4782740
2026-08-19T09:24:00+05:30,14.06,14.06,14.05,14.05,3004565
2026-08-19T09:25:00+05:30,14.05,14.05,14.03,14.04,2186877
2026-08-19T09:26:00+05:30,14.02,14.03,14.01,14.03,2611532
2026-08-19T09:27:00+05:30,14.02,14.04,14.02,14.04,1554804
2026-08-19T09:28:00+05:30,14.03,14.04,14.02,14.02,1476885
2026-08-19T09:29:00+05:30,14.03,14.04,14.02,14.03,1109005
2026-08-19T09:30:00+05:30,14.03,14.03,14.01,14.01,1746724
2026-08-19T09:31:00+05:30,14.02,14.03,14.02,14.02,633325
2026-08-19T09:32:00+05:30,14.02,14.05,14.02,14.05,1296859
2026-08-19T09:33:00+05:30,14.05,14.05,14.04,14.04,473123
2026-08-19T09:34:00+05:30,14.05,14.05,14.02,14.02,1554614
2026-08-19T09:35:00+05:30,14.03,14.04,14.03,14.04,473858
2026-08-19T09:36:00+05:30,14.04,14.04,14.01,14.02,1487965
2026-08-19T09:37:00+05:30,14.02,14.02,14,14.02,1964383
2026-08-19T09:38:00+05:30,14.02,14.02,14,14,569873
2026-08-19T09:39:00+05:30,14.01,14.02,14,14.01,805524
2026-08-19T09:40:00+05:30,14.02,14.02,13.98,13.98,3351923
2026-08-19T09:41:00+05:30,13.99,13.99,13.97,13.98,1669050
2026-08-19T09:42:00+05:30,13.99,13.99,13.97,13.98,260520
2026-08-19T09:43:00+05:30,13.98,14,13.97,14,1388161
2026-08-19T09:44:00+05:30,14.01,14.01,13.99,13.99,1712000
2026-08-19T09:45:00+05:30,14,14,13.99,13.99,478477
2026-08-19T09:46:00+05:30,13.99,14,13.98,13.98,265968
2026-08-19T09:47:00+05:30,13.98,13.99,13.98,13.99,344101
2026-08-19T09:48:00+05:30,13.99,14.01,13.98,14,1305665
2026-08-19T09:49:00+05:30,14.01,14.02,14,14.02,309297
2026-08-19T09:50:00+05:30,14.01,14.03,14.01,14.03,413473
2026-08-19T09:51:00+05:30,14.03,14.05,14.02,14.05,1354231
2026-08-19T09:52:00+05:30,14.05,14.05,14.03,14.04,1154631
2026-08-19T09:53:00+05:30,14.03,14.04,14.01,14.01,1019666
2026-08-19T09:54:00+05:30,14.02,14.02,14,14,658196
2026-08-19T09:55:00+05:30,14.01,14.01,14,14.01,361794
2026-08-19T09:56:00+05:30,14,14.04,14,14.03,1282140
2026-08-19T09:57:00+05:30,14.02,14.04,14.02,14.04,664222
2026-08-19T09:58:00+05:30,14.03,14.04,14.02,14.02,849852
2026-08-19T09:59:00+05:30,14.02,14.03,14.01,14.03,878557
2026-08-19T10:00:00+05:30,14.03,14.03,14.01,14.01,1825484
2026-08-19T10:01:00+05:30,14.01,14.02,14.01,14.01,250848
2026-08-19T10:02:00+05:30,14.02,14.02,13.99,14,1317658
2026-08-19T10:03:00+05:30,13.99,14,13.98,13.99,854784
2026-08-19T10:04:00+05:30,13.99,14,13.99,14,127489
2026-08-19T10:05:00+05:30,13.99,14,13.99,14,354518
2026-08-19T10:06:00+05:30,14,14,13.99,13.99,440110
2026-08-19T10:07:00+05:30,13.98,14,13.98,14,517230
2026-08-19T10:08:00+05:30,14,14,13.99,14,271891
2026-08-19T10:09:00+05:30,14,14,13.99,13.99,574426
2026-08-19T10:10:00+05:30,13.98,14.01,13.98,14.01,1839561
2026-08-19T10:11:00+05:30,14,14.01,14,14.01,101621
2026-08-19T10:12:00+05:30,14.01,14.02,14,14.02,325879
2026-08-19T10:13:00+05:30,14.01,14.02,14,14,255896
2026-08-19T10:14:00+05:30,14,14.01,14,14,108128
2026-08-19T10:15:00+05:30,14.01,14.01,14,14.01,158986
2026-08-19T10:16:00+05:30,14.01,14.01,13.99,13.99,1244871
2026-08-19T10:17:00+05:30,13.98,13.99,13.98,13.98,781869
2026-08-19T10:18:00+05:30,13.99,13.99,13.96,13.97,1568342
2026-08-19T10:19:00+05:30,13.97,13.97,13.96,13.96,503422
2026-08-19T10:20:00+05:30,13.96,13.97,13.95,13.96,1387129
2026-08-19T10:21:00+05:30,13.95,13.97,13.95,13.96,1163854
2026-08-19T10:22:00+05:30,13.97,13.98,13.97,13.97,527974
2026-08-19T10:23:00+05:30,13.97,13.99,13.97,13.98,670869
2026-08-19T10:24:00+05:30,13.97,13.98,13.97,13.98,491489
2026-08-19T10:25:00+05:30,13.97,13.98,13.97,13.97,183507
2026-08-19T10:26:00+05:30,13.97,13.98,13.96,13.97,264664
2026-08-19T10:27:00+05:30,13.97,13.97,13.96,13.96,118740
2026-08-19T10:28:00+05:30,13.97,13.97,13.96,13.97,203876
2026-08-19T10:29:00+05:30,13.97,13.97,13.96,13.96,377603
2026-08-19T10:30:00+05:30,13.97,13.97,13.96,13.97,180448
2026-08-19T10:31:00+05:30,13.97,13.97,13.96,13.96,169257
2026-08-19T10:32:00+05:30,13.97,13.97,13.96,13.97,238939
2026-08-19T10:33:00+05:30,13.98,13.98,13.97,13.97,75241
2026-08-19T10:34:00+05:30,13.98,13.98,13.93,13.93,3265927
2026-08-19T10:35:00+05:30,13.94,13.95,13.93,13.94,312416
2026-08-19T10:36:00+05:30,13.95,13.95,13.94,13.94,313754
2026-08-19T10:37:00+05:30,13.95,13.95,13.94,13.95,162235
2026-08-19T10:38:00+05:30,13.94,13.95,13.94,13.94,186269
2026-08-19T10:39:00+05:30,13.94,13.95,13.94,13.95,164917
2026-08-19T10:40:00+05:30,13.95,13.95,13.94,13.94,318396
2026-08-19T10:41:00+05:30,13.95,13.95,13.94,13.95,243326
2026-08-19T10:42:00+05:30,13.95,13.95,13.94,13.95,318263
2026-08-19T10:43:00+05:30,13.95,13.95,13.93,13.94,733391
2026-08-19T10:44:00+05:30,13.94,13.94,13.93,13.93,593990
2026-08-19T10:45:00+05:30,13.94,13.94,13.93,13.93,315843
2026-08-19T10:46:00+05:30,13.93,13.94,13.92,13.93,689767
2026-08-19T10:47:00+05:30,13.94,13.94,13.93,13.93,134149
2026-08-19T10:48:00+05:30,13.94,13.94,13.93,13.94,126627
2026-08-19T10:49:00+05:30,13.93,13.94,13.93,13.94,151816
2026-08-19T10:50:00+05:30,13.94,13.94,13.93,13.93,393825
2026-08-19T10:51:00+05:30,13.93,13.95,13.93,13.93,635093
2026-08-19T10:52:00+05:30,13.94,13.95,13.93,13.94,339563
2026-08-19T10:53:00+05:30,13.93,13.94,13.93,13.93,1462420
2026-08-19T10:54:00+05:30,13.93,13.93,13.92,13.93,209055
2026-08-19T10:55:00+05:30,13.93,13.94,13.92,13.93,1838286
2026-08-19T10:56:00+05:30,13.93,13.94,13.93,13.94,941896
2026-08-19T10:57:00+05:30,13.93,13.94,13.93,13.94,872605
2026-08-19T10:58:00+05:30,13.93,13.97,13.93,13.96,2955936
2026-08-19T10:59:00+05:30,13.95,13.96,13.94,13.94,1027312
2026-08-19T11:00:00+05:30,13.94,13.95,13.93,13.94,840680
2026-08-19T11:01:00+05:30,13.93,13.94,13.92,13.93,665498
2026-08-19T11:02:00+05:30,13.93,13.93,13.9,13.91,2167227
2026-08-19T11:03:00+05:30,13.91,13.91,13.9,13.91,258745
2026-08-19T11:04:00+05:30,13.9,13.91,13.9,13.9,234144
2026-08-19T11:05:00+05:30,13.91,13.91,13.9,13.91,603828
2026-08-19T11:06:00+05:30,13.91,13.91,13.89,13.9,1934564
2026-08-19T11:07:00+05:30,13.89,13.9,13.88,13.89,607942
2026-08-19T11:08:00+05:30,13.89,13.95,13.89,13.95,2950581
2026-08-19T11:09:00+05:30,13.94,13.96,13.94,13.96,486812
2026-08-19T11:10:00+05:30,13.95,13.96,13.93,13.94,967651
2026-08-19T11:11:00+05:30,13.93,13.94,13.93,13.94,57569
2026-08-19T11:12:00+05:30,13.93,13.94,13.93,13.93,229970
2026-08-19T11:13:00+05:30,13.93,13.94,13.92,13.94,819429
2026-08-19T11:14:00+05:30,13.94,13.95,13.93,13.95,223838
2026-08-19T11:15:00+05:30,13.95,13.95,13.94,13.94,384125
2026-08-19T11:16:00+05:30,13.95,13.95,13.93,13.94,270675
2026-08-19T11:17:00+05:30,13.94,13.95,13.93,13.93,246042
2026-08-19T11:18:00+05:30,13.93,13.95,13.93,13.94,97476
2026-08-19T11:19:00+05:30,13.94,13.95,13.93,13.94,273432
2026-08-19T11:20:00+05:30,13.93,13.96,13.93,13.94,710047
2026-08-19T11:21:00+05:30,13.93,13.97,13.93,13.97,846981
2026-08-19T11:22:00+05:30,13.96,13.97,13.95,13.96,417056
2026-08-19T11:23:00+05:30,13.95,13.96,13.94,13.96,997055
2026-08-19T11:24:00+05:30,13.96,13.96,13.95,13.95,107085
2026-08-19T11:25:00+05:30,13.95,13.96,13.95,13.95,65170
2026-08-19T11:26:00+05:30,13.95,13.96,13.94,13.94,136461
2026-08-19T11:27:00+05:30,13.94,13.95,13.94,13.95,174506
2026-08-19T11:28:00+05:30,13.95,13.95,13.94,13.94,10264
2026-08-19T11:29:00+05:30,13.95,13.95,13.94,13.95,63172
2026-08-19T11:30:00+05:30,13.95,13.95,13.94,13.94,99931
2026-08-19T11:31:00+05:30,13.95,13.95,13.94,13.95,126759
2026-08-19T11:32:00+05:30,13.95,13.95,13.93,13.94,288661
2026-08-19T11:33:00+05:30,13.94,13.94,13.92,13.93,395006
2026-08-19T11:34:00+05:30,13.93,13.94,13.92,13.94,216443
2026-08-19T11:35:00+05:30,13.94,13.95,13.92,13.93,1024220
2026-08-19T11:36:00+05:30,13.93,13.94,13.93,13.93,52921
2026-08-19T11:37:00+05:30,13.94,13.94,13.93,13.94,47250
2026-08-19T11:38:00+05:30,13.94,13.94,13.93,13.94,165115
2026-08-19T11:39:00+05:30,13.94,13.94,13.93,13.94,145692
2026-08-19T11:40:00+05:30,13.93,13.94,13.93,13.94,269366
2026-08-19T11:41:00+05:30,13.93,13.94,13.93,13.93,295938
2026-08-19T11:42:00+05:30,13.94,13.94,13.93,13.93,164414
2026-08-19T11:43:00+05:30,13.94,13.94,13.93,13.94,120470
2026-08-19T11:44:00+05:30,13.94,13.94,13.93,13.93,24101
2026-08-19T11:45:00+05:30,13.93,13.94,13.93,13.93,107667
2026-08-19T11:46:00+05:30,13.93,13.94,13.93,13.94,172707
2026-08-19T11:47:00+05:30,13.94,13.95,13.93,13.95,165785
2026-08-19T11:48:00+05:30,13.94,13.96,13.94,13.96,422086
2026-08-19T11:49:00+05:30,13.96,13.96,13.95,13.95,101893
2026-08-19T11:50:00+05:30,13.96,13.97,13.95,13.97,103393
2026-08-19T11:51:00+05:30,13.96,13.97,13.96,13.96,583142
2026-08-19T11:52:00+05:30,13.96,13.97,13.96,13.97,229923
2026-08-19T11:53:00+05:30,13.97,13.97,13.96,13.97,189142
2026-08-19T11:54:00+05:30,13.97,13.98,13.96,13.97,873451
2026-08-19T11:55:00+05:30,13.97,13.98,13.97,13.98,435698
2026-08-19T11:56:00+05:30,13.97,13.98,13.97,13.98,234158
2026-08-19T11:57:00+05:30,13.98,13.98,13.96,13.96,488708
2026-08-19T11:58:00+05:30,13.97,13.97,13.96,13.97,307067
2026-08-19T11:59:00+05:30,13.96,13.97,13.96,13.97,60813
2026-08-19T12:00:00+05:30,13.97,14.01,13.96,14.01,87227
2026-08-19T12:01:00+05:30,14.02,14.03,14,14.01,5008462
2026-08-19T12:02:00+05:30,14.02,14.08,14.01,14.07,3240117
2026-08-19T12:03:00+05:30,14.07,14.08,14.05,14.06,1882023
2026-08-19T12:04:00+05:30,14.06,14.07,14.05,14.06,655826
2026-08-19T12:05:00+05:30,14.06,14.06,14.05,14.06,1727150
2026-08-19T12:06:00+05:30,14.06,14.08,14.04,14.07,2849489
2026-08-19T12:07:00+05:30,14.07,14.08,14.06,14.06,412661
2026-08-19T12:08:00+05:30,14.06,14.07,14.06,14.06,358609
2026-08-19T12:09:00+05:30,14.06,14.07,14.06,14.06,896103
2026-08-19T12:10:00+05:30,14.06,14.08,14.05,14.07,1867557
2026-08-19T12:11:00+05:30,14.08,14.08,14.06,14.08,412869
2026-08-19T12:12:00+05:30,14.08,14.09,14.07,14.09,1243198
2026-08-19T12:13:00+05:30,14.09,14.13,14.08,14.12,4410219
2026-08-19T12:14:00+05:30,14.11,14.12,14.1,14.12,1117152
2026-08-19T12:15:00+05:30,14.12,14.12,14.1,14.11,727926
2026-08-19T12:16:00+05:30,14.1,14.11,14.09,14.09,1033393
2026-08-19T12:17:00+05:30,14.09,14.1,14.09,14.1,881052
2026-08-19T12:18:00+05:30,14.1,14.1,14.09,14.09,324619
2026-08-19T12:19:00+05:30,14.09,14.1,14.09,14.1,246466
2026-08-19T12:20:00+05:30,14.1,14.1,14.08,14.09,510598
2026-08-19T12:21:00+05:30,14.09,14.09,14.08,14.08,813065
2026-08-19T12:22:00+05:30,14.08,14.1,14.08,14.1,1423605
2026-08-19T12:23:00+05:30,14.09,14.1,14.08,14.09,765950
2026-08-19T12:24:00+05:30,14.08,14.1,14.08,14.08,94761
2026-08-19T12:25:00+05:30,14.09,14.09,14.08,14.09,196410
2026-08-19T12:26:00+05:30,14.09,14.09,14.08,14.09,162957
2026-08-19T12:27:00+05:30,14.09,14.12,14.08,14.1,1982646
2026-08-19T12:28:00+05:30,14.11,14.12,14.09,14.09,1076439
2026-08-19T12:29:00+05:30,14.09,14.1,14.08,14.08,328574
2026-08-19T12:30:00+05:30,14.08,14.09,14.08,14.08,154557
2026-08-19T12:31:00+05:30,14.08,14.09,14.07,14.08,524890
2026-08-19T12:32:00+05:30,14.08,14.08,14.07,14.07,102810
2026-08-19T12:33:00+05:30,14.07,14.08,14.07,14.07,195613
2026-08-19T12:34:00+05:30,14.07,14.09,14.07,14.08,570652
2026-08-19T12:35:00+05:30,14.08,14.09,14.08,14.09,255396
2026-08-19T12:36:00+05:30,14.09,14.09,14.08,14.08,58279
2026-08-19T12:37:00+05:30,14.08,14.1,14.08,14.1,305713
2026-08-19T12:38:00+05:30,14.1,14.1,14.08,14.08,306737
2026-08-19T12:39:00+05:30,14.08,14.09,14.08,14.08,168919
2026-08-19T12:40:00+05:30,14.08,14.09,14.08,14.08,623525
2026-08-19T12:41:00+05:30,14.08,14.09,14.08,14.09,227357
2026-08-19T12:42:00+05:30,14.09,14.11,14.08,14.11,2514833
2026-08-19T12:43:00+05:30,14.11,14.11,14.1,14.11,132878
2026-08-19T12:44:00+05:30,14.1,14.12,14.1,14.12,858765
2026-08-19T12:45:00+05:30,14.11,14.12,14.1,14.11,418202
2026-08-19T12:46:00+05:30,14.11,14.11,14.1,14.1,1000302
2026-08-19T12:47:00+05:30,14.1,14.1,14.09,14.1,148643
2026-08-19T12:48:00+05:30,14.1,14.1,14.09,14.1,77897
2026-08-19T12:49:00+05:30,14.1,14.1,14.09,14.09,84880
2026-08-19T12:50:00+05:30,14.1,14.1,14.09,14.1,258851
2026-08-19T12:51:00+05:30,14.1,14.13,14.09,14.13,1746502
2026-08-19T12:52:00+05:30,14.13,14.13,14.12,14.13,344131
2026-08-19T12:53:00+05:30,14.13,14.16,14.12,14.14,3653367
2026-08-19T12:54:00+05:30,14.15,14.15,14.13,14.14,822452
2026-08-19T12:55:00+05:30,14.13,14.14,14.13,14.14,525855
2026-08-19T12:56:00+05:30,14.14,14.14,14.13,14.14,295514
2026-08-19T12:57:00+05:30,14.13,14.13,14.12,14.13,517970
2026-08-19T12:58:00+05:30,14.13,14.14,14.12,14.13,701722
2026-08-19T12:59:00+05:30,14.13,14.15,14.13,14.14,708790
2026-08-19T13:00:00+05:30,14.14,14.16,14.14,14.16,906768
2026-08-19T13:01:00+05:30,14.16,14.17,14.15,14.16,659373
2026-08-19T13:02:00+05:30,14.16,14.18,14.16,14.17,2094586
2026-08-19T13:03:00+05:30,14.16,14.17,14.16,14.16,786508
2026-08-19T13:04:00+05:30,14.17,14.18,14.17,14.18,936400
2026-08-19T13:05:00+05:30,14.18,14.18,14.15,14.16,1454388
2026-08-19T13:06:00+05:30,14.16,14.16,14.15,14.16,360724
2026-08-19T13:07:00+05:30,14.15,14.16,14.15,14.16,253221
2026-08-19T13:08:00+05:30,14.16,14.16,14.14,14.16,1266961
2026-08-19T13:09:00+05:30,14.15,14.16,14.14,14.15,345969
2026-08-19T13:10:00+05:30,14.16,14.16,14.14,14.15,547657
2026-08-19T13:11:00+05:30,14.14,14.15,14.14,14.15,252570
2026-08-19T13:12:00+05:30,14.15,14.15,14.14,14.15,170868
2026-08-19T13:13:00+05:30,14.14,14.15,14.13,14.14,551089
2026-08-19T13:14:00+05:30,14.13,14.14,14.13,14.13,486484
2026-08-19T13:15:00+05:30,14.13,14.14,14.13,14.13,480284
2026-08-19T13:16:00+05:30,14.12,14.13,14.12,14.13,295807
2026-08-19T13:17:00+05:30,14.13,14.13,14.12,14.12,307860
2026-08-19T13:18:00+05:30,14.12,14.13,14.11,14.12,309957
2026-08-19T13:19:00+05:30,14.11,14.12,14.11,14.12,162460
2026-08-19T13:20:00+05:30,14.11,14.12,14.1,14.1,1834034
2026-08-19T13:21:00+05:30,14.1,14.11,14.1,14.11,457415
2026-08-19T13:22:00+05:30,14.1,14.1,14.08,14.09,1054425
2026-08-19T13:23:00+05:30,14.08,14.1,14.08,14.09,1964280
2026-08-19T13:24:00+05:30,14.09,14.1,14.08,14.09,839954
2026-08-19T13:25:00+05:30,14.09,14.1,14.09,14.09,381037
2026-08-19T13:26:00+05:30,14.1,14.1,14.09,14.1,97239
2026-08-19T13:27:00+05:30,14.1,14.1,14.09,14.1,309581
2026-08-19T13:28:00+05:30,14.09,14.1,14.09,14.09,380706
2026-08-19T13:29:00+05:30,14.09,14.1,14.09,14.09,267985
2026-08-19T13:30:00+05:30,14.09,14.1,14.09,14.1,113537
2026-08-19T13:31:00+05:30,14.09,14.1,14.09,14.1,142430
2026-08-19T13:32:00+05:30,14.09,14.1,14.09,14.1,586969
2026-08-19T13:33:00+05:30,14.1,14.1,14.09,14.1,133304
2026-08-19T13:34:00+05:30,14.09,14.1,14.08,14.09,832608
2026-08-19T13:35:00+05:30,14.09,14.09,14.08,14.09,407878
2026-08-19T13:36:00+05:30,14.08,14.09,14.08,14.09,172049
2026-08-19T13:37:00+05:30,14.08,14.09,14.08,14.09,142962
2026-08-19T13:38:00+05:30,14.09,14.09,14.08,14.08,91241
2026-08-19T13:39:00+05:30,14.09,14.09,14.08,14.09,189624
2026-08-19T13:40:00+05:30,14.09,14.09,14.08,14.09,244979
2026-08-19T13:41:00+05:30,14.09,14.09,14.08,14.09,272023
2026-08-19T13:42:00+05:30,14.09,14.1,14.08,14.09,457632
2026-08-19T13:43:00+05:30,14.09,14.09,14.08,14.09,152571
2026-08-19T13:44:00+05:30,14.09,14.1,14.08,14.1,278250
2026-08-19T13:45:00+05:30,14.09,14.11,14.09,14.1,695459
2026-08-19T13:46:00+05:30,14.11,14.11,14.09,14.11,872107
2026-08-19T13:47:00+05:30,14.1,14.12,14.1,14.12,501299
2026-08-19T13:48:00+05:30,14.11,14.12,14.1,14.1,335095
2026-08-19T13:49:00+05:30,14.11,14.11,14.09,14.1,676969
2026-08-19T13:50:00+05:30,14.09,14.11,14.09,14.1,453122
2026-08-19T13:51:00+05:30,14.11,14.11,14.09,14.1,759264
2026-08-19T13:52:00+05:30,14.1,14.1,14.09,14.1,55421
2026-08-19T13:53:00+05:30,14.09,14.11,14.09,14.11,574072
2026-08-19T13:54:00+05:30,14.11,14.11,14.1,14.1,163824
2026-08-19T13:55:00+05:30,14.09,14.11,14.09,14.11,298286
2026-08-19T13:56:00+05:30,14.11,14.11,14.09,14.1,501788
2026-08-19T13:57:00+05:30,14.1,14.1,14.07,14.08,1689465
2026-08-19T13:58:00+05:30,14.07,14.08,14.06,14.07,970082
2026-08-19T13:59:00+05:30,14.07,14.07,14.06,14.07,670011
2026-08-19T14:00:00+05:30,14.07,14.07,14.06,14.07,672413
2026-08-19T14:01:00+05:30,14.07,14.08,14.06,14.07,892758
2026-08-19T14:02:00+05:30,14.07,14.08,14.07,14.08,449707
2026-08-19T14:03:00+05:30,14.07,14.08,14.07,14.08,53731
2026-08-19T14:04:00+05:30,14.08,14.08,14.07,14.08,142768
2026-08-19T14:05:00+05:30,14.07,14.08,14.07,14.08,159263
2026-08-19T14:06:00+05:30,14.07,14.08,14.07,14.07,145465
2026-08-19T14:07:00+05:30,14.08,14.08,14.07,14.08,18329
2026-08-19T14:08:00+05:30,14.07,14.08,14.07,14.08,88679
2026-08-19T14:09:00+05:30,14.08,14.08,14.07,14.08,122158
2026-08-19T14:10:00+05:30,14.08,14.08,14.07,14.07,107637
2026-08-19T14:11:00+05:30,14.08,14.08,14.07,14.08,58423
2026-08-19T14:12:00+05:30,14.08,14.08,14.07,14.08,64182
2026-08-19T14:13:00+05:30,14.07,14.08,14.07,14.08,134444
2026-08-19T14:14:00+05:30,14.08,14.08,14.06,14.06,792466
2026-08-19T14:15:00+05:30,14.07,14.07,14.06,14.06,124021
2026-08-19T14:16:00+05:30,14.07,14.07,14.05,14.06,390063
2026-08-19T14:17:00+05:30,14.05,14.06,14.05,14.05,572439
2026-08-19T14:18:00+05:30,14.05,14.06,14.05,14.06,113694
2026-08-19T14:19:00+05:30,14.06,14.06,14.05,14.06,136100
2026-08-19T14:20:00+05:30,14.05,14.06,14.05,14.05,680226
2026-08-19T14:21:00+05:30,14.06,14.06,14.05,14.06,252915
2026-08-19T14:22:00+05:30,14.05,14.06,14.04,14.05,1138111
2026-08-19T14:23:00+05:30,14.04,14.05,14.03,14.04,1336287
2026-08-19T14:24:00+05:30,14.03,14.05,14.03,14.05,1635075
2026-08-19T14:25:00+05:30,14.05,14.05,14.04,14.05,181853
2026-08-19T14:26:00+05:30,14.05,14.05,14.04,14.05,243408
2026-08-19T14:27:00+05:30,14.05,14.05,14.04,14.04,249727
2026-08-19T14:28:00+05:30,14.05,14.05,14.04,14.04,129795
2026-08-19T14:29:00+05:30,14.05,14.05,14.04,14.04,165003
2026-08-19T14:30:00+05:30,14.05,14.06,14.04,14.06,1139375
2026-08-19T14:31:00+05:30,14.05,14.07,14.05,14.06,573212
2026-08-19T14:32:00+05:30,14.07,14.07,14.06,14.07,116211
2026-08-19T14:33:00+05:30,14.07,14.07,14.06,14.07,295418
2026-08-19T14:34:00+05:30,14.06,14.07,14.06,14.07,505721
2026-08-19T14:35:00+05:30,14.06,14.09,14.06,14.09,1036645
2026-08-19T14:36:00+05:30,14.09,14.1,14.08,14.09,596089
2026-08-19T14:37:00+05:30,14.09,14.09,14.08,14.08,265595
2026-08-19T14:38:00+05:30,14.08,14.09,14.07,14.08,607910
2026-08-19T14:39:00+05:30,14.07,14.08,14.07,14.07,18915
2026-08-19T14:40:00+05:30,14.07,14.08,14.06,14.07,373077
2026-08-19T14:41:00+05:30,14.06,14.07,14.06,14.06,143491
2026-08-19T14:42:00+05:30,14.07,14.07,14.06,14.07,492263
2026-08-19T14:43:00+05:30,14.06,14.07,14.06,14.06,344516
2026-08-19T14:44:00+05:30,14.07,14.07,14.05,14.07,929976
2026-08-19T14:45:00+05:30,14.07,14.07,14.06,14.06,207215
2026-08-19T14:46:00+05:30,14.07,14.07,14.06,14.06,173552
2026-08-19T14:47:00+05:30,14.07,14.07,14.05,14.06,152243
2026-08-19T14:48:00+05:30,14.06,14.07,14.05,14.05,218810
2026-08-19T14:49:00+05:30,14.06,14.08,14.05,14.07,1614915
2026-08-19T14:50:00+05:30,14.07,14.08,14.05,14.08,1413366
2026-08-19T14:51:00+05:30,14.07,14.08,14.06,14.06,514007
2026-08-19T14:52:00+05:30,14.07,14.07,14.06,14.07,205887
2026-08-19T14:53:00+05:30,14.06,14.08,14.06,14.07,1670130
2026-08-19T14:54:00+05:30,14.06,14.08,14.06,14.07,383471
2026-08-19T14:55:00+05:30,14.07,14.07,14.06,14.06,264484
2026-08-19T14:56:00+05:30,14.06,14.07,14.06,14.07,233712
2026-08-19T14:57:00+05:30,14.07,14.07,14.06,14.06,297660
2026-08-19T14:58:00+05:30,14.07,14.07,14.06,14.07,560604
2026-08-19T14:59:00+05:30,14.06,14.07,14.05,14.05,637909
2026-08-19T15:00:00+05:30,14.06,14.06,14.05,14.06,729112
2026-08-19T15:01:00+05:30,14.06,14.06,14.05,14.05,551004
2026-08-19T15:02:00+05:30,14.05,14.06,14.05,14.06,731508
2026-08-19T15:03:00+05:30,14.05,14.06,14.05,14.05,872797
2026-08-19T15:04:00+05:30,14.05,14.06,14.04,14.05,1718030
2026-08-19T15:05:00+05:30,14.05,14.05,14.03,14.03,3557280
2026-08-19T15:06:00+05:30,14.03,14.04,14.02,14.02,2647006
2026-08-19T15:07:00+05:30,14.02,14.04,14.02,14.04,1341630
2026-08-19T15:08:00+05:30,14.03,14.05,14.03,14.04,702286
2026-08-19T15:09:00+05:30,14.05,14.05,14.03,14.04,2730884
2026-08-19T15:10:00+05:30,14.04,14.05,14.03,14.03,1497187
2026-08-19T15:11:00+05:30,14.03,14.08,14.03,14.08,6370472
2026-08-19T15:12:00+05:30,14.07,14.09,14.06,14.07,5388027
2026-08-19T15:13:00+05:30,14.07,14.07,14.06,14.07,830702
2026-08-19T15:14:00+05:30,14.06,14.07,14.06,14.06,625138
2026-08-20T09:15:00+05:30,14.14,14.19,14.09,14.18,7881097
2026-08-20T09:16:00+05:30,14.17,14.18,14.16,14.17,4795970
2026-08-20T09:17:00+05:30,14.16,14.16,14.11,14.12,5114529
2026-08-20T09:18:00+05:30,14.12,14.13,14.11,14.11,1615426
2026-08-20T09:19:00+05:30,14.12,14.13,14.08,14.08,3831813
2026-08-20T09:20:00+05:30,14.08,14.1,14.07,14.1,4379289
2026-08-20T09:21:00+05:30,14.1,14.1,14.08,14.09,2945395
2026-08-20T09:22:00+05:30,14.09,14.11,14.08,14.1,2553164
2026-08-20T09:23:00+05:30,14.11,14.12,14.1,14.12,830573
2026-08-20T09:24:00+05:30,14.12,14.13,14.11,14.13,4440673
2026-08-20T09:25:00+05:30,14.12,14.12,14.09,14.1,3952571
2026-08-20T09:26:00+05:30,14.1,14.11,14.09,14.1,772650
2026-08-20T09:27:00+05:30,14.1,14.11,14.07,14.07,2288439
2026-08-20T09:28:00+05:30,14.08,14.09,14.07,14.09,788644
2026-08-20T09:29:00+05:30,14.09,14.09,14.05,14.07,2558114
2026-08-20T09:30:00+05:30,14.07,14.08,14.07,14.07,468158
2026-08-20T09:31:00+05:30,14.08,14.08,14.07,14.07,762143
2026-08-20T09:32:00+05:30,14.08,14.08,14.07,14.07,468954
2026-08-20T09:33:00+05:30,14.06,14.08,14.06,14.08,481561
2026-08-20T09:34:00+05:30,14.08,14.08,14.06,14.07,1368644
2026-08-20T09:35:00+05:30,14.07,14.08,14.06,14.08,420490
2026-08-20T09:36:00+05:30,14.08,14.08,14.07,14.07,1018476
2026-08-20T09:37:00+05:30,14.07,14.07,14.05,14.05,2052383
2026-08-20T09:38:00+05:30,14.05,14.06,14.04,14.04,1285470
2026-08-20T09:39:00+05:30,14.04,14.05,14.04,14.05,727383
2026-08-20T09:40:00+05:30,14.05,14.05,14.04,14.05,450420
2026-08-20T09:41:00+05:30,14.04,14.05,14.03,14.04,2018925
2026-08-20T09:42:00+05:30,14.04,14.05,14.03,14.05,837429
2026-08-20T09:43:00+05:30,14.04,14.04,14.03,14.04,1148336
2026-08-20T09:44:00+05:30,14.04,14.04,14.03,14.04,279544
2026-08-20T09:45:00+05:30,14.03,14.04,14.02,14.03,997462
2026-08-20T09:46:00+05:30,14.03,14.04,14.02,14.04,393805
2026-08-20T09:47:00+05:30,14.04,14.04,14.03,14.03,614173
2026-08-20T09:48:00+05:30,14.03,14.04,14.02,14.03,555285
2026-08-20T09:49:00+05:30,14.03,14.03,14.01,14.02,1404084
2026-08-20T09:50:00+05:30,14.02,14.02,14.01,14.01,454940
2026-08-20T09:51:00+05:30,14.02,14.02,14.01,14.01,363642
2026-08-20T09:52:00+05:30,14.01,14.02,14.01,14.02,718792
2026-08-20T09:53:00+05:30,14.02,14.02,14,14,1059338
2026-08-20T09:54:00+05:30,14.01,14.02,14,14.01,675136
2026-08-20T09:55:00+05:30,14.01,14.02,14.01,14.02,561591
2026-08-20T09:56:00+05:30,14.02,14.03,14.01,14.02,279555
2026-08-20T09:57:00+05:30,14.02,14.03,14.02,14.03,997423
2026-08-20T09:58:00+05:30,14.03,14.03,14,14.01,2462543
2026-08-20T09:59:00+05:30,14.02,14.02,14.01,14.02,226181
2026-08-20T10:00:00+05:30,14.01,14.02,14.01,14.02,531299
2026-08-20T10:01:00+05:30,14.02,14.02,14,14.01,754823
2026-08-20T10:02:00+05:30,14.01,14.01,14,14,263606
2026-08-20T10:03:00+05:30,14,14.01,14,14.01,704738
2026-08-20T10:04:00+05:30,14.01,14.01,14,14.01,516814
2026-08-20T10:05:00+05:30,14.02,14.02,14,14,649044
2026-08-20T10:06:00+05:30,14.01,14.01,14,14.01,246247
2026-08-20T10:07:00+05:30,14,14,13.98,13.98,4342603
2026-08-20T10:08:00+05:30,13.99,13.99,13.97,13.98,1050089
2026-08-20T10:09:00+05:30,13.99,14,13.98,13.99,937485
2026-08-20T10:10:00+05:30,13.99,14,13.98,14,459381
2026-08-20T10:11:00+05:30,14,14.02,14,14.02,770282
2026-08-20T10:12:00+05:30,14.02,14.02,14.01,14.02,350630
2026-08-20T10:13:00+05:30,14.02,14.03,14,14.01,532400
2026-08-20T10:14:00+05:30,14.01,14.02,14,14.02,195014
2026-08-20T10:15:00+05:30,14.02,14.02,14.01,14.02,398377
2026-08-20T10:16:00+05:30,14.02,14.03,13.99,13.99,1184709
2026-08-20T10:17:00+05:30,14,14.01,13.99,14.01,334144
2026-08-20T10:18:00+05:30,14.01,14.01,14,14,215511
2026-08-20T10:19:00+05:30,14.01,14.02,14,14.01,287600
2026-08-20T10:20:00+05:30,14.01,14.02,14.01,14.01,355189
2026-08-20T10:21:00+05:30,14.01,14.03,14.01,14.03,376195
2026-08-20T10:22:00+05:30,14.02,14.03,14.02,14.03,119047
2026-08-20T10:23:00+05:30,14.02,14.03,14.02,14.03,328836
2026-08-20T10:24:00+05:30,14.02,14.03,14.02,14.02,207687
2026-08-20T10:25:00+05:30,14.02,14.03,14.02,14.02,569161
2026-08-20T10:26:00+05:30,14.03,14.04,14.02,14.04,701573
2026-08-20T10:27:00+05:30,14.04,14.04,14.03,14.04,413600
2026-08-20T10:28:00+05:30,14.04,14.04,14.02,14.03,467191
2026-08-20T10:29:00+05:30,14.03,14.03,14.02,14.02,105467
2026-08-20T10:30:00+05:30,14.03,14.03,14.02,14.02,193451
2026-08-20T10:31:00+05:30,14.02,14.03,14.01,14.01,689107
2026-08-20T10:32:00+05:30,14.02,14.02,14,14.02,649521
2026-08-20T10:33:00+05:30,14.01,14.03,14.01,14.02,233739
2026-08-20T10:34:00+05:30,14.02,14.03,14.02,14.02,73404
2026-08-20T10:35:00+05:30,14.02,14.03,14.02,14.03,225308
2026-08-20T10:36:00+05:30,14.03,14.03,14.02,14.02,159717
2026-08-20T10:37:00+05:30,14.02,14.03,14.02,14.02,168994
2026-08-20T10:38:00+05:30,14.03,14.03,14.02,14.03,98876
2026-08-20T10:39:00+05:30,14.02,14.03,14.02,14.02,79331
2026-08-20T10:40:00+05:30,14.03,14.03,14.01,14.02,582831
2026-08-20T10:41:00+05:30,14.02,14.02,14.01,14.02,63004
2026-08-20T10:42:00+05:30,14.02,14.03,14.01,14.03,664255
2026-08-20T10:43:00+05:30,14.04,14.05,14.03,14.04,677776
2026-08-20T10:44:00+05:30,14.05,14.05,14.04,14.04,249580
2026-08-20T10:45:00+05:30,14.03,14.05,14.03,14.05,395585
2026-08-20T10:46:00+05:30,14.05,14.05,14.04,14.05,190354
2026-08-20T10:47:00+05:30,14.04,14.05,14.04,14.04,332761
2026-08-20T10:48:00+05:30,14.04,14.05,14.03,14.04,285880
2026-08-20T10:49:00+05:30,14.04,14.04,14.03,14.03,187789
2026-08-20T10:50:00+05:30,14.04,14.04,14.03,14.03,78087
2026-08-20T10:51:00+05:30,14.04,14.04,14.03,14.03,156181
2026-08-20T10:52:00+05:30,14.04,14.04,14.02,14.02,992625
2026-08-20T10:53:00+05:30,14.02,14.03,14.01,14.03,837491
2026-08-20T10:54:00+05:30,14.03,14.04,14.03,14.04,97905
2026-08-20T10:55:00+05:30,14.04,14.04,14.03,14.04,66703
2026-08-20T10:56:00+05:30,14.04,14.04,14.03,14.04,76968
2026-08-20T10:57:00+05:30,14.03,14.04,14.03,14.04,603084
2026-08-20T10:58:00+05:30,14.03,14.04,14.03,14.04,470566
2026-08-20T10:59:00+05:30,14.03,14.04,14.03,14.04,625414
2026-08-20T11:00:00+05:30,14.04,14.04,14.03,14.03,172356
2026-08-20T11:01:00+05:30,14.04,14.04,14.02,14.03,215553
2026-08-20T11:02:00+05:30,14.03,14.04,14.02,14.04,151873
2026-08-20T11:03:00+05:30,14.04,14.04,14.02,14.02,652398
2026-08-20T11:04:00+05:30,14.03,14.04,14.02,14.03,58766
2026-08-20T11:05:00+05:30,14.04,14.04,14.03,14.04,197432
2026-08-20T11:06:00+05:30,14.04,14.04,14.03,14.03,113040
2026-08-20T11:07:00+05:30,14.03,14.04,14.03,14.03,72537
2026-08-20T11:08:00+05:30,14.03,14.04,14.03,14.04,52396
2026-08-20T11:09:00+05:30,14.03,14.04,14.03,14.04,133700
2026-08-20T11:10:00+05:30,14.03,14.04,14.03,14.04,61073
2026-08-20T11:11:00+05:30,14.04,14.04,14.03,14.04,94840
2026-08-20T11:12:00+05:30,14.03,14.04,14.03,14.04,95005
2026-08-20T11:13:00+05:30,14.03,14.04,14.03,14.04,142993
2026-08-20T11:14:00+05:30,14.03,14.04,14.03,14.04,91429
2026-08-20T11:15:00+05:30,14.04,14.04,14.03,14.04,44536
2026-08-20T11:16:00+05:30,14.04,14.04,14.03,14.04,91596
2026-08-20T11:17:00+05:30,14.03,14.04,14.03,14.03,38998
2026-08-20T11:18:00+05:30,14.04,14.04,14.03,14.04,228323
2026-08-20T11:19:00+05:30,14.04,14.04,14.03,14.04,173924
2026-08-20T11:20:00+05:30,14.03,14.04,14.02,14.03,573846
2026-08-20T11:21:00+05:30,14.03,14.03,14.02,14.03,46066
2026-08-20T11:22:00+05:30,14.02,14.03,14.02,14.02,67298
2026-08-20T11:23:00+05:30,14.02,14.03,14.02,14.03,60494
2026-08-20T11:24:00+05:30,14.02,14.03,14.02,14.03,191727
2026-08-20T11:25:00+05:30,14.02,14.03,14.02,14.02,64079
2026-08-20T11:26:00+05:30,14.03,14.03,14.02,14.03,166150
2026-08-20T11:27:00+05:30,14.02,14.03,14.02,14.03,100024
2026-08-20T11:28:00+05:30,14.03,14.03,14.01,14.02,228049
2026-08-20T11:29:00+05:30,14.01,14.02,14.01,14.02,31082
2026-08-20T11:30:00+05:30,14.02,14.02,14.01,14.01,145375
2026-08-20T11:31:00+05:30,14.02,14.02,14.01,14.01,52309
2026-08-20T11:32:00+05:30,14.02,14.02,14.01,14.02,77162
2026-08-20T11:33:00+05:30,14.01,14.03,14.01,14.03,381943
2026-08-20T11:34:00+05:30,14.02,14.03,14.02,14.02,26658
2026-08-20T11:35:00+05:30,14.02,14.03,14.02,14.03,81988
2026-08-20T11:36:00+05:30,14.03,14.03,14.02,14.03,114228
2026-08-20T11:37:00+05:30,14.03,14.03,14.02,14.03,45994
2026-08-20T11:38:00+05:30,14.03,14.03,14.02,14.03,237182
2026-08-20T11:39:00+05:30,14.03,14.03,14.02,14.03,142422
2026-08-20T11:40:00+05:30,14.03,14.03,14.02,14.03,38278
2026-08-20T11:41:00+05:30,14.03,14.03,14.02,14.02,66434
2026-08-20T11:42:00+05:30,14.02,14.05,14.02,14.05,744132
2026-08-20T11:43:00+05:30,14.04,14.05,14.04,14.05,196930
2026-08-20T11:44:00+05:30,14.05,14.05,14.04,14.05,156840
2026-08-20T11:45:00+05:30,14.05,14.05,14.04,14.05,65860
2026-08-20T11:46:00+05:30,14.05,14.05,14.04,14.05,116900
2026-08-20T11:47:00+05:30,14.05,14.05,14.04,14.05,98903
2026-08-20T11:48:00+05:30,14.05,14.05,14.04,14.05,263947
2026-08-20T11:49:00+05:30,14.05,14.05,14.04,14.04,128313
2026-08-20T11:50:00+05:30,14.04,14.05,14.04,14.05,256916
2026-08-20T11:51:00+05:30,14.04,14.05,14.03,14.04,785820
2026-08-20T11:52:00+05:30,14.04,14.04,14.03,14.04,105507
2026-08-20T11:53:00+05:30,14.04,14.04,14.03,14.04,51006
2026-08-20T11:54:00+05:30,14.04,14.04,14.03,14.03,61956
2026-08-20T11:55:00+05:30,13.99,14,13.99,14,4011552
2026-08-20T11:56:00+05:30,14,14,13.99,14,201197
2026-08-20T11:57:00+05:30,14,14.01,13.99,14.01,323098
2026-08-20T11:58:00+05:30,14.01,14.01,14,14.01,110162
2026-08-20T11:59:00+05:30,14.01,14.01,14,14.01,81253
2026-08-20T12:00:00+05:30,14.01,14.01,14,14,121716
2026-08-20T12:01:00+05:30,14,14.01,14,14,80176
2026-08-20T12:02:00+05:30,14,14.03,13.99,14.03,1178778
2026-08-20T12:03:00+05:30,14.02,14.02,14.01,14.02,99412
2026-08-20T12:04:00+05:30,14.02,14.02,14.01,14.01,136033
2026-08-20T12:05:00+05:30,14.01,14.03,14.01,14.02,166312
2026-08-20T12:06:00+05:30,14.02,14.03,14.01,14.03,67297
2026-08-20T12:07:00+05:30,14.03,14.03,14.01,14.01,116381
2026-08-20T12:08:00+05:30,14.01,14.02,14,14,96653
2026-08-20T12:09:00+05:30,14,14.01,13.99,14,574568
2026-08-20T12:10:00+05:30,14,14,13.99,13.99,144163
2026-08-20T12:11:00+05:30,14,14,13.99,14,1653884
2026-08-20T12:12:00+05:30,14,14,13.99,14,1293071
2026-08-20T12:13:00+05:30,14,14,13.99,13.99,882178
2026-08-20T12:14:00+05:30,13.99,14,13.99,14,96318
2026-08-20T12:15:00+05:30,14,14,13.99,14,102759
2026-08-20T12:16:00+05:30,14,14,13.99,14,81297
2026-08-20T12:17:00+05:30,14,14,13.99,13.99,104186
2026-08-20T12:18:00+05:30,13.99,14,13.98,13.99,387646
2026-08-20T12:19:00+05:30,14,14,13.99,14,305954
2026-08-20T12:20:00+05:30,14,14,13.99,14,107253
2026-08-20T12:21:00+05:30,14,14,13.99,14,70741
2026-08-20T12:22:00+05:30,14,14,13.99,14,100532
2026-08-20T12:23:00+05:30,14,14,13.99,14,624554
2026-08-20T12:24:00+05:30,14,14,13.99,14,59131
2026-08-20T12:25:00+05:30,14,14.01,13.99,14.01,602022
2026-08-20T12:26:00+05:30,14.01,14.01,14,14,87943
2026-08-20T12:27:00+05:30,14,14.02,14,14.02,141212
2026-08-20T12:28:00+05:30,14.02,14.02,14.01,14.02,41591
2026-08-20T12:29:00+05:30,14.02,14.02,14.01,14.01,162995
2026-08-20T12:30:00+05:30,14.01,14.02,14.01,14.02,537348
2026-08-20T12:31:00+05:30,14.02,14.02,14.01,14.01,38450
2026-08-20T12:32:00+05:30,14.01,14.02,14,14.01,178554
2026-08-20T12:33:00+05:30,14.01,14.01,14,14,31074
2026-08-20T12:34:00+05:30,14.01,14.02,14,14.01,410180
2026-08-20T12:35:00+05:30,14,14.01,14,14.01,52962
2026-08-20T12:36:00+05:30,14.01,14.01,14,14,42443
2026-08-20T12:37:00+05:30,14,14.01,14,14,63737
2026-08-20T12:38:00+05:30,14,14.01,14,14.01,28841
2026-08-20T12:39:00+05:30,14.01,14.01,14,14.01,313337
2026-08-20T12:40:00+05:30,14.02,14.02,14.01,14.01,71763
2026-08-20T12:41:00+05:30,14.01,14.02,14.01,14.01,63067
2026-08-20T12:42:00+05:30,14.01,14.02,14.01,14.02,67478
2026-08-20T12:43:00+05:30,14.01,14.02,14.01,14.01,28231
2026-08-20T12:44:00+05:30,14.01,14.02,14,14.01,328913
2026-08-20T12:45:00+05:30,14,14.02,14,14.01,152698
2026-08-20T12:46:00+05:30,14.01,14.02,14.01,14.02,91844
2026-08-20T12:47:00+05:30,14.01,14.02,14.01,14.02,90937
2026-08-20T12:48:00+05:30,14.01,14.02,14.01,14.01,107486
2026-08-20T12:49:00+05:30,14.02,14.02,14.01,14.02,102090
2026-08-20T12:50:00+05:30,14.02,14.02,14.01,14.02,89352
2026-08-20T12:51:00+05:30,14.02,14.02,14.01,14.02,135227
2026-08-20T12:52:00+05:30,14.01,14.02,14.01,14.01,167372
2026-08-20T12:53:00+05:30,14.01,14.02,14,14.01,331724
2026-08-20T12:54:00+05:30,14.01,14.02,14,14,163621
2026-08-20T12:55:00+05:30,14,14.01,14,14.01,139347
2026-08-20T12:56:00+05:30,14,14.01,14,14.01,50222
2026-08-20T12:57:00+05:30,14.01,14.01,14,14.01,150671
2026-08-20T12:58:00+05:30,14.01,14.01,14,14,237068
2026-08-20T12:59:00+05:30,14.01,14.01,14,14.01,98560
2026-08-20T13:00:00+05:30,14,14.01,14,14.01,143974
2026-08-20T13:01:00+05:30,14.01,14.01,14,14.01,39966
2026-08-20T13:02:00+05:30,14.01,14.01,14,14,174877
2026-08-20T13:03:00+05:30,14,14.01,14,14,99424
2026-08-20T13:04:00+05:30,14,14.01,14,14,428058
2026-08-20T13:05:00+05:30,14,14,13.99,14,129942
2026-08-20T13:06:00+05:30,14,14,13.99,14,291049
2026-08-20T13:07:00+05:30,14,14,13.99,13.99,446316
2026-08-20T13:08:00+05:30,14,14,13.98,14,1422365
2026-08-20T13:09:00+05:30,13.98,13.99,13.98,13.99,67808
2026-08-20T13:10:00+05:30,13.99,14,13.98,13.99,152048
2026-08-20T13:11:00+05:30,13.98,14,13.98,14,64428
2026-08-20T13:12:00+05:30,13.99,14,13.99,13.99,65441
2026-08-20T13:13:00+05:30,13.99,14,13.99,14,321484
2026-08-20T13:14:00+05:30,14,14,13.99,13.99,50070
2026-08-20T13:15:00+05:30,14,14,13.99,13.99,123188
2026-08-20T13:16:00+05:30,14,14,13.99,14,366997
2026-08-20T13:17:00+05:30,13.99,14.01,13.99,13.99,408711
2026-08-20T13:18:00+05:30,14,14,13.99,13.99,62151
2026-08-20T13:19:00+05:30,14,14,13.99,14,219123
2026-08-20T13:20:00+05:30,13.99,14,13.99,14,156874
2026-08-20T13:21:00+05:30,13.99,14,13.99,14,57778
2026-08-20T13:22:00+05:30,14,14,13.99,13.99,102391
2026-08-20T13:23:00+05:30,14,14,13.99,14,18907
2026-08-20T13:24:00+05:30,14,14,13.99,14,65663
2026-08-20T13:25:00+05:30,14,14,13.99,14,174366
2026-08-20T13:26:00+05:30,14,14,13.99,13.99,80213
2026-08-20T13:27:00+05:30,13.99,14,13.99,14,62852
2026-08-20T13:28:00+05:30,14,14,13.99,14,26167
2026-08-20T13:29:00+05:30,13.99,14,13.99,13.99,152379
2026-08-20T13:30:00+05:30,13.99,14,13.99,13.99,438382
2026-08-20T13:31:00+05:30,13.99,14,13.99,14,543675
2026-08-20T13:32:00+05:30,14,14,13.99,13.99,121974
2026-08-20T13:33:00+05:30,14,14,13.99,14,266473
2026-08-20T13:34:00+05:30,14,14,13.98,13.99,123871
2026-08-20T13:35:00+05:30,13.99,13.99,13.98,13.99,126449
2026-08-20T13:36:00+05:30,13.98,13.99,13.98,13.99,90570
2026-08-20T13:37:00+05:30,13.99,13.99,13.98,13.99,30256
2026-08-20T13:38:00+05:30,13.99,13.99,13.98,13.99,205975
2026-08-20T13:39:00+05:30,13.99,13.99,13.97,13.97,1116901
2026-08-20T13:40:00+05:30,13.98,13.98,13.97,13.97,479427
2026-08-20T13:41:00+05:30,13.98,13.98,13.97,13.98,374836
2026-08-20T13:42:00+05:30,13.97,13.98,13.97,13.98,192490
2026-08-20T13:43:00+05:30,13.98,13.98,13.97,13.98,482453
2026-08-20T13:44:00+05:30,13.97,13.98,13.97,13.98,181720
2026-08-20T13:45:00+05:30,13.98,13.98,13.97,13.98,126784
2026-08-20T13:46:00+05:30,13.98,13.98,13.97,13.98,231325
2026-08-20T13:47:00+05:30,13.97,13.98,13.97,13.97,281362
2026-08-20T13:48:00+05:30,13.98,13.98,13.97,13.98,334360
2026-08-20T13:49:00+05:30,13.98,13.98,13.97,13.97,115287
2026-08-20T13:50:00+05:30,13.97,13.98,13.97,13.97,30086
2026-08-20T13:51:00+05:30,13.97,13.98,13.97,13.98,48621
2026-08-20T13:52:00+05:30,13.97,13.98,13.97,13.97,231541
2026-08-20T13:53:00+05:30,13.97,13.98,13.96,13.97,786488
2026-08-20T13:54:00+05:30,13.96,13.97,13.95,13.96,1463934
2026-08-20T13:55:00+05:30,13.95,13.97,13.95,13.97,464382
2026-08-20T13:56:00+05:30,13.96,13.97,13.96,13.97,281472
2026-08-20T13:57:00+05:30,13.97,13.97,13.95,13.96,379840
2026-08-20T13:58:00+05:30,13.96,13.97,13.95,13.97,353834
2026-08-20T13:59:00+05:30,13.96,13.97,13.96,13.96,145812
2026-08-20T14:00:00+05:30,13.97,13.97,13.96,13.97,125477
2026-08-20T14:01:00+05:30,13.97,13.97,13.95,13.96,227094
2026-08-20T14:02:00+05:30,13.95,13.96,13.95,13.95,451771
2026-08-20T14:03:00+05:30,13.96,13.96,13.95,13.96,97545
2026-08-20T14:04:00+05:30,13.96,13.97,13.95,13.97,240599
2026-08-20T14:05:00+05:30,13.97,13.97,13.95,13.95,159776
2026-08-20T14:06:00+05:30,13.95,13.97,13.95,13.97,267830
2026-08-20T14:07:00+05:30,13.96,13.97,13.96,13.96,81703
2026-08-20T14:08:00+05:30,13.96,13.97,13.96,13.97,68788
2026-08-20T14:09:00+05:30,13.96,13.97,13.96,13.97,571832
2026-08-20T14:10:00+05:30,13.96,13.97,13.96,13.97,195650
2026-08-20T14:11:00+05:30,13.97,13.97,13.96,13.97,66678
2026-08-20T14:12:00+05:30,13.96,13.98,13.96,13.98,263579
2026-08-20T14:13:00+05:30,13.98,13.98,13.97,13.97,150343
2026-08-20T14:14:00+05:30,13.98,13.98,13.97,13.97,48043
2026-08-20T14:15:00+05:30,13.97,13.98,13.97,13.97,522609
2026-08-20T14:16:00+05:30,13.98,13.98,13.97,13.97,76274
2026-08-20T14:17:00+05:30,13.97,13.98,13.97,13.97,74952
2026-08-20T14:18:00+05:30,13.98,13.98,13.97,13.97,69203
2026-08-20T14:19:00+05:30,13.97,13.98,13.97,13.97,295664
2026-08-20T14:20:00+05:30,13.98,13.98,13.97,13.97,59722
2026-08-20T14:21:00+05:30,13.97,13.98,13.97,13.98,100971
2026-08-20T14:22:00+05:30,13.97,13.98,13.97,13.98,34425
2026-08-20T14:23:00+05:30,13.98,13.98,13.97,13.98,141760
2026-08-20T14:24:00+05:30,13.97,13.98,13.96,13.97,400434
2026-08-20T14:25:00+05:30,13.97,13.98,13.96,13.97,155473
2026-08-20T14:26:00+05:30,13.98,13.98,13.96,13.96,72224
2026-08-20T14:27:00+05:30,13.96,13.97,13.96,13.97,130033
2026-08-20T14:28:00+05:30,13.97,13.97,13.96,13.97,221291
2026-08-20T14:29:00+05:30,13.97,13.97,13.96,13.97,319511
2026-08-20T14:30:00+05:30,13.97,13.97,13.96,13.97,96541
2026-08-20T14:31:00+05:30,13.96,13.97,13.96,13.96,152472
2026-08-20T14:32:00+05:30,13.97,13.97,13.96,13.97,368143
2026-08-20T14:33:00+05:30,13.96,13.97,13.96,13.97,204225
2026-08-20T14:34:00+05:30,13.97,13.97,13.96,13.96,43124
2026-08-20T14:35:00+05:30,13.97,13.97,13.95,13.96,891460
2026-08-20T14:36:00+05:30,13.96,13.96,13.95,13.95,158069
2026-08-20T14:37:00+05:30,13.96,13.96,13.95,13.95,345941
2026-08-20T14:38:00+05:30,13.96,13.96,13.95,13.95,245155
2026-08-20T14:39:00+05:30,13.96,13.96,13.95,13.96,394841
2026-08-20T14:40:00+05:30,13.96,13.96,13.95,13.95,569537
2026-08-20T14:41:00+05:30,13.95,13.96,13.95,13.96,234721
2026-08-20T14:42:00+05:30,13.96,13.96,13.95,13.95,96919
2026-08-20T14:43:00+05:30,13.95,13.96,13.95,13.96,112154
2026-08-20T14:44:00+05:30,13.96,13.96,13.94,13.95,1380743
2026-08-20T14:45:00+05:30,13.94,13.95,13.93,13.94,297123
2026-08-20T14:46:00+05:30,13.95,13.95,13.94,13.94,155978
2026-08-20T14:47:00+05:30,13.95,13.96,13.94,13.95,4370343
2026-08-20T14:48:00+05:30,13.95,13.96,13.95,13.96,621467
2026-08-20T14:49:00+05:30,13.95,13.97,13.95,13.97,827499
2026-08-20T14:50:00+05:30,13.96,13.98,13.96,13.98,824828
2026-08-20T14:51:00+05:30,13.97,14,13.97,13.99,2306772
2026-08-20T14:52:00+05:30,14,14,13.98,14,1130012
2026-08-20T14:53:00+05:30,14,14,13.98,14,975355
2026-08-20T14:54:00+05:30,14.01,14.05,14,14.02,11222911
2026-08-20T14:55:00+05:30,14.03,14.06,14.03,14.05,5983114
2026-08-20T14:56:00+05:30,14.05,14.07,14.04,14.05,2839721
2026-08-20T14:57:00+05:30,14.06,14.07,14.05,14.07,1941122
2026-08-20T14:58:00+05:30,14.06,14.06,14.03,14.04,1713293
2026-08-20T14:59:00+05:30,14.05,14.05,14.04,14.04,812386
2026-08-20T15:00:00+05:30,14.05,14.05,14.03,14.03,1150268
2026-08-20T15:01:00+05:30,14.03,14.04,14.02,14.03,720348
2026-08-20T15:02:00+05:30,14.03,14.05,14.02,14.04,1637509
2026-08-20T15:03:00+05:30,14.05,14.07,14.05,14.06,3186389
2026-08-20T15:04:00+05:30,14.06,14.07,14.06,14.06,1081545
2026-08-20T15:05:00+05:30,14.06,14.07,14.03,14.04,2817485
2026-08-20T15:06:00+05:30,14.04,14.05,14.03,14.04,2363290
2026-08-20T15:07:00+05:30,14.05,14.05,14.04,14.04,827763
2026-08-20T15:08:00+05:30,14.04,14.05,14.04,14.05,439342
2026-08-20T15:09:00+05:30,14.05,14.05,14.03,14.03,2984322
2026-08-20T15:10:00+05:30,14.04,14.04,14.03,14.04,1145496
2026-08-20T15:11:00+05:30,14.04,14.04,14.03,14.03,1233714
2026-08-20T15:12:00+05:30,14.03,14.03,14,14,6969683
2026-08-20T15:13:00+05:30,14.02,14.03,14.02,14.02,2002016
2026-08-20T15:14:00+05:30,14.02,14.06,14.02,14.06,3894551
2026-08-21T09:15:00+05:30,14.03,14.07,14.02,14.07,3174114
2026-08-21T09:16:00+05:30,14.07,14.08,14.04,14.05,2926903
2026-08-21T09:17:00+05:30,14.05,14.07,14.04,14.06,1568278
2026-08-21T09:18:00+05:30,14.06,14.06,14.05,14.05,693825
2026-08-21T09:19:00+05:30,14.05,14.07,14.05,14.05,1235355
2026-08-21T09:20:00+05:30,14.05,14.06,14.04,14.05,2213754
2026-08-21T09:21:00+05:30,14.05,14.05,14.03,14.03,710962
2026-08-21T09:22:00+05:30,14.03,14.05,14.03,14.03,2100153
2026-08-21T09:23:00+05:30,14.04,14.05,14.03,14.05,464431
2026-08-21T09:24:00+05:30,14.05,14.07,14.04,14.07,1209753
2026-08-21T09:25:00+05:30,14.06,14.09,14.06,14.08,1535330
2026-08-21T09:26:00+05:30,14.08,14.09,14.07,14.08,1223136
2026-08-21T09:27:00+05:30,14.07,14.07,14.06,14.06,539365
2026-08-21T09:28:00+05:30,14.06,14.07,14.06,14.06,817500
2026-08-21T09:29:00+05:30,14.07,14.07,14.06,14.07,499535
2026-08-21T09:30:00+05:30,14.06,14.07,14.05,14.05,1609184
2026-08-21T09:31:00+05:30,14.05,14.06,14.04,14.04,933772
2026-08-21T09:32:00+05:30,14.04,14.05,14.01,14.01,2576786
2026-08-21T09:33:00+05:30,14.01,14.02,14,14,1779736
2026-08-21T09:34:00+05:30,14.01,14.01,13.98,13.98,2340830
2026-08-21T09:35:00+05:30,13.98,13.98,13.97,13.98,1504872
2026-08-21T09:36:00+05:30,13.99,13.99,13.97,13.99,1234047
2026-08-21T09:37:00+05:30,13.99,13.99,13.97,13.98,503736
2026-08-21T09:38:00+05:30,13.98,13.98,13.97,13.98,210965
2026-08-21T09:39:00+05:30,13.98,14.01,13.97,13.99,1601700
2026-08-21T09:40:00+05:30,14,14,13.98,13.99,886431
2026-08-21T09:41:00+05:30,14,14,13.98,13.99,728192
2026-08-21T09:42:00+05:30,13.98,14,13.98,14,608526
2026-08-21T09:43:00+05:30,14,14,13.99,14,319603
2026-08-21T09:44:00+05:30,13.99,14,13.98,13.98,790286
2026-08-21T09:45:00+05:30,13.98,13.99,13.98,13.99,684925
2026-08-21T09:46:00+05:30,13.98,13.98,13.95,13.96,4258682
2026-08-21T09:47:00+05:30,13.95,13.96,13.95,13.96,406725
2026-08-21T09:48:00+05:30,13.96,13.96,13.95,13.95,321295
2026-08-21T09:49:00+05:30,13.96,13.96,13.93,13.95,2673448
2026-08-21T09:50:00+05:30,13.94,13.95,13.94,13.95,577746
2026-08-21T09:51:00+05:30,13.94,13.96,13.94,13.95,1228229
2026-08-21T09:52:00+05:30,13.96,13.96,13.93,13.94,2213867
2026-08-21T09:53:00+05:30,13.93,13.95,13.93,13.95,931554
2026-08-21T09:54:00+05:30,13.94,13.96,13.94,13.95,511346
2026-08-21T09:55:00+05:30,13.95,13.95,13.94,13.95,410225
2026-08-21T09:56:00+05:30,13.95,13.96,13.94,13.95,528831
2026-08-21T09:57:00+05:30,13.95,13.95,13.94,13.94,807669
2026-08-21T09:58:00+05:30,13.94,13.95,13.94,13.95,1527541
2026-08-21T09:59:00+05:30,13.95,13.96,13.95,13.96,219200
2026-08-21T10:00:00+05:30,13.96,13.96,13.95,13.95,300022
2026-08-21T10:01:00+05:30,13.95,13.95,13.94,13.95,476165
2026-08-21T10:02:00+05:30,13.95,13.95,13.94,13.95,83096
2026-08-21T10:03:00+05:30,13.95,13.95,13.94,13.95,240644
2026-08-21T10:04:00+05:30,13.94,13.95,13.94,13.95,486004
2026-08-21T10:05:00+05:30,13.95,13.96,13.93,13.93,2850448
2026-08-21T10:06:00+05:30,13.95,13.95,13.94,13.94,283212
2026-08-21T10:07:00+05:30,13.95,13.95,13.92,13.93,2200974
2026-08-21T10:08:00+05:30,13.92,13.93,13.92,13.93,345698
2026-08-21T10:09:00+05:30,13.93,13.95,13.92,13.94,1586323
2026-08-21T10:10:00+05:30,13.93,13.97,13.93,13.97,1487007
2026-08-21T10:11:00+05:30,13.96,13.98,13.96,13.98,834117
2026-08-21T10:12:00+05:30,13.98,14.02,13.97,14,2847892
2026-08-21T10:13:00+05:30,14,14.01,13.99,13.99,1127721
2026-08-21T10:14:00+05:30,13.99,14,13.99,13.99,679006
2026-08-21T10:15:00+05:30,14,14,13.99,14,461644
2026-08-21T10:16:00+05:30,14,14,13.99,14,144601
2026-08-21T10:17:00+05:30,14,14,13.99,14,171183
2026-08-21T10:18:00+05:30,14,14.01,13.99,14.01,728860
2026-08-21T10:19:00+05:30,14.01,14.01,13.98,14,637011
2026-08-21T10:20:00+05:30,13.99,13.99,13.98,13.99,306812
2026-08-21T10:21:00+05:30,13.99,14,13.98,14,1303457
2026-08-21T10:22:00+05:30,14,14,13.98,13.99,812882
2026-08-21T10:23:00+05:30,13.99,13.99,13.98,13.99,46755
2026-08-21T10:24:00+05:30,13.99,13.99,13.98,13.99,251173
2026-08-21T10:25:00+05:30,13.99,13.99,13.97,13.97,322124
2026-08-21T10:26:00+05:30,13.97,13.98,13.97,13.98,221267
2026-08-21T10:27:00+05:30,13.98,13.98,13.96,13.96,976044
2026-08-21T10:28:00+05:30,13.96,14,13.95,13.99,2267943
2026-08-21T10:29:00+05:30,13.99,14.02,13.99,14.02,1010076
2026-08-21T10:30:00+05:30,14.01,14.05,14.01,14.04,1626667
2026-08-21T10:31:00+05:30,14.04,14.05,14.02,14.03,584462
2026-08-21T10:32:00+05:30,14.03,14.03,14.02,14.03,678111
2026-08-21T10:33:00+05:30,14.03,14.04,14.02,14.03,590484
2026-08-21T10:34:00+05:30,14.03,14.04,14.02,14.03,846596
2026-08-21T10:35:00+05:30,14.02,14.03,14,14.01,1433099
2026-08-21T10:36:00+05:30,14,14.01,13.98,13.98,561960
2026-08-21T10:37:00+05:30,13.99,13.99,13.98,13.99,186235
2026-08-21T10:38:00+05:30,13.98,13.99,13.98,13.99,1084601
2026-08-21T10:39:00+05:30,13.99,14,13.98,14,233329
2026-08-21T10:40:00+05:30,13.99,14,13.99,14,53076
2026-08-21T10:41:00+05:30,13.99,14,13.99,13.99,46149
2026-08-21T10:42:00+05:30,14,14,13.98,13.98,162923
2026-08-21T10:43:00+05:30,13.99,13.99,13.98,13.99,83232
2026-08-21T10:44:00+05:30,13.99,13.99,13.97,13.97,838364
2026-08-21T10:45:00+05:30,13.98,13.99,13.97,13.97,295339
2026-08-21T10:46:00+05:30,13.98,13.99,13.98,13.99,397356
2026-08-21T10:47:00+05:30,13.98,13.99,13.97,13.99,440161
2026-08-21T10:48:00+05:30,13.98,13.99,13.98,13.98,170101
2026-08-21T10:49:00+05:30,13.98,13.99,13.98,13.98,236510
2026-08-21T10:50:00+05:30,13.98,13.99,13.98,13.98,343248
2026-08-21T10:51:00+05:30,13.98,13.99,13.98,13.99,229404
2026-08-21T10:52:00+05:30,13.98,13.99,13.97,13.99,106048
2026-08-21T10:53:00+05:30,13.99,13.99,13.98,13.99,97668
2026-08-21T10:54:00+05:30,13.99,14.01,13.98,14.01,1021995
2026-08-21T10:55:00+05:30,14.01,14.01,13.99,14,410733
2026-08-21T10:56:00+05:30,14.01,14.01,14,14,60267
2026-08-21T10:57:00+05:30,14,14.01,13.99,14,282909
2026-08-21T10:58:00+05:30,14,14,13.99,14,33169
2026-08-21T10:59:00+05:30,14,14.01,14,14.01,214849
2026-08-21T11:00:00+05:30,14.01,14.01,14,14.01,98573
2026-08-21T11:01:00+05:30,14.01,14.01,14,14,48308
2026-08-21T11:02:00+05:30,14.01,14.02,14,14.02,481093
2026-08-21T11:03:00+05:30,14.02,14.03,14.02,14.03,874290
2026-08-21T11:04:00+05:30,14.03,14.03,14.02,14.02,529285
2026-08-21T11:05:00+05:30,14.02,14.03,14.02,14.02,167897
2026-08-21T11:06:00+05:30,14.02,14.05,14.02,14.04,956920
2026-08-21T11:07:00+05:30,14.05,14.05,14.03,14.03,534752
2026-08-21T11:08:00+05:30,14.04,14.04,14.03,14.04,113880
2026-08-21T11:09:00+05:30,14.04,14.04,14.03,14.03,83900
2026-08-21T11:10:00+05:30,14.03,14.04,14.03,14.03,87461
2026-08-21T11:11:00+05:30,14.03,14.04,14.03,14.03,100397
2026-08-21T11:12:00+05:30,14.04,14.04,14.03,14.04,105372
2026-08-21T11:13:00+05:30,14.03,14.04,14.03,14.04,263744
2026-08-21T11:14:00+05:30,14.04,14.04,14.02,14.03,671903
2026-08-21T11:15:00+05:30,14.02,14.03,14.02,14.03,192288
2026-08-21T11:16:00+05:30,14.02,14.03,14.02,14.03,1303682
2026-08-21T11:17:00+05:30,14.03,14.04,14.02,14.03,353746
2026-08-21T11:18:00+05:30,14.03,14.03,14.02,14.03,57533
2026-08-21T11:19:00+05:30,14.02,14.03,14.02,14.03,757997
2026-08-21T11:20:00+05:30,14.02,14.03,14.01,14.02,800367
2026-08-21T11:21:00+05:30,14.02,14.03,14.01,14.01,227876
2026-08-21T11:22:00+05:30,14.02,14.02,14.01,14.02,260234
2026-08-21T11:23:00+05:30,14.02,14.02,14.01,14.02,56522
2026-08-21T11:24:00+05:30,14.01,14.03,14.01,14.01,290821
2026-08-21T11:25:00+05:30,14.01,14.02,14.01,14.01,36904
2026-08-21T11:26:00+05:30,14.01,14.02,14.01,14.01,135832
2026-08-21T11:27:00+05:30,14.01,14.02,14.01,14.01,83303
2026-08-21T11:28:00+05:30,14.01,14.02,14.01,14.01,21574
2026-08-21T11:29:00+05:30,14.01,14.02,14.01,14.01,129635
2026-08-21T11:30:00+05:30,14.02,14.02,14.01,14.01,70556
2026-08-21T11:31:00+05:30,14.01,14.02,14.01,14.01,35708
2026-08-21T11:32:00+05:30,14.01,14.02,14,14,550803
2026-08-21T11:33:00+05:30,14,14,13.99,14,675122
2026-08-21T11:34:00+05:30,14,14,13.99,13.99,163655
2026-08-21T11:35:00+05:30,13.99,14,13.99,13.99,189522
2026-08-21T11:36:00+05:30,14,14,13.99,13.99,143799
2026-08-21T11:37:00+05:30,14,14,13.99,14,59511
2026-08-21T11:38:00+05:30,13.98,14,13.98,13.99,793181
2026-08-21T11:39:00+05:30,13.99,14,13.99,14,64790
2026-08-21T11:40:00+05:30,13.99,14,13.99,13.99,1218650
2026-08-21T11:41:00+05:30,14,14.01,13.99,14,489124
2026-08-21T11:42:00+05:30,14.01,14.01,14,14,89124
2026-08-21T11:43:00+05:30,14.01,14.01,13.99,14,1541399
2026-08-21T11:44:00+05:30,14,14.01,13.99,14,1995521
2026-08-21T11:45:00+05:30,14,14.01,13.99,14,1401244
2026-08-21T11:46:00+05:30,13.99,14,13.99,14,65885
2026-08-21T11:47:00+05:30,13.99,14,13.99,14,244386
2026-08-21T11:48:00+05:30,13.99,14,13.99,13.99,1616845
2026-08-21T11:49:00+05:30,13.99,14,13.99,13.99,84668
2026-08-21T11:50:00+05:30,13.99,14,13.99,13.99,306946
2026-08-21T11:51:00+05:30,13.99,14.01,13.99,14,354285
2026-08-21T11:52:00+05:30,13.99,14.01,13.99,14,63800
2026-08-21T11:53:00+05:30,14,14.01,14,14,555255
2026-08-21T11:54:00+05:30,14,14.02,14,14.01,909665
2026-08-21T11:55:00+05:30,14.01,14.01,14,14.01,37998
2026-08-21T11:56:00+05:30,14.01,14.01,14,14.01,68482
2026-08-21T11:57:00+05:30,14.01,14.01,14,14.01,34206
2026-08-21T11:58:00+05:30,14.01,14.01,14,14.01,90952
2026-08-21T11:59:00+05:30,14,14.01,14,14,31701
2026-08-21T12:00:00+05:30,14,14.01,14,14,24030
2026-08-21T12:01:00+05:30,14,14.01,14,14.01,37416
2026-08-21T12:02:00+05:30,14,14.01,14,14.01,87524
2026-08-21T12:03:00+05:30,14,14.01,14,14,62578
2026-08-21T12:04:00+05:30,14,14.01,14,14.01,102708
2026-08-21T12:05:00+05:30,14.01,14.01,14,14,67950
2026-08-21T12:06:00+05:30,14,14.01,14,14.01,84960
2026-08-21T12:07:00+05:30,14.01,14.01,14,14.01,21424
2026-08-21T12:08:00+05:30,14.01,14.01,14,14,15595
2026-08-21T12:09:00+05:30,14.01,14.01,14,14,86043
2026-08-21T12:10:00+05:30,14,14.01,14,14.01,32918
2026-08-21T12:11:00+05:30,14.01,14.01,14,14,85782
2026-08-21T12:12:00+05:30,14,14.01,14,14,10176
2026-08-21T12:13:00+05:30,14,14.01,14,14.01,185829
2026-08-21T12:14:00+05:30,14.01,14.01,14,14.01,35181
2026-08-21T12:15:00+05:30,14.01,14.01,14,14.01,126373
2026-08-21T12:16:00+05:30,14,14.01,14,14.01,125743
2026-08-21T12:17:00+05:30,14.01,14.01,14,14,80863
2026-08-21T12:18:00+05:30,14,14.01,14,14.01,71508
2026-08-21T12:19:00+05:30,14.01,14.01,14,14.01,255936
2026-08-21T12:20:00+05:30,14.01,14.01,14,14,72468
2026-08-21T12:21:00+05:30,14,14.03,14,14.03,1466432
2026-08-21T12:22:00+05:30,14.02,14.03,14.02,14.03,313761
2026-08-21T12:23:00+05:30,14.03,14.03,14.02,14.02,38863
2026-08-21T12:24:00+05:30,14.02,14.03,14.02,14.03,108467
2026-08-21T12:25:00+05:30,14.03,14.03,14.02,14.02,179302
2026-08-21T12:26:00+05:30,14.02,14.03,14.02,14.02,215790
2026-08-21T12:27:00+05:30,14.02,14.02,14.01,14.01,151907
2026-08-21T12:28:00+05:30,14.01,14.02,14.01,14.01,49917
2026-08-21T12:29:00+05:30,14.01,14.02,14.01,14.01,67299
2026-08-21T12:30:00+05:30,14.01,14.02,14.01,14.01,22186
2026-08-21T12:31:00+05:30,14.01,14.02,14.01,14.01,46478
2026-08-21T12:32:00+05:30,14.01,14.02,14.01,14.02,119921
2026-08-21T12:33:00+05:30,14.01,14.02,14.01,14.02,199174
2026-08-21T12:34:00+05:30,14.02,14.02,14.01,14.01,32474
2026-08-21T12:35:00+05:30,14.01,14.02,14.01,14.01,99952
2026-08-21T12:36:00+05:30,14.01,14.02,14.01,14.01,30774
2026-08-21T12:37:00+05:30,14.01,14.02,14,14,322287
2026-08-21T12:38:00+05:30,14,14.01,14,14,329021
2026-08-21T12:39:00+05:30,14,14.01,13.99,13.99,1711458
2026-08-21T12:40:00+05:30,13.99,14,13.99,14,164273
2026-08-21T12:41:00+05:30,14,14,13.99,14,128945
2026-08-21T12:42:00+05:30,13.99,14,13.99,13.99,146532
2026-08-21T12:43:00+05:30,13.99,14,13.99,13.99,44441
2026-08-21T12:44:00+05:30,13.99,14,13.99,13.99,349809
2026-08-21T12:45:00+05:30,13.99,14,13.99,13.99,57452
2026-08-21T12:46:00+05:30,13.99,14,13.99,13.99,63502
2026-08-21T12:47:00+05:30,13.99,14,13.99,13.99,49927
2026-08-21T12:48:00+05:30,13.99,14,13.99,13.99,58236
2026-08-21T12:49:00+05:30,14,14,13.99,13.99,38300
2026-08-21T12:50:00+05:30,13.99,14,13.99,13.99,61763
2026-08-21T12:51:00+05:30,13.99,14,13.99,13.99,54203
2026-08-21T12:52:00+05:30,13.99,14,13.99,13.99,216928
2026-08-21T12:53:00+05:30,14,14,13.99,13.99,681652
2026-08-21T12:54:00+05:30,13.99,14,13.99,14,954924
2026-08-21T12:55:00+05:30,14,14.01,14,14.01,331602
2026-08-21T12:56:00+05:30,14.01,14.02,14,14.01,131026
2026-08-21T12:57:00+05:30,14,14.01,14,14,28612
2026-08-21T12:58:00+05:30,14.01,14.01,14,14,107314
2026-08-21T12:59:00+05:30,14,14.01,14,14,160065
2026-08-21T13:00:00+05:30,14.01,14.01,14,14,302999
2026-08-21T13:01:00+05:30,14,14.01,14,14.01,60284
2026-08-21T13:02:00+05:30,14.01,14.01,14,14,66021
2026-08-21T13:03:00+05:30,14,14.01,14,14.01,46707
2026-08-21T13:04:00+05:30,14,14.01,14,14,657110
2026-08-21T13:05:00+05:30,14.01,14.01,13.99,14,83705
2026-08-21T13:06:00+05:30,13.99,14,13.99,14,145521
2026-08-21T13:07:00+05:30,13.99,14.01,13.99,14.01,375667
2026-08-21T13:08:00+05:30,14.01,14.01,14,14.01,409478
2026-08-21T13:09:00+05:30,14,14.02,14,14.01,546560
2026-08-21T13:10:00+05:30,14,14.01,14,14.01,119569
2026-08-21T13:11:00+05:30,14,14.01,14,14,58028
2026-08-21T13:12:00+05:30,14.01,14.02,14,14.01,1025452
2026-08-21T13:13:00+05:30,14.01,14.02,14,14.01,917213
2026-08-21T13:14:00+05:30,14.01,14.01,13.99,13.99,677972
2026-08-21T13:15:00+05:30,13.99,14,13.99,14,283334
2026-08-21T13:16:00+05:30,14,14.01,13.99,14,1235182
2026-08-21T13:17:00+05:30,14,14.01,13.99,14,723320
2026-08-21T13:18:00+05:30,14,14,13.99,14,197989
2026-08-21T13:19:00+05:30,14,14,13.99,13.99,259970
2026-08-21T13:20:00+05:30,14,14,13.99,13.99,391751
2026-08-21T13:21:00+05:30,13.99,14,13.99,13.99,40980
2026-08-21T13:22:00+05:30,13.99,14,13.98,13.98,544611
2026-08-21T13:23:00+05:30,13.99,13.99,13.98,13.98,520859
2026-08-21T13:24:00+05:30,13.98,13.99,13.98,13.99,80406
2026-08-21T13:25:00+05:30,13.98,14,13.98,13.99,430825
2026-08-21T13:26:00+05:30,13.99,14.01,13.99,14.01,653659
2026-08-21T13:27:00+05:30,14,14.01,13.99,14,286394
2026-08-21T13:28:00+05:30,14,14.01,13.99,14,516027
2026-08-21T13:29:00+05:30,14.01,14.01,14,14,160883
2026-08-21T13:30:00+05:30,14.01,14.01,14,14.01,157081
2026-08-21T13:31:00+05:30,14,14.01,14,14.01,38277
2026-08-21T13:32:00+05:30,14.01,14.01,14,14,170827
2026-08-21T13:33:00+05:30,14,14.01,14,14,75446
2026-08-21T13:34:00+05:30,14,14.01,14,14.01,73653
2026-08-21T13:35:00+05:30,14,14.01,14,14,107179
2026-08-21T13:36:00+05:30,14,14.01,13.99,13.99,336855
2026-08-21T13:37:00+05:30,13.99,14,13.99,13.99,19869
2026-08-21T13:38:00+05:30,14,14,13.99,13.99,55016
2026-08-21T13:39:00+05:30,13.99,14,13.99,13.99,31062
2026-08-21T13:40:00+05:30,13.99,14.01,13.99,14,208625
2026-08-21T13:41:00+05:30,14,14.01,13.99,14,130963
2026-08-21T13:42:00+05:30,13.99,14,13.99,14,33162
2026-08-21T13:43:00+05:30,13.99,14,13.99,14,49342
2026-08-21T13:44:00+05:30,14,14,13.99,13.99,57688
2026-08-21T13:45:00+05:30,13.99,14,13.99,13.99,69307
2026-08-21T13:46:00+05:30,14,14,13.99,13.99,32995
2026-08-21T13:47:00+05:30,13.99,14,13.99,14,95504
2026-08-21T13:48:00+05:30,13.99,14,13.99,13.99,24201
2026-08-21T13:49:00+05:30,13.99,14,13.99,13.99,307956
2026-08-21T13:50:00+05:30,14,14,13.98,13.98,634669
2026-08-21T13:51:00+05:30,13.98,13.99,13.98,13.99,162197
2026-08-21T13:52:00+05:30,13.99,13.99,13.98,13.99,145114
2026-08-21T13:53:00+05:30,13.99,13.99,13.98,13.99,20856
2026-08-21T13:54:00+05:30,13.98,13.99,13.98,13.99,125435
2026-08-21T13:55:00+05:30,13.98,13.99,13.98,13.98,241817
2026-08-21T13:56:00+05:30,13.99,13.99,13.98,13.98,51390
2026-08-21T13:57:00+05:30,13.98,13.99,13.98,13.98,98248
2026-08-21T13:58:00+05:30,13.99,13.99,13.98,13.98,73810
2026-08-21T13:59:00+05:30,13.98,13.99,13.98,13.98,58822
2026-08-21T14:00:00+05:30,13.98,13.99,13.98,13.99,118528
2026-08-21T14:01:00+05:30,13.99,13.99,13.98,13.98,50444
2026-08-21T14:02:00+05:30,13.98,13.99,13.98,13.98,237598
2026-08-21T14:03:00+05:30,13.98,13.99,13.98,13.98,191245
2026-08-21T14:04:00+05:30,13.98,13.99,13.98,13.98,163138
2026-08-21T14:05:00+05:30,13.98,13.99,13.98,13.99,439775
2026-08-21T14:06:00+05:30,13.98,13.99,13.98,13.98,75164
2026-08-21T14:07:00+05:30,13.98,13.99,13.97,13.98,530807
2026-08-21T14:08:00+05:30,13.98,13.98,13.97,13.97,115764
2026-08-21T14:09:00+05:30,13.97,13.98,13.97,13.98,125369
2026-08-21T14:10:00+05:30,13.97,13.98,13.96,13.97,207748
2026-08-21T14:11:00+05:30,13.96,13.97,13.96,13.97,264002
2026-08-21T14:12:00+05:30,13.96,13.97,13.96,13.97,37190
2026-08-21T14:13:00+05:30,13.96,13.97,13.96,13.96,230836
2026-08-21T14:14:00+05:30,13.96,13.97,13.96,13.97,153765
2026-08-21T14:15:00+05:30,13.96,13.97,13.96,13.96,213674
2026-08-21T14:16:00+05:30,13.96,13.97,13.96,13.96,63518
2026-08-21T14:17:00+05:30,13.97,13.97,13.96,13.97,133158
2026-08-21T14:18:00+05:30,13.97,13.97,13.96,13.97,45607
2026-08-21T14:19:00+05:30,13.96,13.97,13.96,13.97,143900
2026-08-21T14:20:00+05:30,13.96,13.97,13.96,13.97,154954
2026-08-21T14:21:00+05:30,13.96,13.98,13.96,13.98,401151
2026-08-21T14:22:00+05:30,13.98,13.98,13.97,13.97,159989
2026-08-21T14:23:00+05:30,13.97,13.99,13.97,13.97,398339
2026-08-21T14:24:00+05:30,13.97,13.98,13.96,13.97,270589
2026-08-21T14:25:00+05:30,13.97,13.98,13.96,13.96,202869
2026-08-21T14:26:00+05:30,13.96,13.98,13.96,13.98,215067
2026-08-21T14:27:00+05:30,13.97,13.98,13.96,13.96,302781
2026-08-21T14:28:00+05:30,13.96,13.97,13.96,13.96,199169
2026-08-21T14:29:00+05:30,13.96,13.97,13.96,13.97,32030
2026-08-21T14:30:00+05:30,13.96,13.97,13.96,13.96,127444
2026-08-21T14:31:00+05:30,13.97,13.97,13.96,13.97,285529
2026-08-21T14:32:00+05:30,13.96,13.98,13.96,13.97,362382
2026-08-21T14:33:00+05:30,13.98,13.98,13.96,13.96,408962
2026-08-21T14:34:00+05:30,13.96,13.98,13.96,13.97,48573
2026-08-21T14:35:00+05:30,13.97,13.97,13.96,13.96,196839
2026-08-21T14:36:00+05:30,13.97,13.99,13.97,13.98,383996
2026-08-21T14:37:00+05:30,13.98,13.99,13.98,13.98,177552
2026-08-21T14:38:00+05:30,13.99,13.99,13.97,13.99,220646
2026-08-21T14:39:00+05:30,13.99,13.99,13.98,13.98,108444
2026-08-21T14:40:00+05:30,13.98,13.99,13.98,13.99,131711
2026-08-21T14:41:00+05:30,13.99,13.99,13.97,13.98,284594
2026-08-21T14:42:00+05:30,13.97,13.98,13.97,13.98,28837
2026-08-21T14:43:00+05:30,13.98,13.98,13.97,13.97,120568
2026-08-21T14:44:00+05:30,13.97,13.98,13.97,13.97,91567
2026-08-21T14:45:00+05:30,13.97,13.98,13.97,13.97,206960
2026-08-21T14:46:00+05:30,13.97,13.98,13.97,13.97,335312
2026-08-21T14:47:00+05:30,13.97,13.98,13.97,13.98,29063
2026-08-21T14:48:00+05:30,13.97,13.99,13.97,13.98,887316
2026-08-21T14:49:00+05:30,13.99,13.99,13.97,13.98,432856
2026-08-21T14:50:00+05:30,13.98,13.99,13.97,13.99,2157727
2026-08-21T14:51:00+05:30,13.99,13.99,13.98,13.98,368384
2026-08-21T14:52:00+05:30,13.98,13.99,13.97,13.97,557972
2026-08-21T14:53:00+05:30,13.98,13.98,13.97,13.97,91033
2026-08-21T14:54:00+05:30,13.97,13.98,13.97,13.98,227500
2026-08-21T14:55:00+05:30,13.98,13.98,13.97,13.98,213150
2026-08-21T14:56:00+05:30,13.97,13.98,13.97,13.98,245410
2026-08-21T14:57:00+05:30,13.98,13.98,13.97,13.97,341178
2026-08-21T14:58:00+05:30,13.98,13.98,13.97,13.98,823064
2026-08-21T14:59:00+05:30,13.98,13.98,13.97,13.97,254158
2026-08-21T15:00:00+05:30,13.98,13.98,13.97,13.97,667523
2026-08-21T15:01:00+05:30,13.97,13.98,13.97,13.97,754399
2026-08-21T15:02:00+05:30,13.97,13.98,13.96,13.98,559972
2026-08-21T15:03:00+05:30,13.98,13.98,13.97,13.97,533260
2026-08-21T15:04:00+05:30,13.98,13.98,13.96,13.97,1216984
2026-08-21T15:05:00+05:30,13.97,13.97,13.96,13.96,4706459
2026-08-21T15:06:00+05:30,13.97,13.97,13.95,13.96,1197244
2026-08-21T15:07:00+05:30,13.96,13.96,13.95,13.95,1237223
2026-08-21T15:08:00+05:30,13.95,13.97,13.95,13.96,1159232
2026-08-21T15:09:00+05:30,13.97,13.97,13.96,13.96,1910457
2026-08-21T15:10:00+05:30,13.97,13.97,13.96,13.97,1400130
2026-08-21T15:11:00+05:30,13.96,13.97,13.96,13.96,938483
2026-08-21T15:12:00+05:30,13.98,13.99,13.96,13.97,7099021
2026-08-21T15:13:00+05:30,13.98,13.98,13.97,13.98,468661
2026-08-21T15:14:00+05:30,13.97,13.98,13.96,13.97,1233634
2026-08-24T09:15:00+05:30,13.98,14.09,13.97,14.06,6071405
2026-08-24T09:16:00+05:30,14.06,14.06,14.04,14.04,2530844
2026-08-24T09:17:00+05:30,14.04,14.06,14.04,14.04,1530037
2026-08-24T09:18:00+05:30,14.04,14.05,14.04,14.05,985650
2026-08-24T09:19:00+05:30,14.04,14.06,14.04,14.05,1591752
2026-08-24T09:20:00+05:30,14.04,14.05,14.03,14.04,1739845
2026-08-24T09:21:00+05:30,14.06,14.07,14.05,14.06,1960884
2026-08-24T09:22:00+05:30,14.06,14.09,14.05,14.08,2338285
2026-08-24T09:23:00+05:30,14.08,14.09,14.06,14.07,1536230
2026-08-24T09:24:00+05:30,14.06,14.08,14.06,14.08,1970067
2026-08-24T09:25:00+05:30,14.08,14.08,14.06,14.06,431520
2026-08-24T09:26:00+05:30,14.06,14.07,14.06,14.06,392988
2026-08-24T09:27:00+05:30,14.07,14.07,14.06,14.07,1835537
2026-08-24T09:28:00+05:30,14.08,14.09,14.08,14.09,1226343
2026-08-24T09:29:00+05:30,14.09,14.09,14.07,14.07,1198562
2026-08-24T09:30:00+05:30,14.08,14.08,14.06,14.08,296801
2026-08-24T09:31:00+05:30,14.08,14.08,14.05,14.05,958773
2026-08-24T09:32:00+05:30,14.06,14.06,14.04,14.05,1093814
2026-08-24T09:33:00+05:30,14.04,14.07,14.04,14.07,716938
2026-08-24T09:34:00+05:30,14.07,14.07,14.05,14.06,658908
2026-08-24T09:35:00+05:30,14.06,14.06,14.05,14.05,474719
2026-08-24T09:36:00+05:30,14.05,14.06,14.05,14.05,185265
2026-08-24T09:37:00+05:30,14.05,14.08,14.05,14.07,995632
2026-08-24T09:38:00+05:30,14.07,14.08,14.06,14.07,326006
2026-08-24T09:39:00+05:30,14.06,14.07,14.05,14.07,428258
2026-08-24T09:40:00+05:30,14.06,14.07,14.05,14.07,680541
2026-08-24T09:41:00+05:30,14.06,14.07,14.06,14.07,109524
2026-08-24T09:42:00+05:30,14.06,14.07,14.05,14.06,475478
2026-08-24T09:43:00+05:30,14.06,14.07,14.05,14.06,140422
2026-08-24T09:44:00+05:30,14.05,14.07,14.05,14.06,228186
2026-08-24T09:45:00+05:30,14.06,14.07,14.06,14.06,213156
2026-08-24T09:46:00+05:30,14.06,14.07,14.06,14.06,194588
2026-08-24T09:47:00+05:30,14.06,14.07,14.05,14.05,240094
2026-08-24T09:48:00+05:30,14.06,14.07,14.06,14.07,249058
2026-08-24T09:49:00+05:30,14.05,14.07,14.05,14.06,533541
2026-08-24T09:50:00+05:30,14.06,14.07,14.05,14.06,428862
2026-08-24T09:51:00+05:30,14.05,14.06,14.05,14.05,221087
2026-08-24T09:52:00+05:30,14.05,14.06,14.05,14.06,1730256
2026-08-24T09:53:00+05:30,14.06,14.06,14.05,14.05,137024
2026-08-24T09:54:00+05:30,14.06,14.06,14.05,14.06,208428
2026-08-24T09:55:00+05:30,14.05,14.06,14.05,14.06,178910
2026-08-24T09:56:00+05:30,14.05,14.07,14.05,14.06,470251
2026-08-24T09:57:00+05:30,14.05,14.07,14.05,14.06,197222
2026-08-24T09:58:00+05:30,14.06,14.07,14.05,14.06,229681
2026-08-24T09:59:00+05:30,14.05,14.05,14.04,14.05,793634
2026-08-24T10:00:00+05:30,14.05,14.05,14.04,14.04,729696
2026-08-24T10:01:00+05:30,14.04,14.05,14.04,14.04,225050
2026-08-24T10:02:00+05:30,14.05,14.06,14.04,14.06,455227
2026-08-24T10:03:00+05:30,14.06,14.07,14.06,14.06,705838
2026-08-24T10:04:00+05:30,14.06,14.07,14.06,14.07,150599
2026-08-24T10:05:00+05:30,14.07,14.07,14.06,14.06,239230
2026-08-24T10:06:00+05:30,14.07,14.07,14.06,14.06,391276
2026-08-24T10:07:00+05:30,14.05,14.06,14.05,14.06,263418
2026-08-24T10:08:00+05:30,14.05,14.06,14.05,14.05,638593
2026-08-24T10:09:00+05:30,14.04,14.05,14.04,14.05,253212
2026-08-24T10:10:00+05:30,14.04,14.05,14.04,14.05,355007
2026-08-24T10:11:00+05:30,14.04,14.05,14.04,14.05,311795
2026-08-24T10:12:00+05:30,14.05,14.05,14.04,14.05,74901
2026-08-24T10:13:00+05:30,14.04,14.05,14.04,14.05,289293
2026-08-24T10:14:00+05:30,14.04,14.05,14.03,14.03,782206
2026-08-24T10:15:00+05:30,14.04,14.04,14.03,14.03,260009
2026-08-24T10:16:00+05:30,14.03,14.04,14.03,14.04,84376
2026-08-24T10:17:00+05:30,14.03,14.04,14.03,14.04,268342
2026-08-24T10:18:00+05:30,14.03,14.04,14.02,14.03,570824
2026-08-24T10:19:00+05:30,14.03,14.04,14.02,14.03,740144
2026-08-24T10:20:00+05:30,14.03,14.04,14.02,14.03,346921
2026-08-24T10:21:00+05:30,14.02,14.03,14.02,14.03,320055
2026-08-24T10:22:00+05:30,14.04,14.04,14.03,14.04,716531
2026-08-24T10:23:00+05:30,14.03,14.04,14.03,14.03,359858
2026-08-24T10:24:00+05:30,14.04,14.06,14.03,14.06,445430
2026-08-24T10:25:00+05:30,14.05,14.06,14.04,14.04,731124
2026-08-24T10:26:00+05:30,14.04,14.06,14.04,14.06,558885
2026-08-24T10:27:00+05:30,14.05,14.07,14.05,14.06,1685829
2026-08-24T10:28:00+05:30,14.05,14.07,14.05,14.06,861372
2026-08-24T10:29:00+05:30,14.06,14.1,14.06,14.1,6174010
2026-08-24T10:30:00+05:30,14.09,14.1,14.08,14.08,781793
2026-08-24T10:31:00+05:30,14.08,14.1,14.08,14.09,1397527
2026-08-24T10:32:00+05:30,14.09,14.11,14.07,14.1,2770348
2026-08-24T10:33:00+05:30,14.1,14.12,14.09,14.11,693275
2026-08-24T10:34:00+05:30,14.1,14.11,14.1,14.1,500144
2026-08-24T10:35:00+05:30,14.1,14.11,14.09,14.1,769087
2026-08-24T10:36:00+05:30,14.11,14.11,14.09,14.09,411403
2026-08-24T10:37:00+05:30,14.1,14.11,14.09,14.11,499940
2026-08-24T10:38:00+05:30,14.11,14.11,14.1,14.11,242875
2026-08-24T10:39:00+05:30,14.1,14.11,14.1,14.1,864566
2026-08-24T10:40:00+05:30,14.11,14.11,14.1,14.11,213732
2026-08-24T10:41:00+05:30,14.1,14.11,14.1,14.11,208442
2026-08-24T10:42:00+05:30,14.1,14.11,14.1,14.11,185777
2026-08-24T10:43:00+05:30,14.11,14.11,14.1,14.1,492217
2026-08-24T10:44:00+05:30,14.11,14.11,14.1,14.1,224680
2026-08-24T10:45:00+05:30,14.11,14.11,14.08,14.09,808431
2026-08-24T10:46:00+05:30,14.08,14.09,14.08,14.08,145498
2026-08-24T10:47:00+05:30,14.08,14.09,14.08,14.08,344100
2026-08-24T10:48:00+05:30,14.09,14.09,14.08,14.08,302806
2026-08-24T10:49:00+05:30,14.08,14.08,14.07,14.07,523467
2026-08-24T10:50:00+05:30,14.07,14.08,14.06,14.07,280422
2026-08-24T10:51:00+05:30,14.06,14.07,14.06,14.06,258613
2026-08-24T10:52:00+05:30,14.06,14.07,14.06,14.07,398163
2026-08-24T10:53:00+05:30,14.06,14.07,14.06,14.06,120769
2026-08-24T10:54:00+05:30,14.06,14.07,14.06,14.07,182190
2026-08-24T10:55:00+05:30,14.06,14.07,14.05,14.06,1620152
2026-08-24T10:56:00+05:30,14.06,14.06,14.05,14.06,187271
2026-08-24T10:57:00+05:30,14.06,14.06,14.05,14.06,140366
2026-08-24T10:58:00+05:30,14.06,14.06,14.05,14.06,812113
2026-08-24T10:59:00+05:30,14.06,14.06,14.04,14.04,1544486
2026-08-24T11:00:00+05:30,14.05,14.05,14.04,14.05,373436
2026-08-24T11:01:00+05:30,14.04,14.06,14.04,14.05,262337
2026-08-24T11:02:00+05:30,14.05,14.06,14.04,14.06,117838
2026-08-24T11:03:00+05:30,14.05,14.06,14.04,14.04,674539
2026-08-24T11:04:00+05:30,14.04,14.05,14.04,14.04,136412
2026-08-24T11:05:00+05:30,14.05,14.05,14.04,14.04,97724
2026-08-24T11:06:00+05:30,14.05,14.06,14.04,14.06,485423
2026-08-24T11:07:00+05:30,14.06,14.06,14.05,14.06,456036
2026-08-24T11:08:00+05:30,14.05,14.05,14.04,14.05,442148
2026-08-24T11:09:00+05:30,14.04,14.05,14.04,14.05,492872
2026-08-24T11:10:00+05:30,14.04,14.06,14.04,14.06,373152
2026-08-24T11:11:00+05:30,14.06,14.06,14.04,14.05,462308
2026-08-24T11:12:00+05:30,14.05,14.06,14.04,14.04,382439
2026-08-24T11:13:00+05:30,14.03,14.05,14.03,14.04,1430344
2026-08-24T11:14:00+05:30,14.04,14.05,14.04,14.04,69771
2026-08-24T11:15:00+05:30,14.05,14.05,14.03,14.03,487184
2026-08-24T11:16:00+05:30,14.03,14.05,14.03,14.05,867145
2026-08-24T11:17:00+05:30,14.05,14.05,14.03,14.04,336407
2026-08-24T11:18:00+05:30,14.04,14.05,14.04,14.05,81708
2026-08-24T11:19:00+05:30,14.04,14.05,14.04,14.04,121044
2026-08-24T11:20:00+05:30,14.04,14.05,14.04,14.05,119394
2026-08-24T11:21:00+05:30,14.04,14.05,14.03,14.04,161330
2026-08-24T11:22:00+05:30,14.03,14.04,14.03,14.03,47252
2026-08-24T11:23:00+05:30,14.03,14.04,14.03,14.03,76537
2026-08-24T11:24:00+05:30,14.03,14.04,14.03,14.04,25196
2026-08-24T11:25:00+05:30,14.04,14.04,14.03,14.04,156409
2026-08-24T11:26:00+05:30,14.04,14.04,14.03,14.03,141592
2026-08-24T11:27:00+05:30,14.03,14.04,14.03,14.03,32466
2026-08-24T11:28:00+05:30,14.03,14.04,14.03,14.04,232818
2026-08-24T11:29:00+05:30,14.04,14.04,14.03,14.04,64073
2026-08-24T11:30:00+05:30,14.04,14.06,14.03,14.06,333049
2026-08-24T11:31:00+05:30,14.06,14.06,14.05,14.05,575342
2026-08-24T11:32:00+05:30,14.05,14.06,14.04,14.05,125675
2026-08-24T11:33:00+05:30,14.05,14.06,14.04,14.06,89604
2026-08-24T11:34:00+05:30,14.06,14.06,14.05,14.06,210079
2026-08-24T11:35:00+05:30,14.05,14.06,14.03,14.04,894112
2026-08-24T11:36:00+05:30,14.04,14.04,14.03,14.03,345431
2026-08-24T11:37:00+05:30,14.03,14.05,14.03,14.04,204523
2026-08-24T11:38:00+05:30,14.03,14.06,14.03,14.05,466479
2026-08-24T11:39:00+05:30,14.05,14.06,14.04,14.06,406294
2026-08-24T11:40:00+05:30,14.05,14.07,14.05,14.06,434930
2026-08-24T11:41:00+05:30,14.06,14.07,14.06,14.06,173038
2026-08-24T11:42:00+05:30,14.06,14.07,14.06,14.07,111521
2026-08-24T11:43:00+05:30,14.07,14.07,14.05,14.06,104892
2026-08-24T11:44:00+05:30,14.06,14.07,14.05,14.07,508745
2026-08-24T11:45:00+05:30,14.06,14.07,14.06,14.06,258634
2026-08-24T11:46:00+05:30,14.06,14.07,14.06,14.06,614529
2026-08-24T11:47:00+05:30,14.07,14.08,14.07,14.07,310906
2026-08-24T11:48:00+05:30,14.07,14.08,14.07,14.08,180918
2026-08-24T11:49:00+05:30,14.08,14.09,14.07,14.09,1346407
2026-08-24T11:50:00+05:30,14.09,14.1,14.08,14.08,595987
2026-08-24T11:51:00+05:30,14.08,14.09,14.08,14.09,241874
2026-08-24T11:52:00+05:30,14.08,14.09,14.08,14.08,214516
2026-08-24T11:53:00+05:30,14.08,14.09,14.08,14.08,220752
2026-08-24T11:54:00+05:30,14.08,14.09,14.07,14.07,229886
2026-08-24T11:55:00+05:30,14.07,14.08,14.06,14.06,374499
2026-08-24T11:56:00+05:30,14.06,14.07,14.06,14.06,120825
2026-08-24T11:57:00+05:30,14.06,14.08,14.06,14.07,94277
2026-08-24T11:58:00+05:30,14.07,14.08,14.06,14.07,311579
2026-08-24T11:59:00+05:30,14.07,14.08,14.07,14.08,263228
2026-08-24T12:00:00+05:30,14.07,14.08,14.06,14.07,248658
2026-08-24T12:01:00+05:30,14.07,14.08,14.06,14.07,267666
2026-08-24T12:02:00+05:30,14.07,14.08,14.07,14.08,129033
2026-08-24T12:03:00+05:30,14.08,14.08,14.07,14.08,724870
2026-08-24T12:04:00+05:30,14.08,14.09,14.08,14.08,121274
2026-08-24T12:05:00+05:30,14.08,14.09,14.08,14.08,645678
2026-08-24T12:06:00+05:30,14.08,14.09,14.08,14.09,204968
2026-08-24T12:07:00+05:30,14.09,14.09,14.08,14.09,89679
2026-08-24T12:08:00+05:30,14.09,14.09,14.08,14.09,76272
2026-08-24T12:09:00+05:30,14.09,14.16,14.08,14.14,12750433
2026-08-24T12:10:00+05:30,14.14,14.15,14.09,14.09,1755582
2026-08-24T12:11:00+05:30,14.09,14.13,14.09,14.12,1491806
2026-08-24T12:12:00+05:30,14.12,14.13,14.11,14.13,274232
2026-08-24T12:13:00+05:30,14.13,14.14,14.12,14.12,1354883
2026-08-24T12:14:00+05:30,14.12,14.13,14.12,14.12,156396
2026-08-24T12:15:00+05:30,14.12,14.13,14.1,14.1,918651
2026-08-24T12:16:00+05:30,14.1,14.11,14.1,14.11,505831
2026-08-24T12:17:00+05:30,14.11,14.11,14.09,14.09,323795
2026-08-24T12:18:00+05:30,14.09,14.11,14.09,14.09,673447
2026-08-24T12:19:00+05:30,14.09,14.11,14.09,14.11,437049
2026-08-24T12:20:00+05:30,14.11,14.11,14.1,14.11,257436
2026-08-24T12:21:00+05:30,14.11,14.11,14.1,14.1,207734
2026-08-24T12:22:00+05:30,14.1,14.11,14.09,14.11,301047
2026-08-24T12:23:00+05:30,14.1,14.11,14.1,14.1,749502
2026-08-24T12:24:00+05:30,14.1,14.11,14.1,14.11,223362
2026-08-24T12:25:00+05:30,14.11,14.12,14.1,14.11,321389
2026-08-24T12:26:00+05:30,14.11,14.13,14.11,14.12,457891
2026-08-24T12:27:00+05:30,14.12,14.13,14.12,14.13,148226
2026-08-24T12:28:00+05:30,14.12,14.13,14.12,14.12,1391125
2026-08-24T12:29:00+05:30,14.12,14.14,14.12,14.13,172539
2026-08-24T12:30:00+05:30,14.13,14.13,14.12,14.12,345032
2026-08-24T12:31:00+05:30,14.13,14.13,14.12,14.12,545188
2026-08-24T12:32:00+05:30,14.13,14.13,14.12,14.12,328035
2026-08-24T12:33:00+05:30,14.12,14.14,14.12,14.14,1576404
2026-08-24T12:34:00+05:30,14.14,14.14,14.13,14.13,761389
2026-08-24T12:35:00+05:30,14.13,14.14,14.13,14.14,916217
2026-08-24T12:36:00+05:30,14.14,14.14,14.12,14.13,557188
2026-08-24T12:37:00+05:30,14.12,14.14,14.12,14.14,384599
2026-08-24T12:38:00+05:30,14.13,14.14,14.12,14.12,8867013
2026-08-24T12:39:00+05:30,14.12,14.13,14.12,14.13,69818
2026-08-24T12:40:00+05:30,14.13,14.14,14.12,14.12,452354
2026-08-24T12:41:00+05:30,14.12,14.14,14.12,14.13,341208
2026-08-24T12:42:00+05:30,14.14,14.14,14.12,14.12,299927
2026-08-24T12:43:00+05:30,14.12,14.13,14.12,14.13,128122
2026-08-24T12:44:00+05:30,14.13,14.13,14.12,14.13,107354
2026-08-24T12:45:00+05:30,14.13,14.13,14.12,14.13,180124
2026-08-24T12:46:00+05:30,14.12,14.13,14.12,14.13,88676
2026-08-24T12:47:00+05:30,14.13,14.13,14.12,14.13,494031
2026-08-24T12:48:00+05:30,14.12,14.13,14.11,14.12,206163
2026-08-24T12:49:00+05:30,14.12,14.12,14.11,14.11,629962
2026-08-24T12:50:00+05:30,14.11,14.12,14.1,14.11,778398
2026-08-24T12:51:00+05:30,14.1,14.12,14.1,14.11,237593
2026-08-24T12:52:00+05:30,14.12,14.12,14.1,14.11,359018
2026-08-24T12:53:00+05:30,14.1,14.11,14.1,14.11,317814
2026-08-24T12:54:00+05:30,14.11,14.11,14.1,14.1,152181
2026-08-24T12:55:00+05:30,14.1,14.11,14.1,14.11,285504
2026-08-24T12:56:00+05:30,14.11,14.11,14.1,14.11,296282
2026-08-24T12:57:00+05:30,14.11,14.11,14.1,14.1,99002
2026-08-24T12:58:00+05:30,14.1,14.11,14.1,14.11,391488
2026-08-24T12:59:00+05:30,14.11,14.11,14.09,14.09,174149
2026-08-24T13:00:00+05:30,14.09,14.1,14.09,14.09,435532
2026-08-24T13:01:00+05:30,14.09,14.1,14.09,14.09,330805
2026-08-24T13:02:00+05:30,14.09,14.1,14.09,14.09,588305
2026-08-24T13:03:00+05:30,14.09,14.1,14.09,14.09,85343
2026-08-24T13:04:00+05:30,14.09,14.11,14.09,14.11,762029
2026-08-24T13:05:00+05:30,14.11,14.11,14.1,14.11,56204
2026-08-24T13:06:00+05:30,14.11,14.11,14.1,14.1,96652
2026-08-24T13:07:00+05:30,14.11,14.11,14.1,14.1,191618
2026-08-24T13:08:00+05:30,14.11,14.11,14.1,14.11,63525
2026-08-24T13:09:00+05:30,14.1,14.11,14.1,14.1,51257
2026-08-24T13:10:00+05:30,14.11,14.11,14.1,14.1,178648
2026-08-24T13:11:00+05:30,14.1,14.11,14.1,14.1,54532
2026-08-24T13:12:00+05:30,14.11,14.11,14.09,14.1,312676
2026-08-24T13:13:00+05:30,14.09,14.1,14.09,14.1,86327
2026-08-24T13:14:00+05:30,14.1,14.1,14.09,14.1,122417
2026-08-24T13:15:00+05:30,14.1,14.1,14.09,14.09,152551
2026-08-24T13:16:00+05:30,14.09,14.1,14.09,14.09,79138
2026-08-24T13:17:00+05:30,14.1,14.11,14.09,14.09,918687
2026-08-24T13:18:00+05:30,14.1,14.1,14.09,14.09,280124
2026-08-24T13:19:00+05:30,14.09,14.1,14.08,14.08,789053
2026-08-24T13:20:00+05:30,14.09,14.1,14.08,14.1,244193
2026-08-24T13:21:00+05:30,14.08,14.09,14.08,14.08,613276
2026-08-24T13:22:00+05:30,14.08,14.09,14.08,14.08,89710
2026-08-24T13:23:00+05:30,14.08,14.09,14.07,14.07,1038734
2026-08-24T13:24:00+05:30,14.08,14.08,14.07,14.08,173981
2026-08-24T13:25:00+05:30,14.07,14.08,14.07,14.07,84034
2026-08-24T13:26:00+05:30,14.07,14.08,14.07,14.08,117463
2026-08-24T13:27:00+05:30,14.07,14.09,14.07,14.08,800933
2026-08-24T13:28:00+05:30,14.09,14.09,14.08,14.08,108145
2026-08-24T13:29:00+05:30,14.09,14.09,14.08,14.08,213362
2026-08-24T13:30:00+05:30,14.08,14.09,14.08,14.08,264232
2026-08-24T13:31:00+05:30,14.08,14.09,14.08,14.08,80733
2026-08-24T13:32:00+05:30,14.09,14.09,14.07,14.08,311197
2026-08-24T13:33:00+05:30,14.08,14.09,14.07,14.07,399843
2026-08-24T13:34:00+05:30,14.07,14.08,14.07,14.08,73359
2026-08-24T13:35:00+05:30,14.07,14.08,14.07,14.07,136655
2026-08-24T13:36:00+05:30,14.07,14.08,14.07,14.08,31052
2026-08-24T13:37:00+05:30,14.07,14.08,14.07,14.08,226554
2026-08-24T13:38:00+05:30,14.07,14.08,14.07,14.07,47855
2026-08-24T13:39:00+05:30,14.08,14.08,14.07,14.08,32811
2026-08-24T13:40:00+05:30,14.08,14.08,14.07,14.07,39041
2026-08-24T13:41:00+05:30,14.07,14.08,14.07,14.08,238949
2026-08-24T13:42:00+05:30,14.07,14.08,14.07,14.08,101736
2026-08-24T13:43:00+05:30,14.08,14.08,14.07,14.07,40737
2026-08-24T13:44:00+05:30,14.07,14.08,14.07,14.08,168970
2026-08-24T13:45:00+05:30,14.07,14.08,14.07,14.08,63628
2026-08-24T13:46:00+05:30,14.07,14.08,14.07,14.08,92897
2026-08-24T13:47:00+05:30,14.08,14.08,14.07,14.07,150137
2026-08-24T13:48:00+05:30,14.08,14.09,14.07,14.08,117172
2026-08-24T13:49:00+05:30,14.08,14.09,14.08,14.08,216928
2026-08-24T13:50:00+05:30,14.09,14.09,14.08,14.08,44949
2026-08-24T13:51:00+05:30,14.09,14.09,14.08,14.08,116665
2026-08-24T13:52:00+05:30,14.08,14.09,14.08,14.08,220996
2026-08-24T13:53:00+05:30,14.08,14.09,14.08,14.08,205934
2026-08-24T13:54:00+05:30,14.08,14.08,14.07,14.08,980014
2026-08-24T13:55:00+05:30,14.08,14.09,14.07,14.08,359692
2026-08-24T13:56:00+05:30,14.08,14.09,14.07,14.08,94390
2026-08-24T13:57:00+05:30,14.08,14.09,14.08,14.09,85655
2026-08-24T13:58:00+05:30,14.08,14.09,14.07,14.07,340137
2026-08-24T13:59:00+05:30,14.08,14.08,14.07,14.07,752092
2026-08-24T14:00:00+05:30,14.07,14.08,14.07,14.07,26960
2026-08-24T14:01:00+05:30,14.07,14.08,14.07,14.07,514615
2026-08-24T14:02:00+05:30,14.08,14.08,14.07,14.07,109035
2026-08-24T14:03:00+05:30,14.07,14.08,14.07,14.08,52697
2026-08-24T14:04:00+05:30,14.07,14.08,14.07,14.08,91025
2026-08-24T14:05:00+05:30,14.08,14.08,14.07,14.07,130474
2026-08-24T14:06:00+05:30,14.07,14.08,14.07,14.08,125508
2026-08-24T14:07:00+05:30,14.08,14.08,14.07,14.07,62019
2026-08-24T14:08:00+05:30,14.07,14.08,14.07,14.07,255299
2026-08-24T14:09:00+05:30,14.08,14.08,14.07,14.07,83697
2026-08-24T14:10:00+05:30,14.08,14.08,14.07,14.07,344733
2026-08-24T14:11:00+05:30,14.08,14.08,14.06,14.06,637833
2026-08-24T14:12:00+05:30,14.06,14.07,14.06,14.07,101659
2026-08-24T14:13:00+05:30,14.07,14.07,14.06,14.07,89233
2026-08-24T14:14:00+05:30,14.07,14.07,14.06,14.06,475616
2026-08-24T14:15:00+05:30,14.07,14.07,14.06,14.07,126914
2026-08-24T14:16:00+05:30,14.06,14.08,14.06,14.06,389461
2026-08-24T14:17:00+05:30,14.06,14.08,14.06,14.08,735722
2026-08-24T14:18:00+05:30,14.07,14.08,14.07,14.07,31481
2026-08-24T14:19:00+05:30,14.07,14.08,14.06,14.07,269429
2026-08-24T14:20:00+05:30,14.07,14.08,14.06,14.06,100657
2026-08-24T14:21:00+05:30,14.06,14.08,14.06,14.08,242995
2026-08-24T14:22:00+05:30,14.07,14.08,14.07,14.08,156763
2026-08-24T14:23:00+05:30,14.07,14.08,14.06,14.06,265223
2026-08-24T14:24:00+05:30,14.07,14.08,14.06,14.06,293606
2026-08-24T14:25:00+05:30,14.06,14.08,14.06,14.07,96992
2026-08-24T14:26:00+05:30,14.06,14.07,14.06,14.07,107236
2026-08-24T14:27:00+05:30,14.06,14.07,14.06,14.07,237741
2026-08-24T14:28:00+05:30,14.07,14.08,14.06,14.07,136809
2026-08-24T14:29:00+05:30,14.08,14.08,14.07,14.07,357186
2026-08-24T14:30:00+05:30,14.07,14.08,14.06,14.07,1325531
2026-08-24T14:31:00+05:30,14.07,14.07,14.04,14.05,2309173
2026-08-24T14:32:00+05:30,14.05,14.05,14.04,14.04,1105096
2026-08-24T14:33:00+05:30,14.04,14.05,14.04,14.05,1749092
2026-08-24T14:34:00+05:30,14.04,14.05,14.03,14.04,439818
2026-08-24T14:35:00+05:30,14.03,14.04,14.03,14.04,117802
2026-08-24T14:36:00+05:30,14.04,14.04,14.03,14.04,778359
2026-08-24T14:37:00+05:30,14.03,14.05,14.03,14.04,2083726
2026-08-24T14:38:00+05:30,14.04,14.05,14.04,14.04,399706
2026-08-24T14:39:00+05:30,14.04,14.04,14.03,14.04,1940142
2026-08-24T14:40:00+05:30,14.03,14.04,14.03,14.03,825430
2026-08-24T14:41:00+05:30,14.04,14.04,14.03,14.03,957398
2026-08-24T14:42:00+05:30,14.04,14.05,14.03,14.04,1623798
2026-08-24T14:43:00+05:30,14.05,14.06,14.05,14.06,1150212
2026-08-24T14:44:00+05:30,14.05,14.07,14.05,14.05,1116111
2026-08-24T14:45:00+05:30,14.05,14.06,14.05,14.05,607613
2026-08-24T14:46:00+05:30,14.05,14.06,14.05,14.05,247500
2026-08-24T14:47:00+05:30,14.05,14.06,14.04,14.04,846893
2026-08-24T14:48:00+05:30,14.04,14.06,14.04,14.06,945456
2026-08-24T14:49:00+05:30,14.06,14.06,14.05,14.05,284203
2026-08-24T14:50:00+05:30,14.06,14.07,14.05,14.06,1551030
2026-08-24T14:51:00+05:30,14.06,14.07,14.06,14.06,815350
2026-08-24T14:52:00+05:30,14.06,14.07,14.06,14.06,180735
2026-08-24T14:53:00+05:30,14.06,14.07,14.06,14.07,164588
2026-08-24T14:54:00+05:30,14.07,14.07,14.06,14.07,240678
2026-08-24T14:55:00+05:30,14.07,14.07,14.05,14.05,1680716
2026-08-24T14:56:00+05:30,14.05,14.06,14.04,14.04,719097
2026-08-24T14:57:00+05:30,14.04,14.05,14.04,14.04,698038
2026-08-24T14:58:00+05:30,14.04,14.05,14.04,14.05,462754
2026-08-24T14:59:00+05:30,14.05,14.06,14.04,14.04,1553917
2026-08-24T15:00:00+05:30,14.04,14.05,14.04,14.05,902098
2026-08-24T15:01:00+05:30,14.05,14.06,14.05,14.06,2454859
2026-08-24T15:02:00+05:30,14.06,14.06,14.05,14.06,641884
2026-08-24T15:03:00+05:30,14.06,14.09,14.06,14.09,4605767
2026-08-24T15:04:00+05:30,14.09,14.09,14.07,14.07,682044
2026-08-24T15:05:00+05:30,14.07,14.08,14.07,14.08,1612972
2026-08-24T15:06:00+05:30,14.08,14.09,14.07,14.07,3917233
2026-08-24T15:07:00+05:30,14.07,14.08,14.06,14.07,972378
2026-08-24T15:08:00+05:30,14.07,14.07,14.06,14.06,549256
2026-08-24T15:09:00+05:30,14.06,14.07,14.05,14.06,1611097
2026-08-24T15:10:00+05:30,14.06,14.06,14.05,14.05,1005665
2026-08-24T15:11:00+05:30,14.05,14.07,14.05,14.07,1804097
2026-08-24T15:12:00+05:30,14.07,14.07,14.05,14.07,5742682
2026-08-24T15:13:00+05:30,14.07,14.07,14.06,14.07,770333
2026-08-24T15:14:00+05:30,14.07,14.07,14.05,14.05,1224473
2026-08-25T09:15:00+05:30,14.09,14.12,14.08,14.11,3105260
2026-08-25T09:16:00+05:30,14.11,14.14,14.1,14.13,7952697
2026-08-25T09:17:00+05:30,14.14,14.15,14.13,14.15,3420821
2026-08-25T09:18:00+05:30,14.14,14.15,14.13,14.13,2653024
2026-08-25T09:19:00+05:30,14.13,14.17,14.13,14.14,5326897
2026-08-25T09:20:00+05:30,14.14,14.15,14.14,14.14,1576339
2026-08-25T09:21:00+05:30,14.15,14.17,14.12,14.17,7536628
2026-08-25T09:22:00+05:30,14.16,14.17,14.15,14.16,1606270
2026-08-25T09:23:00+05:30,14.15,14.22,14.15,14.22,15073686
2026-08-25T09:24:00+05:30,14.19,14.2,14.18,14.2,5666733
2026-08-25T09:25:00+05:30,14.2,14.25,14.19,14.24,5833590
2026-08-25T09:26:00+05:30,14.24,14.25,14.23,14.25,1953591
2026-08-25T09:27:00+05:30,14.24,14.25,14.22,14.23,2072332
2026-08-25T09:28:00+05:30,14.23,14.24,14.18,14.18,4001035
2026-08-25T09:29:00+05:30,14.19,14.19,14.15,14.19,7857925
2026-08-25T09:30:00+05:30,14.19,14.24,14.18,14.23,5164489
2026-08-25T09:31:00+05:30,14.23,14.27,14.23,14.25,7384011
2026-08-25T09:32:00+05:30,14.25,14.29,14.24,14.28,3824337
2026-08-25T09:33:00+05:30,14.27,14.3,14.27,14.29,14457661
2026-08-25T09:34:00+05:30,14.29,14.3,14.28,14.29,2438794
2026-08-25T09:35:00+05:30,14.28,14.3,14.27,14.28,2707524
2026-08-25T09:36:00+05:30,14.28,14.3,14.28,14.3,2982792
2026-08-25T09:37:00+05:30,14.29,14.43,14.29,14.43,30670698
2026-08-25T09:38:00+05:30,14.41,14.47,14.4,14.44,13800115
2026-08-25T09:39:00+05:30,14.43,14.49,14.41,14.43,11601156
2026-08-25T09:40:00+05:30,14.43,14.5,14.42,14.5,7265797
2026-08-25T09:41:00+05:30,14.5,14.55,14.49,14.52,14280543
2026-08-25T09:42:00+05:30,14.52,14.55,14.47,14.54,8676140
2026-08-25T09:43:00+05:30,14.54,14.55,14.51,14.51,6142553
2026-08-25T09:44:00+05:30,14.51,14.58,14.5,14.56,9892176
2026-08-25T09:45:00+05:30,14.57,14.66,14.57,14.63,20024868
2026-08-25T09:46:00+05:30,14.63,14.65,14.62,14.65,7215128
2026-08-25T09:47:00+05:30,14.66,14.67,14.63,14.64,7733616
2026-08-25T09:48:00+05:30,14.64,14.65,14.61,14.62,6896511
2026-08-25T09:49:00+05:30,14.62,14.68,14.62,14.66,9916199
2026-08-25T09:50:00+05:30,14.66,14.68,14.65,14.66,5928617
2026-08-25T09:51:00+05:30,14.65,14.68,14.6,14.62,8674432
2026-08-25T09:52:00+05:30,14.61,14.7,14.61,14.7,16793511
2026-08-25T09:53:00+05:30,14.7,14.72,14.65,14.66,11577125
2026-08-25T09:54:00+05:30,14.66,14.68,14.66,14.67,2408134
2026-08-25T09:55:00+05:30,14.66,14.67,14.58,14.58,7671272
2026-08-25T09:56:00+05:30,14.59,14.67,14.56,14.66,7696462
2026-08-25T09:57:00+05:30,14.66,14.67,14.64,14.65,4843910
2026-08-25T09:58:00+05:30,14.66,14.76,14.65,14.74,20013646
2026-08-25T09:59:00+05:30,14.74,14.74,14.71,14.72,5499345
2026-08-25T10:00:00+05:30,14.72,14.74,14.7,14.71,5888993
2026-08-25T10:01:00+05:30,14.71,14.72,14.67,14.68,2709522
2026-08-25T10:02:00+05:30,14.68,14.71,14.67,14.7,3220071
2026-08-25T10:03:00+05:30,14.69,14.7,14.68,14.69,1717252
2026-08-25T10:04:00+05:30,14.68,14.69,14.66,14.66,1815269
2026-08-25T10:05:00+05:30,14.66,14.69,14.66,14.69,2489816
2026-08-25T10:06:00+05:30,14.68,14.69,14.66,14.68,1258279
2026-08-25T10:07:00+05:30,14.68,14.7,14.67,14.68,1902268
2026-08-25T10:08:00+05:30,14.7,14.7,14.66,14.66,2212747
2026-08-25T10:09:00+05:30,14.67,14.67,14.63,14.64,3566958
2026-08-25T10:10:00+05:30,14.63,14.65,14.63,14.64,2388660
2026-08-25T10:11:00+05:30,14.64,14.65,14.63,14.65,1765522
2026-08-25T10:12:00+05:30,14.65,14.66,14.64,14.64,1095857
2026-08-25T10:13:00+05:30,14.65,14.65,14.64,14.65,953771
2026-08-25T10:14:00+05:30,14.65,14.68,14.64,14.68,3539025
2026-08-25T10:15:00+05:30,14.67,14.68,14.67,14.68,685755
2026-08-25T10:16:00+05:30,14.68,14.68,14.66,14.66,800449
2026-08-25T10:17:00+05:30,14.66,14.69,14.66,14.68,2890546
2026-08-25T10:18:00+05:30,14.68,14.68,14.65,14.65,2210333
2026-08-25T10:19:00+05:30,14.66,14.66,14.65,14.65,560656
2026-08-25T10:20:00+05:30,14.65,14.66,14.62,14.62,4573228
2026-08-25T10:21:00+05:30,14.63,14.65,14.62,14.65,1891896
2026-08-25T10:22:00+05:30,14.65,14.65,14.64,14.64,969631
2026-08-25T10:23:00+05:30,14.64,14.65,14.64,14.65,1799744
2026-08-25T10:24:00+05:30,14.64,14.66,14.63,14.64,2101573
2026-08-25T10:25:00+05:30,14.65,14.7,14.64,14.7,10526159
2026-08-25T10:26:00+05:30,14.7,14.8,14.7,14.79,21949566
2026-08-25T10:27:00+05:30,14.79,14.83,14.78,14.82,10990610
2026-08-25T10:28:00+05:30,14.82,14.82,14.77,14.77,7220464
2026-08-25T10:29:00+05:30,14.78,14.79,14.73,14.74,4569434
2026-08-25T10:30:00+05:30,14.74,14.75,14.69,14.71,5009350
2026-08-25T10:31:00+05:30,14.7,14.72,14.69,14.7,2580203
2026-08-25T10:32:00+05:30,14.7,14.7,14.68,14.68,2093066
2026-08-25T10:33:00+05:30,14.68,14.72,14.68,14.72,2735410
2026-08-25T10:34:00+05:30,14.72,14.74,14.71,14.73,1878934
2026-08-25T10:35:00+05:30,14.72,14.73,14.69,14.71,4298976
2026-08-25T10:36:00+05:30,14.71,14.74,14.71,14.74,2617454
2026-08-25T10:37:00+05:30,14.73,14.74,14.72,14.73,1135718
2026-08-25T10:38:00+05:30,14.73,14.76,14.72,14.76,3170583
2026-08-25T10:39:00+05:30,14.76,14.76,14.75,14.76,1545366
2026-08-25T10:40:00+05:30,14.75,14.77,14.74,14.75,3193535
2026-08-25T10:41:00+05:30,14.74,14.75,14.69,14.7,4246962
2026-08-25T10:42:00+05:30,14.71,14.72,14.7,14.71,1717503
2026-08-25T10:43:00+05:30,14.71,14.72,14.71,14.72,1360350
2026-08-25T10:44:00+05:30,14.72,14.73,14.71,14.72,1179471
2026-08-25T10:45:00+05:30,14.72,14.72,14.71,14.71,956675
2026-08-25T10:46:00+05:30,14.72,14.72,14.71,14.71,1077545
2026-08-25T10:47:00+05:30,14.71,14.72,14.71,14.71,588511
2026-08-25T10:48:00+05:30,14.71,14.72,14.71,14.72,2156399
2026-08-25T10:49:00+05:30,14.72,14.73,14.7,14.71,1741798
2026-08-25T10:50:00+05:30,14.71,14.72,14.7,14.72,1125246
2026-08-25T10:51:00+05:30,14.72,14.75,14.71,14.73,1492196
2026-08-25T10:52:00+05:30,14.74,14.74,14.71,14.71,972322
2026-08-25T10:53:00+05:30,14.71,14.72,14.71,14.72,378649
2026-08-25T10:54:00+05:30,14.71,14.73,14.71,14.73,695632
2026-08-25T10:55:00+05:30,14.73,14.73,14.71,14.73,1962598
2026-08-25T10:56:00+05:30,14.72,14.74,14.72,14.73,610362
2026-08-25T10:57:00+05:30,14.73,14.77,14.73,14.76,5034416
2026-08-25T10:58:00+05:30,14.76,14.76,14.73,14.74,1020326
2026-08-25T10:59:00+05:30,14.75,14.77,14.74,14.76,2308749
2026-08-25T11:00:00+05:30,14.76,14.77,14.74,14.76,1916454
2026-08-25T11:01:00+05:30,14.77,14.78,14.77,14.77,2940090
2026-08-25T11:02:00+05:30,14.76,14.78,14.76,14.77,1558165
2026-08-25T11:03:00+05:30,14.77,14.78,14.76,14.76,1229134
2026-08-25T11:04:00+05:30,14.77,14.78,14.76,14.78,1557428
2026-08-25T11:05:00+05:30,14.78,14.78,14.76,14.77,1096744
2026-08-25T11:06:00+05:30,14.77,14.82,14.77,14.8,6403352
2026-08-25T11:07:00+05:30,14.81,14.83,14.8,14.81,4252147
2026-08-25T11:08:00+05:30,14.81,14.81,14.79,14.81,1744071
2026-08-25T11:09:00+05:30,14.8,14.81,14.79,14.8,1205379
2026-08-25T11:10:00+05:30,14.79,14.82,14.79,14.81,3405862
2026-08-25T11:11:00+05:30,14.82,14.82,14.81,14.82,1940781
2026-08-25T11:12:00+05:30,14.82,14.84,14.82,14.82,2090486
2026-08-25T11:13:00+05:30,14.82,14.83,14.81,14.81,1684960
2026-08-25T11:14:00+05:30,14.81,14.83,14.81,14.83,1820377
2026-08-25T11:15:00+05:30,14.82,14.84,14.82,14.83,1709041
2026-08-25T11:16:00+05:30,14.83,14.83,14.81,14.82,1654727
2026-08-25T11:17:00+05:30,14.81,14.82,14.8,14.81,1734864
2026-08-25T11:18:00+05:30,14.8,14.82,14.8,14.81,1273908
2026-08-25T11:19:00+05:30,14.81,14.82,14.81,14.81,617226
2026-08-25T11:20:00+05:30,14.81,14.82,14.81,14.82,996726
2026-08-25T11:21:00+05:30,14.82,14.83,14.81,14.82,1960515
2026-08-25T11:22:00+05:30,14.82,14.85,14.82,14.85,3444196
2026-08-25T11:23:00+05:30,14.84,14.86,14.84,14.86,5882636
2026-08-25T11:24:00+05:30,14.86,14.89,14.85,14.88,6312667
2026-08-25T11:25:00+05:30,14.88,14.88,14.86,14.87,2460241
2026-08-25T11:26:00+05:30,14.87,14.88,14.87,14.88,1104850
2026-08-25T11:27:00+05:30,14.88,14.89,14.87,14.88,2739496
2026-08-25T11:28:00+05:30,14.89,14.93,14.88,14.92,9353967
2026-08-25T11:29:00+05:30,14.92,14.94,14.9,14.93,5434168
2026-08-25T11:30:00+05:30,14.94,14.95,14.9,14.92,8256379
2026-08-25T11:31:00+05:30,14.92,14.96,14.92,14.94,7343214
2026-08-25T11:32:00+05:30,14.95,14.97,14.94,14.95,5507111
2026-08-25T11:33:00+05:30,14.95,14.95,14.93,14.93,3945041
2026-08-25T11:34:00+05:30,14.93,14.95,14.93,14.94,3088467
2026-08-25T11:35:00+05:30,14.95,14.98,14.94,14.96,5373096
2026-08-25T11:36:00+05:30,14.96,14.99,14.96,14.98,13791270
2026-08-25T11:37:00+05:30,14.98,15,14.97,14.99,10067154
2026-08-25T11:38:00+05:30,14.99,14.99,14.96,14.97,5008127
2026-08-25T11:39:00+05:30,14.97,14.98,14.95,14.95,3654129
2026-08-25T11:40:00+05:30,14.96,14.96,14.92,14.93,4074886
2026-08-25T11:41:00+05:30,14.93,14.94,14.9,14.91,4106516
2026-08-25T11:42:00+05:30,14.91,14.92,14.9,14.91,3947744
2026-08-25T11:43:00+05:30,14.92,14.92,14.91,14.91,1317726
2026-08-25T11:44:00+05:30,14.92,14.92,14.87,14.88,8015478
2026-08-25T11:45:00+05:30,14.88,14.88,14.87,14.88,1629384
2026-08-25T11:46:00+05:30,14.87,14.88,14.84,14.84,3557365
2026-08-25T11:47:00+05:30,14.84,14.86,14.82,14.84,4267014
2026-08-25T11:48:00+05:30,14.83,14.84,14.81,14.83,2835025
2026-08-25T11:49:00+05:30,14.83,14.86,14.82,14.85,3271988
2026-08-25T11:50:00+05:30,14.85,14.86,14.84,14.84,1102177
2026-08-25T11:51:00+05:30,14.85,14.85,14.82,14.83,1969969
2026-08-25T11:52:00+05:30,14.83,14.84,14.82,14.84,1131940
2026-08-25T11:53:00+05:30,14.83,14.84,14.82,14.84,1485861
2026-08-25T11:54:00+05:30,14.84,14.84,14.83,14.84,534362
2026-08-25T11:55:00+05:30,14.84,14.85,14.83,14.84,556487
2026-08-25T11:56:00+05:30,14.84,14.85,14.83,14.84,1452789
2026-08-25T11:57:00+05:30,14.84,14.85,14.83,14.84,822228
2026-08-25T11:58:00+05:30,14.85,14.85,14.84,14.84,351298
2026-08-25T11:59:00+05:30,14.85,14.86,14.84,14.86,668957
2026-08-25T12:00:00+05:30,14.86,14.88,14.85,14.87,1647569
2026-08-25T12:01:00+05:30,14.87,14.88,14.87,14.88,1122013
2026-08-25T12:02:00+05:30,14.88,14.89,14.87,14.89,1230235
2026-08-25T12:03:00+05:30,14.89,14.92,14.88,14.9,3711506
2026-08-25T12:04:00+05:30,14.9,14.91,14.9,14.91,1312209
2026-08-25T12:05:00+05:30,14.9,14.92,14.9,14.92,1158718
2026-08-25T12:06:00+05:30,14.92,14.93,14.91,14.92,991468
2026-08-25T12:07:00+05:30,14.92,14.93,14.91,14.92,1337556
2026-08-25T12:08:00+05:30,14.92,14.97,14.91,14.96,11317807
2026-08-25T12:09:00+05:30,14.97,14.97,14.94,14.95,2998411
2026-08-25T12:10:00+05:30,14.95,14.98,14.91,14.97,10133428
2026-08-25T12:11:00+05:30,14.98,15,14.97,14.97,11235281
2026-08-25T12:12:00+05:30,14.98,15.05,14.97,15.05,23874782
2026-08-25T12:13:00+05:30,15.05,15.05,15.01,15.03,6545137
2026-08-25T12:14:00+05:30,15.03,15.09,15.03,15.08,11404037
2026-08-25T12:15:00+05:30,15.09,15.1,15.05,15.09,8753588
2026-08-25T12:16:00+05:30,15.1,15.15,15.09,15.15,24900470
2026-08-25T12:17:00+05:30,15.15,15.15,15.11,15.12,8287134
2026-08-25T12:18:00+05:30,15.12,15.13,15.07,15.08,6162700
2026-08-25T12:19:00+05:30,15.08,15.09,15.06,15.08,9255284
2026-08-25T12:20:00+05:30,15.09,15.09,15.06,15.06,3583133
2026-08-25T12:21:00+05:30,15.06,15.08,15.04,15.08,3993566
2026-08-25T12:22:00+05:30,15.07,15.13,15.06,15.12,7671177
2026-08-25T12:23:00+05:30,15.12,15.17,15.11,15.15,11971137
2026-08-25T12:24:00+05:30,15.16,15.18,15.11,15.13,9657881
2026-08-25T12:25:00+05:30,15.13,15.17,15.13,15.17,4440176
2026-08-25T12:26:00+05:30,15.16,15.17,15.15,15.16,3721283
2026-08-25T12:27:00+05:30,15.16,15.16,15.12,15.13,3261911
2026-08-25T12:28:00+05:30,15.12,15.13,15.11,15.12,3051850
2026-08-25T12:29:00+05:30,15.12,15.12,15.08,15.09,4921395
2026-08-25T12:30:00+05:30,15.08,15.09,15.07,15.09,3162253
2026-08-25T12:31:00+05:30,15.09,15.09,15.07,15.09,2877609
2026-08-25T12:32:00+05:30,15.09,15.09,15.06,15.06,3654076
2026-08-25T12:33:00+05:30,15.06,15.09,15.06,15.08,3727856
2026-08-25T12:34:00+05:30,15.06,15.08,15.03,15.04,8405823
2026-08-25T12:35:00+05:30,15.05,15.05,15.03,15.05,3177963
2026-08-25T12:36:00+05:30,15.05,15.08,15.03,15.07,3626848
2026-08-25T12:37:00+05:30,15.08,15.09,15.06,15.07,2599183
2026-08-25T12:38:00+05:30,15.07,15.1,15.06,15.09,3675680
2026-08-25T12:39:00+05:30,15.09,15.1,15.08,15.1,1442007
2026-08-25T12:40:00+05:30,15.09,15.1,15.09,15.1,1932737
2026-08-25T12:41:00+05:30,15.1,15.16,15.09,15.15,12369914
2026-08-25T12:42:00+05:30,15.15,15.15,15.11,15.12,2876562
2026-08-25T12:43:00+05:30,15.11,15.12,15.08,15.09,4304385
2026-08-25T12:44:00+05:30,15.08,15.1,15.07,15.08,2013921
2026-08-25T12:45:00+05:30,15.08,15.1,15.08,15.09,1284496
2026-08-25T12:46:00+05:30,15.08,15.09,15.06,15.08,2074348
2026-08-25T12:47:00+05:30,15.08,15.09,15.07,15.08,1435082
2026-08-25T12:48:00+05:30,15.08,15.09,15.06,15.08,1407274
2026-08-25T12:49:00+05:30,15.09,15.09,15.07,15.09,1190085
2026-08-25T12:50:00+05:30,15.08,15.09,15.07,15.08,1288961
2026-08-25T12:51:00+05:30,15.08,15.08,15.07,15.07,784858
2026-08-25T12:52:00+05:30,15.08,15.08,15.07,15.08,927416
2026-08-25T12:53:00+05:30,15.07,15.1,15.07,15.08,2784145
2026-08-25T12:54:00+05:30,15.08,15.08,15.06,15.07,1798462
2026-08-25T12:55:00+05:30,15.06,15.07,15.06,15.07,2202347
2026-08-25T12:56:00+05:30,15.06,15.08,15.06,15.07,1391726
2026-08-25T12:57:00+05:30,15.07,15.09,15.07,15.08,1103027
2026-08-25T12:58:00+05:30,15.08,15.09,15.07,15.07,1328811
2026-08-25T12:59:00+05:30,15.08,15.13,15.07,15.11,7159726
2026-08-25T13:00:00+05:30,15.1,15.11,15.08,15.09,1464189
2026-08-25T13:01:00+05:30,15.08,15.1,15.04,15.05,4345216
2026-08-25T13:02:00+05:30,15.06,15.06,15.03,15.06,1708499
2026-08-25T13:03:00+05:30,15.05,15.12,15.05,15.09,5806428
2026-08-25T13:04:00+05:30,15.08,15.09,15.07,15.09,755210
2026-08-25T13:05:00+05:30,15.09,15.09,15.07,15.08,1304471
2026-08-25T13:06:00+05:30,15.07,15.09,15.07,15.09,1550937
2026-08-25T13:07:00+05:30,15.09,15.09,15.07,15.07,662695
2026-08-25T13:08:00+05:30,15.07,15.09,15.07,15.08,876730
2026-08-25T13:09:00+05:30,15.08,15.08,15.06,15.08,681951
2026-08-25T13:10:00+05:30,15.07,15.08,15.06,15.07,1138060
2026-08-25T13:11:00+05:30,15.08,15.08,15.05,15.07,1367779
2026-08-25T13:12:00+05:30,15.07,15.07,15.03,15.03,3094513
2026-08-25T13:13:00+05:30,15.04,15.05,15.03,15.04,1748085
2026-08-25T13:14:00+05:30,15.03,15.05,15.03,15.04,2559021
2026-08-25T13:15:00+05:30,15.04,15.04,15.03,15.04,1190421
2026-08-25T13:16:00+05:30,15.03,15.06,15.03,15.06,1735380
2026-08-25T13:17:00+05:30,15.05,15.06,15.05,15.05,670272
2026-08-25T13:18:00+05:30,15.05,15.06,15.04,15.05,855854
2026-08-25T13:19:00+05:30,15.06,15.06,15.03,15.03,963157
2026-08-25T13:20:00+05:30,15.04,15.05,15.03,15.04,910432
2026-08-25T13:21:00+05:30,15.04,15.05,15.03,15.04,545634
2026-08-25T13:22:00+05:30,15.04,15.04,15.01,15.01,2008966
2026-08-25T13:23:00+05:30,15.02,15.04,15.01,15.03,1778070
2026-08-25T13:24:00+05:30,15.02,15.03,15.02,15.02,822556
2026-08-25T13:25:00+05:30,15.03,15.04,15.02,15.04,967879
2026-08-25T13:26:00+05:30,15.03,15.05,15.03,15.05,1095763
2026-08-25T13:27:00+05:30,15.05,15.05,15.03,15.04,753275
2026-08-25T13:28:00+05:30,15.03,15.05,15.03,15.04,779142
2026-08-25T13:29:00+05:30,15.05,15.06,15.04,15.06,1285787
2026-08-25T13:30:00+05:30,15.06,15.08,15.05,15.07,3113586
2026-08-25T13:31:00+05:30,15.06,15.08,15.06,15.08,676051
2026-08-25T13:32:00+05:30,15.08,15.09,15.07,15.09,1706459
2026-08-25T13:33:00+05:30,15.09,15.1,15.08,15.1,2050983
2026-08-25T13:34:00+05:30,15.09,15.1,15.09,15.1,1149382
2026-08-25T13:35:00+05:30,15.09,15.13,15.08,15.12,9198026
2026-08-25T13:36:00+05:30,15.12,15.12,15.09,15.1,1609260
2026-08-25T13:37:00+05:30,15.11,15.12,15.1,15.11,1412522
2026-08-25T13:38:00+05:30,15.11,15.12,15.1,15.11,2319019
2026-08-25T13:39:00+05:30,15.12,15.12,15.1,15.11,1276286
2026-08-25T13:40:00+05:30,15.11,15.14,15.1,15.12,7476025
2026-08-25T13:41:00+05:30,15.12,15.15,15.12,15.14,3516028
2026-08-25T13:42:00+05:30,15.14,15.15,15.12,15.12,2969650
2026-08-25T13:43:00+05:30,15.12,15.13,15.11,15.12,1900236
2026-08-25T13:44:00+05:30,15.11,15.13,15.1,15.13,2860301
2026-08-25T13:45:00+05:30,15.13,15.14,15.11,15.13,1882542
2026-08-25T13:46:00+05:30,15.13,15.14,15.11,15.11,3245952
2026-08-25T13:47:00+05:30,15.11,15.12,15.08,15.1,2790096
2026-08-25T13:48:00+05:30,15.1,15.11,15.09,15.1,1823065
2026-08-25T13:49:00+05:30,15.09,15.11,15.09,15.09,1310739
2026-08-25T13:50:00+05:30,15.09,15.1,15.08,15.1,1513546
2026-08-25T13:51:00+05:30,15.09,15.13,15.09,15.11,2886373
2026-08-25T13:52:00+05:30,15.13,15.13,15.11,15.11,2709037
2026-08-25T13:53:00+05:30,15.12,15.12,15.11,15.12,737585
2026-08-25T13:54:00+05:30,15.12,15.12,15.11,15.11,904078
2026-08-25T13:55:00+05:30,15.13,15.13,15.1,15.1,1545099
2026-08-25T13:56:00+05:30,15.11,15.11,15.09,15.11,1608641
2026-08-25T13:57:00+05:30,15.11,15.12,15.1,15.12,1096268
2026-08-25T13:58:00+05:30,15.1,15.12,15.1,15.12,2272372
2026-08-25T13:59:00+05:30,15.12,15.13,15.11,15.12,3229672
2026-08-25T14:00:00+05:30,15.12,15.12,15.11,15.11,2483690
2026-08-25T14:01:00+05:30,15.11,15.12,15.08,15.08,2527538
2026-08-25T14:02:00+05:30,15.09,15.1,15.08,15.09,2566080
2026-08-25T14:03:00+05:30,15.08,15.09,15.07,15.08,2386042
2026-08-25T14:04:00+05:30,15.08,15.09,15.07,15.08,801890
2026-08-25T14:05:00+05:30,15.09,15.1,15.08,15.1,1118244
2026-08-25T14:06:00+05:30,15.09,15.1,15.08,15.09,877518
2026-08-25T14:07:00+05:30,15.09,15.1,15.08,15.1,599347
2026-08-25T14:08:00+05:30,15.1,15.11,15.09,15.11,3032701
2026-08-25T14:09:00+05:30,15.11,15.12,15.1,15.11,1679969
2026-08-25T14:10:00+05:30,15.12,15.12,15.1,15.11,2041626
2026-08-25T14:11:00+05:30,15.11,15.12,15.1,15.12,1259536
2026-08-25T14:12:00+05:30,15.12,15.13,15.11,15.13,3409229
2026-08-25T14:13:00+05:30,15.13,15.15,15.12,15.14,3425160
2026-08-25T14:14:00+05:30,15.14,15.15,15.13,15.15,4569702
2026-08-25T14:15:00+05:30,15.15,15.15,15.13,15.13,1988616
2026-08-25T14:16:00+05:30,15.14,15.19,15.13,15.19,13590912
2026-08-25T14:17:00+05:30,15.19,15.19,15.17,15.18,4726013
2026-08-25T14:18:00+05:30,15.18,15.2,15.18,15.2,7256336
2026-08-25T14:19:00+05:30,15.19,15.23,15.19,15.22,19335944
2026-08-25T14:20:00+05:30,15.22,15.24,15.21,15.23,5266442
2026-08-25T14:21:00+05:30,15.22,15.22,15.19,15.2,4965900
2026-08-25T14:22:00+05:30,15.21,15.21,15.17,15.19,4340165
2026-08-25T14:23:00+05:30,15.19,15.19,15.17,15.19,2815762
2026-08-25T14:24:00+05:30,15.19,15.21,15.19,15.21,3167840
2026-08-25T14:25:00+05:30,15.21,15.21,15.19,15.19,1801731
2026-08-25T14:26:00+05:30,15.2,15.21,15.19,15.2,3288050
2026-08-25T14:27:00+05:30,15.2,15.21,15.19,15.19,2457935
2026-08-25T14:28:00+05:30,15.19,15.2,15.17,15.18,1618875
2026-08-25T14:29:00+05:30,15.18,15.19,15.17,15.17,2930440
2026-08-25T14:30:00+05:30,15.17,15.19,15.15,15.18,6825014
2026-08-25T14:31:00+05:30,15.17,15.17,15.14,15.17,4042443
2026-08-25T14:32:00+05:30,15.17,15.17,15.14,15.16,2380419
2026-08-25T14:33:00+05:30,15.16,15.18,15.15,15.18,2855892
2026-08-25T14:34:00+05:30,15.18,15.18,15.16,15.18,1948219
2026-08-25T14:35:00+05:30,15.18,15.22,15.17,15.21,5346757
2026-08-25T14:36:00+05:30,15.21,15.23,15.2,15.22,6781579
2026-08-25T14:37:00+05:30,15.21,15.23,15.21,15.22,2159641
2026-08-25T14:38:00+05:30,15.22,15.22,15.2,15.21,2041219
2026-08-25T14:39:00+05:30,15.21,15.23,15.21,15.23,4107211
2026-08-25T14:40:00+05:30,15.23,15.24,15.21,15.23,5312043
2026-08-25T14:41:00+05:30,15.22,15.24,15.22,15.23,3037867
2026-08-25T14:42:00+05:30,15.23,15.23,15.21,15.21,2444960
2026-08-25T14:43:00+05:30,15.22,15.23,15.21,15.22,2604569
2026-08-25T14:44:00+05:30,15.23,15.23,15.18,15.18,9174274
2026-08-25T14:45:00+05:30,15.19,15.21,15.18,15.21,2489472
2026-08-25T14:46:00+05:30,15.2,15.21,15.19,15.2,1740745
2026-08-25T14:47:00+05:30,15.21,15.23,15.2,15.21,3009086
2026-08-25T14:48:00+05:30,15.22,15.25,15.21,15.24,11462526
2026-08-25T14:49:00+05:30,15.24,15.25,15.22,15.24,5750730
2026-08-25T14:50:00+05:30,15.24,15.25,15.23,15.25,5097990
2026-08-25T14:51:00+05:30,15.25,15.25,15.23,15.25,3405898
2026-08-25T14:52:00+05:30,15.25,15.25,15.24,15.25,2636871
2026-08-25T14:53:00+05:30,15.24,15.25,15.24,15.25,3045749
2026-08-25T14:54:00+05:30,15.25,15.31,15.24,15.29,28441462
2026-08-25T14:55:00+05:30,15.3,15.3,15.29,15.3,4392007
2026-08-25T14:56:00+05:30,15.28,15.3,15.28,15.29,4246332
2026-08-25T14:57:00+05:30,15.28,15.3,15.28,15.29,2631444
2026-08-25T14:58:00+05:30,15.29,15.29,15.27,15.27,3153097
2026-08-25T14:59:00+05:30,15.28,15.28,15.25,15.26,7206898
2026-08-25T15:00:00+05:30,15.25,15.26,15.23,15.23,4828002
2026-08-25T15:01:00+05:30,15.23,15.25,15.23,15.24,4724465
2026-08-25T15:02:00+05:30,15.25,15.26,15.24,15.24,2935668
2026-08-25T15:03:00+05:30,15.24,15.25,15.23,15.23,4686353
2026-08-25T15:04:00+05:30,15.24,15.24,15.22,15.24,7192620
2026-08-25T15:05:00+05:30,15.23,15.26,15.23,15.24,7122261
2026-08-25T15:06:00+05:30,15.23,15.25,15.19,15.21,10631841
2026-08-25T15:07:00+05:30,15.21,15.22,15.2,15.2,4007857
2026-08-25T15:08:00+05:30,15.2,15.21,15.19,15.2,3430670
2026-08-25T15:09:00+05:30,15.2,15.25,15.19,15.25,16914215
2026-08-25T15:10:00+05:30,15.25,15.25,15.22,15.23,4785414
2026-08-25T15:11:00+05:30,15.23,15.23,15.2,15.21,7284318
2026-08-25T15:12:00+05:30,15.21,15.29,15.2,15.22,44384001
2026-08-25T15:13:00+05:30,15.21,15.21,15.17,15.18,3882948
2026-08-25T15:14:00+05:30,15.19,15.2,15.18,15.2,3288953
2026-08-26T09:15:00+05:30,15.26,15.33,15.21,15.21,22575803
2026-08-26T09:16:00+05:30,15.24,15.34,15.24,15.31,16040903
2026-08-26T09:17:00+05:30,15.3,15.35,15.3,15.33,8429675
2026-08-26T09:18:00+05:30,15.33,15.35,15.3,15.34,6405687
2026-08-26T09:19:00+05:30,15.34,15.34,15.3,15.31,8109278
2026-08-26T09:20:00+05:30,15.31,15.31,15.23,15.24,5728336
2026-08-26T09:21:00+05:30,15.25,15.26,15.23,15.24,3823053
2026-08-26T09:22:00+05:30,15.24,15.37,15.24,15.34,12908750
2026-08-26T09:23:00+05:30,15.36,15.36,15.32,15.33,4571064
2026-08-26T09:24:00+05:30,15.32,15.33,15.28,15.3,4205224
2026-08-26T09:25:00+05:30,15.3,15.3,15.21,15.22,9727871
2026-08-26T09:26:00+05:30,15.22,15.25,15.21,15.24,3621020
2026-08-26T09:27:00+05:30,15.24,15.24,15.21,15.23,4121127
2026-08-26T09:28:00+05:30,15.23,15.23,15.18,15.22,6088564
2026-08-26T09:29:00+05:30,15.21,15.22,15.21,15.21,1124223
2026-08-26T09:30:00+05:30,15.21,15.22,15.21,15.22,808809
2026-08-26T09:31:00+05:30,15.22,15.22,15.21,15.21,2139411
2026-08-26T09:32:00+05:30,15.21,15.23,15.21,15.23,1776698
2026-08-26T09:33:00+05:30,15.24,15.25,15.23,15.25,1508574
2026-08-26T09:34:00+05:30,15.25,15.25,15.22,15.23,750938
2026-08-26T09:35:00+05:30,15.21,15.25,15.21,15.23,1855580
2026-08-26T09:36:00+05:30,15.23,15.26,15.23,15.25,1699292
2026-08-26T09:37:00+05:30,15.24,15.26,15.22,15.23,1835023
2026-08-26T09:38:00+05:30,15.23,15.24,15.21,15.23,1344415
2026-08-26T09:39:00+05:30,15.22,15.23,15.16,15.18,4553210
2026-08-26T09:40:00+05:30,15.17,15.18,15.16,15.18,3611015
2026-08-26T09:41:00+05:30,15.19,15.19,15.16,15.16,2314493
2026-08-26T09:42:00+05:30,15.17,15.17,15.13,15.14,5057337
2026-08-26T09:43:00+05:30,15.13,15.17,15.12,15.14,4351672
2026-08-26T09:44:00+05:30,15.15,15.15,15.13,15.14,1934686
2026-08-26T09:45:00+05:30,15.15,15.17,15.14,15.17,1965024
2026-08-26T09:46:00+05:30,15.16,15.17,15.16,15.17,851936
2026-08-26T09:47:00+05:30,15.17,15.17,15.16,15.16,568726
2026-08-26T09:48:00+05:30,15.16,15.17,15.15,15.16,683368
2026-08-26T09:49:00+05:30,15.16,15.17,15.15,15.16,457496
2026-08-26T09:50:00+05:30,15.16,15.18,15.14,15.17,2183734
2026-08-26T09:51:00+05:30,15.17,15.18,15.14,15.14,1137597
2026-08-26T09:52:00+05:30,15.14,15.17,15.14,15.16,1603987
2026-08-26T09:53:00+05:30,15.16,15.16,15.14,15.15,551448
2026-08-26T09:54:00+05:30,15.15,15.16,15.14,15.15,1282045
2026-08-26T09:55:00+05:30,15.15,15.16,15.12,15.12,1999864
2026-08-26T09:56:00+05:30,15.12,15.14,15.12,15.12,1183203
2026-08-26T09:57:00+05:30,15.12,15.13,15.11,15.12,1306818
2026-08-26T09:58:00+05:30,15.12,15.12,15.1,15.1,2052106
2026-08-26T09:59:00+05:30,15.1,15.11,15.09,15.1,2497405
2026-08-26T10:00:00+05:30,15.1,15.11,15.09,15.1,3717595
2026-08-26T10:01:00+05:30,15.1,15.1,15.08,15.09,978372
2026-08-26T10:02:00+05:30,15.09,15.09,15.07,15.08,2735183
2026-08-26T10:03:00+05:30,15.08,15.09,15.06,15.08,2557312
2026-08-26T10:04:00+05:30,15.08,15.09,15.07,15.08,660887
2026-08-26T10:05:00+05:30,15.08,15.08,15.07,15.07,802381
2026-08-26T10:06:00+05:30,15.07,15.08,15.06,15.07,907498
2026-08-26T10:07:00+05:30,15.07,15.07,15.05,15.06,2166264
2026-08-26T10:08:00+05:30,15.07,15.12,15.06,15.11,5610163
2026-08-26T10:09:00+05:30,15.11,15.12,15.1,15.12,1523079
2026-08-26T10:10:00+05:30,15.12,15.13,15.1,15.11,1960581
2026-08-26T10:11:00+05:30,15.11,15.11,15.1,15.11,398088
2026-08-26T10:12:00+05:30,15.1,15.11,15.08,15.08,1048207
2026-08-26T10:13:00+05:30,15.08,15.11,15.08,15.1,1223958
2026-08-26T10:14:00+05:30,15.1,15.11,15.08,15.09,2664098
2026-08-26T10:15:00+05:30,15.09,15.09,15.04,15.04,2857916
2026-08-26T10:16:00+05:30,15.04,15.07,15.04,15.04,1486896
2026-08-26T10:17:00+05:30,15.05,15.06,15.03,15.03,2408083
2026-08-26T10:18:00+05:30,15.04,15.05,15.02,15.02,2270221
2026-08-26T10:19:00+05:30,15.02,15.05,15.02,15.05,2407544
2026-08-26T10:20:00+05:30,15.06,15.07,15.05,15.06,719821
2026-08-26T10:21:00+05:30,15.05,15.06,15.04,15.06,1339734
2026-08-26T10:22:00+05:30,15.05,15.08,15.05,15.08,721134
2026-08-26T10:23:00+05:30,15.07,15.08,15.07,15.08,191208
2026-08-26T10:24:00+05:30,15.07,15.12,15.07,15.11,2641918
2026-08-26T10:25:00+05:30,15.11,15.11,15.1,15.11,1079420
2026-08-26T10:26:00+05:30,15.11,15.12,15.09,15.1,444750
2026-08-26T10:27:00+05:30,15.09,15.1,15.09,15.09,182910
2026-08-26T10:28:00+05:30,15.08,15.09,15.08,15.09,803343
2026-08-26T10:29:00+05:30,15.08,15.1,15.08,15.1,3075063
2026-08-26T10:30:00+05:30,15.11,15.11,15.1,15.1,352629
2026-08-26T10:31:00+05:30,15.11,15.11,15.1,15.1,637122
2026-08-26T10:32:00+05:30,15.1,15.11,15.08,15.08,595160
2026-08-26T10:33:00+05:30,15.09,15.09,15.08,15.09,441479
2026-08-26T10:34:00+05:30,15.09,15.09,15.08,15.08,213598
2026-08-26T10:35:00+05:30,15.08,15.1,15.08,15.09,1585224
2026-08-26T10:36:00+05:30,15.09,15.1,15.07,15.08,1173078
2026-08-26T10:37:00+05:30,15.08,15.09,15.05,15.05,1406633
2026-08-26T10:38:00+05:30,15.07,15.08,15.06,15.07,988295
2026-08-26T10:39:00+05:30,15.07,15.08,15.06,15.07,958228
2026-08-26T10:40:00+05:30,15.07,15.1,15.07,15.1,1230835
2026-08-26T10:41:00+05:30,15.1,15.1,15.08,15.09,836643
2026-08-26T10:42:00+05:30,15.08,15.12,15.08,15.11,1506492
2026-08-26T10:43:00+05:30,15.1,15.11,15.1,15.11,397891
2026-08-26T10:44:00+05:30,15.11,15.11,15.1,15.1,463841
2026-08-26T10:45:00+05:30,15.1,15.1,15.08,15.09,360635
2026-08-26T10:46:00+05:30,15.09,15.1,15.09,15.1,202647
2026-08-26T10:47:00+05:30,15.1,15.1,15.09,15.09,235342
2026-08-26T10:48:00+05:30,15.1,15.1,15.09,15.09,253849
2026-08-26T10:49:00+05:30,15.1,15.11,15.09,15.09,1107226
2026-08-26T10:50:00+05:30,15.1,15.1,15.07,15.08,1293748
2026-08-26T10:51:00+05:30,15.08,15.09,15.07,15.08,157406
2026-08-26T10:52:00+05:30,15.09,15.09,15.08,15.08,137994
2026-08-26T10:53:00+05:30,15.09,15.09,15.07,15.09,335294
2026-08-26T10:54:00+05:30,15.09,15.09,15.07,15.08,571557
2026-08-26T10:55:00+05:30,15.08,15.09,15.07,15.07,192224
2026-08-26T10:56:00+05:30,15.07,15.08,15.07,15.07,107314
2026-08-26T10:57:00+05:30,15.07,15.08,15.07,15.08,365601
2026-08-26T10:58:00+05:30,15.08,15.09,15.08,15.08,219279
2026-08-26T10:59:00+05:30,15.09,15.09,15.08,15.09,150199
2026-08-26T11:00:00+05:30,15.09,15.15,15.09,15.15,3530283
2026-08-26T11:01:00+05:30,15.15,15.15,15.13,15.14,653148
2026-08-26T11:02:00+05:30,15.13,15.14,15.12,15.12,545351
2026-08-26T11:03:00+05:30,15.12,15.14,15.12,15.13,547962
2026-08-26T11:04:00+05:30,15.13,15.15,15.13,15.15,484028
2026-08-26T11:05:00+05:30,15.16,15.17,15.15,15.16,3072567
2026-08-26T11:06:00+05:30,15.16,15.17,15.15,15.17,1549666
2026-08-26T11:07:00+05:30,15.17,15.18,15.14,15.15,1516944
2026-08-26T11:08:00+05:30,15.15,15.17,15.15,15.16,1167186
2026-08-26T11:09:00+05:30,15.17,15.17,15.16,15.16,455321
2026-08-26T11:10:00+05:30,15.17,15.19,15.16,15.18,1430309
2026-08-26T11:11:00+05:30,15.18,15.18,15.16,15.17,692528
2026-08-26T11:12:00+05:30,15.17,15.17,15.14,15.14,2378882
2026-08-26T11:13:00+05:30,15.14,15.16,15.14,15.16,854708
2026-08-26T11:14:00+05:30,15.15,15.16,15.15,15.16,227064
2026-08-26T11:15:00+05:30,15.16,15.16,15.14,15.14,904296
2026-08-26T11:16:00+05:30,15.14,15.14,15.12,15.12,975112
2026-08-26T11:17:00+05:30,15.12,15.13,15.11,15.11,1317335
2026-08-26T11:18:00+05:30,15.11,15.12,15.1,15.1,324488
2026-08-26T11:19:00+05:30,15.1,15.11,15.1,15.11,400529
2026-08-26T11:20:00+05:30,15.11,15.12,15.1,15.12,965503
2026-08-26T11:21:00+05:30,15.11,15.12,15.11,15.12,213381
2026-08-26T11:22:00+05:30,15.12,15.12,15.1,15.1,317999
2026-08-26T11:23:00+05:30,15.1,15.11,15.1,15.11,377454
2026-08-26T11:24:00+05:30,15.11,15.11,15.1,15.1,215380
2026-08-26T11:25:00+05:30,15.11,15.11,15.1,15.11,200994
2026-08-26T11:26:00+05:30,15.11,15.11,15.09,15.09,800267
2026-08-26T11:27:00+05:30,15.09,15.11,15.08,15.11,1078785
2026-08-26T11:28:00+05:30,15.1,15.11,15.09,15.09,773300
2026-08-26T11:29:00+05:30,15.1,15.1,15.09,15.09,980649
2026-08-26T11:30:00+05:30,15.09,15.11,15.09,15.11,413746
2026-08-26T11:31:00+05:30,15.1,15.11,15.1,15.1,265494
2026-08-26T11:32:00+05:30,15.11,15.11,15.1,15.11,373873
2026-08-26T11:33:00+05:30,15.1,15.11,15.1,15.1,692516
2026-08-26T11:34:00+05:30,15.09,15.13,15.09,15.13,405945
2026-08-26T11:35:00+05:30,15.13,15.13,15.12,15.12,1150581
2026-08-26T11:36:00+05:30,15.12,15.13,15.11,15.12,878301
2026-08-26T11:37:00+05:30,15.11,15.13,15.11,15.12,549319
2026-08-26T11:38:00+05:30,15.12,15.13,15.12,15.13,223589
2026-08-26T11:39:00+05:30,15.12,15.13,15.11,15.11,487489
2026-08-26T11:40:00+05:30,15.11,15.13,15.11,15.12,316304
2026-08-26T11:41:00+05:30,15.12,15.13,15.11,15.12,203018
2026-08-26T11:42:00+05:30,15.13,15.14,15.13,15.13,479354
2026-08-26T11:43:00+05:30,15.13,15.14,15.12,15.12,541759
2026-08-26T11:44:00+05:30,15.13,15.13,15.12,15.13,95810
2026-08-26T11:45:00+05:30,15.12,15.14,15.12,15.14,541565
2026-08-26T11:46:00+05:30,15.13,15.14,15.13,15.14,182306
2026-08-26T11:47:00+05:30,15.13,15.14,15.13,15.14,213303
2026-08-26T11:48:00+05:30,15.13,15.15,15.13,15.15,753214
2026-08-26T11:49:00+05:30,15.15,15.15,15.14,15.15,418294
2026-08-26T11:50:00+05:30,15.15,15.15,15.14,15.14,275239
2026-08-26T11:51:00+05:30,15.15,15.15,15.13,15.13,1205861
2026-08-26T11:52:00+05:30,15.14,15.14,15.13,15.13,118546
2026-08-26T11:53:00+05:30,15.14,15.14,15.12,15.13,546625
2026-08-26T11:54:00+05:30,15.12,15.13,15.11,15.11,344455
2026-08-26T11:55:00+05:30,15.12,15.12,15.11,15.11,127190
2026-08-26T11:56:00+05:30,15.12,15.13,15.11,15.12,316638
2026-08-26T11:57:00+05:30,15.13,15.13,15.12,15.13,381332
2026-08-26T11:58:00+05:30,15.13,15.13,15.12,15.12,163684
2026-08-26T11:59:00+05:30,15.12,15.14,15.12,15.14,555227
2026-08-26T12:00:00+05:30,15.14,15.14,15.11,15.11,282141
2026-08-26T12:01:00+05:30,15.11,15.12,15.11,15.11,122201
2026-08-26T12:02:00+05:30,15.11,15.13,15.11,15.13,160031
2026-08-26T12:03:00+05:30,15.13,15.13,15.12,15.12,268985
2026-08-26T12:04:00+05:30,15.12,15.12,15.1,15.1,563395
2026-08-26T12:05:00+05:30,15.1,15.11,15.1,15.1,162333
2026-08-26T12:06:00+05:30,15.1,15.12,15.1,15.12,686853
2026-08-26T12:07:00+05:30,15.11,15.11,15.1,15.1,135987
2026-08-26T12:08:00+05:30,15.1,15.11,15.1,15.1,106998
2026-08-26T12:09:00+05:30,15.1,15.11,15.1,15.1,950427
2026-08-26T12:10:00+05:30,15.09,15.18,15.09,15.14,5580545
2026-08-26T12:11:00+05:30,15.14,15.16,15.11,15.13,4572713
2026-08-26T12:12:00+05:30,15.13,15.14,15.1,15.1,1515846
2026-08-26T12:13:00+05:30,15.1,15.12,15.09,15.11,680439
2026-08-26T12:14:00+05:30,15.13,15.14,15.11,15.13,606145
2026-08-26T12:15:00+05:30,15.14,15.15,15.13,15.15,627072
2026-08-26T12:16:00+05:30,15.14,15.15,15.12,15.12,490851
2026-08-26T12:17:00+05:30,15.12,15.14,15.11,15.14,1128280
2026-08-26T12:18:00+05:30,15.13,15.14,15.13,15.13,409612
2026-08-26T12:19:00+05:30,15.13,15.14,15.11,15.11,502462
2026-08-26T12:20:00+05:30,15.12,15.12,15.1,15.1,750968
2026-08-26T12:21:00+05:30,15.1,15.11,15.08,15.08,1566094
2026-08-26T12:22:00+05:30,15.08,15.1,15.08,15.1,794176
2026-08-26T12:23:00+05:30,15.1,15.1,15.08,15.09,313963
2026-08-26T12:24:00+05:30,15.09,15.1,15.09,15.09,173124
2026-08-26T12:25:00+05:30,15.09,15.1,15.09,15.1,466966
2026-08-26T12:26:00+05:30,15.09,15.1,15.08,15.09,298448
2026-08-26T12:27:00+05:30,15.09,15.1,15.08,15.1,1053231
2026-08-26T12:28:00+05:30,15.1,15.1,15.09,15.09,111503
2026-08-26T12:29:00+05:30,15.09,15.1,15.09,15.09,232841
2026-08-26T12:30:00+05:30,15.09,15.1,15.09,15.09,234124
2026-08-26T12:31:00+05:30,15.09,15.1,15.08,15.09,544305
2026-08-26T12:32:00+05:30,15.08,15.09,15.07,15.08,1845834
2026-08-26T12:33:00+05:30,15.09,15.09,15.06,15.06,595200
2026-08-26T12:34:00+05:30,15.06,15.07,15.06,15.06,277340
2026-08-26T12:35:00+05:30,15.06,15.09,15.06,15.08,518837
2026-08-26T12:36:00+05:30,15.07,15.09,15.07,15.09,525901
2026-08-26T12:37:00+05:30,15.09,15.09,15.08,15.09,158690
2026-08-26T12:38:00+05:30,15.08,15.09,15.08,15.08,190085
2026-08-26T12:39:00+05:30,15.08,15.09,15.07,15.08,374458
2026-08-26T12:40:00+05:30,15.08,15.09,15.08,15.08,90007
2026-08-26T12:41:00+05:30,15.09,15.09,15.07,15.07,296515
2026-08-26T12:42:00+05:30,15.07,15.09,15.07,15.09,232493
2026-08-26T12:43:00+05:30,15.08,15.09,15.08,15.08,256021
2026-08-26T12:44:00+05:30,15.08,15.09,15.08,15.09,222583
2026-08-26T12:45:00+05:30,15.08,15.09,15.08,15.09,147331
2026-08-26T12:46:00+05:30,15.09,15.09,15.07,15.09,512432
2026-08-26T12:47:00+05:30,15.08,15.1,15.08,15.09,788579
2026-08-26T12:48:00+05:30,15.08,15.09,15.08,15.08,136719
2026-08-26T12:49:00+05:30,15.09,15.1,15.08,15.09,161102
2026-08-26T12:50:00+05:30,15.09,15.1,15.09,15.09,171949
2026-08-26T12:51:00+05:30,15.09,15.1,15.08,15.09,1652328
2026-08-26T12:52:00+05:30,15.09,15.1,15.08,15.09,417397
2026-08-26T12:53:00+05:30,15.1,15.1,15.09,15.1,151457
2026-08-26T12:54:00+05:30,15.09,15.1,15.09,15.09,210800
2026-08-26T12:55:00+05:30,15.09,15.1,15.09,15.1,965086
2026-08-26T12:56:00+05:30,15.09,15.1,15.09,15.1,85799
2026-08-26T12:57:00+05:30,15.09,15.1,15.09,15.1,170388
2026-08-26T12:58:00+05:30,15.1,15.11,15.09,15.11,182254
2026-08-26T12:59:00+05:30,15.1,15.11,15.1,15.1,171715
2026-08-26T13:00:00+05:30,15.1,15.11,15.1,15.11,242928
2026-08-26T13:01:00+05:30,15.1,15.11,15.08,15.08,1324760
2026-08-26T13:02:00+05:30,15.1,15.1,15.08,15.08,251406
2026-08-26T13:03:00+05:30,15.08,15.09,15.08,15.08,525559
2026-08-26T13:04:00+05:30,15.08,15.09,15.08,15.08,246894
2026-08-26T13:05:00+05:30,15.09,15.1,15.08,15.09,360520
2026-08-26T13:06:00+05:30,15.1,15.1,15.09,15.09,248205
2026-08-26T13:07:00+05:30,15.1,15.1,15.09,15.1,141291
2026-08-26T13:08:00+05:30,15.09,15.1,15.09,15.09,83676
2026-08-26T13:09:00+05:30,15.1,15.1,15.09,15.09,829087
2026-08-26T13:10:00+05:30,15.1,15.11,15.1,15.1,466708
2026-08-26T13:11:00+05:30,15.1,15.11,15.1,15.1,346917
2026-08-26T13:12:00+05:30,15.1,15.11,15.1,15.1,234701
2026-08-26T13:13:00+05:30,15.1,15.11,15.09,15.11,752634
2026-08-26T13:14:00+05:30,15.1,15.11,15.1,15.1,125953
2026-08-26T13:15:00+05:30,15.1,15.11,15.1,15.1,87242
2026-08-26T13:16:00+05:30,15.1,15.11,15.1,15.1,90867
2026-08-26T13:17:00+05:30,15.1,15.11,15.09,15.1,132722
2026-08-26T13:18:00+05:30,15.09,15.11,15.09,15.1,616328
2026-08-26T13:19:00+05:30,15.1,15.11,15.1,15.1,274560
2026-08-26T13:20:00+05:30,15.1,15.11,15.1,15.1,144200
2026-08-26T13:21:00+05:30,15.1,15.12,15.1,15.12,736012
2026-08-26T13:22:00+05:30,15.11,15.12,15.1,15.11,474154
2026-08-26T13:23:00+05:30,15.11,15.11,15.1,15.11,132981
2026-08-26T13:24:00+05:30,15.11,15.11,15.1,15.1,47460
2026-08-26T13:25:00+05:30,15.1,15.12,15.1,15.12,674761
2026-08-26T13:26:00+05:30,15.11,15.12,15.1,15.11,372734
2026-08-26T13:27:00+05:30,15.1,15.12,15.1,15.11,161978
2026-08-26T13:28:00+05:30,15.12,15.15,15.11,15.13,2060826
2026-08-26T13:29:00+05:30,15.15,15.16,15.13,15.15,1044718
2026-08-26T13:30:00+05:30,15.15,15.15,15.13,15.14,572405
2026-08-26T13:31:00+05:30,15.14,15.14,15.13,15.14,151302
2026-08-26T13:32:00+05:30,15.14,15.15,15.13,15.14,624339
2026-08-26T13:33:00+05:30,15.14,15.15,15.14,15.14,252306
2026-08-26T13:34:00+05:30,15.14,15.15,15.13,15.14,207717
2026-08-26T13:35:00+05:30,15.13,15.14,15.13,15.13,546810
2026-08-26T13:36:00+05:30,15.13,15.14,15.13,15.13,140862
2026-08-26T13:37:00+05:30,15.13,15.14,15.13,15.14,418365
2026-08-26T13:38:00+05:30,15.14,15.15,15.13,15.14,463331
2026-08-26T13:39:00+05:30,15.14,15.15,15.14,15.14,224919
2026-08-26T13:40:00+05:30,15.14,15.15,15.14,15.14,172003
2026-08-26T13:41:00+05:30,15.14,15.16,15.14,15.14,1190192
2026-08-26T13:42:00+05:30,15.14,15.15,15.13,15.13,309171
2026-08-26T13:43:00+05:30,15.14,15.15,15.13,15.14,194811
2026-08-26T13:44:00+05:30,15.14,15.14,15.12,15.13,682682
2026-08-26T13:45:00+05:30,15.13,15.14,15.12,15.12,192351
2026-08-26T13:46:00+05:30,15.12,15.14,15.12,15.14,1091760
2026-08-26T13:47:00+05:30,15.14,15.15,15.13,15.14,156542
2026-08-26T13:48:00+05:30,15.14,15.15,15.14,15.14,128361
2026-08-26T13:49:00+05:30,15.14,15.15,15.13,15.14,702392
2026-08-26T13:50:00+05:30,15.14,15.14,15.13,15.13,160880
2026-08-26T13:51:00+05:30,15.14,15.14,15.12,15.13,224370
2026-08-26T13:52:00+05:30,15.13,15.14,15.12,15.14,176002
2026-08-26T13:53:00+05:30,15.14,15.14,15.13,15.13,62370
2026-08-26T13:54:00+05:30,15.13,15.14,15.09,15.1,3030392
2026-08-26T13:55:00+05:30,15.1,15.1,15.07,15.07,1125369
2026-08-26T13:56:00+05:30,15.08,15.08,15.05,15.05,3597346
2026-08-26T13:57:00+05:30,15.05,15.06,15.05,15.05,298800
2026-08-26T13:58:00+05:30,15.05,15.07,15.05,15.07,1059082
2026-08-26T13:59:00+05:30,15.06,15.07,15.06,15.06,458124
2026-08-26T14:00:00+05:30,15.07,15.07,15.06,15.06,381643
2026-08-26T14:01:00+05:30,15.06,15.07,15.05,15.06,1769340
2026-08-26T14:02:00+05:30,15.06,15.07,15.05,15.06,640326
2026-08-26T14:03:00+05:30,15.07,15.07,15.05,15.06,472589
2026-08-26T14:04:00+05:30,15.07,15.07,15.05,15.06,433421
2026-08-26T14:05:00+05:30,15.06,15.07,15.06,15.06,221431
2026-08-26T14:06:00+05:30,15.06,15.08,15.06,15.08,572712
2026-08-26T14:07:00+05:30,15.08,15.08,15.07,15.07,804692
2026-08-26T14:08:00+05:30,15.07,15.08,15.07,15.08,323654
2026-08-26T14:09:00+05:30,15.07,15.08,15.07,15.07,374134
2026-08-26T14:10:00+05:30,15.07,15.08,15.06,15.06,641764
2026-08-26T14:11:00+05:30,15.07,15.07,15.06,15.07,319636
2026-08-26T14:12:00+05:30,15.06,15.09,15.06,15.09,975424
2026-08-26T14:13:00+05:30,15.08,15.11,15.08,15.11,1914290
2026-08-26T14:14:00+05:30,15.11,15.12,15.1,15.1,460763
2026-08-26T14:15:00+05:30,15.11,15.12,15.1,15.12,534739
2026-08-26T14:16:00+05:30,15.11,15.12,15.1,15.11,443791
2026-08-26T14:17:00+05:30,15.1,15.12,15.1,15.11,547443
2026-08-26T14:18:00+05:30,15.12,15.12,15.11,15.11,124103
2026-08-26T14:19:00+05:30,15.11,15.12,15.11,15.11,261200
2026-08-26T14:20:00+05:30,15.11,15.12,15.1,15.12,1206103
2026-08-26T14:21:00+05:30,15.11,15.12,15.11,15.11,215493
2026-08-26T14:22:00+05:30,15.11,15.12,15.11,15.11,164558
2026-08-26T14:23:00+05:30,15.11,15.13,15.11,15.11,1981320
2026-08-26T14:24:00+05:30,15.12,15.12,15.11,15.12,320018
2026-08-26T14:25:00+05:30,15.11,15.12,15.1,15.12,612537
2026-08-26T14:26:00+05:30,15.12,15.12,15.1,15.1,149550
2026-08-26T14:27:00+05:30,15.12,15.12,15.1,15.11,118766
2026-08-26T14:28:00+05:30,15.11,15.11,15.1,15.11,240449
2026-08-26T14:29:00+05:30,15.1,15.12,15.1,15.12,379652
2026-08-26T14:30:00+05:30,15.11,15.16,15.11,15.16,5112653
2026-08-26T14:31:00+05:30,15.15,15.17,15.15,15.17,1632588
2026-08-26T14:32:00+05:30,15.16,15.17,15.14,15.15,944811
2026-08-26T14:33:00+05:30,15.16,15.17,15.14,15.17,2114136
2026-08-26T14:34:00+05:30,15.16,15.17,15.16,15.17,2273924
2026-08-26T14:35:00+05:30,15.18,15.18,15.15,15.15,960148
2026-08-26T14:36:00+05:30,15.15,15.15,15.14,15.15,546191
2026-08-26T14:37:00+05:30,15.14,15.15,15.13,15.14,500399
2026-08-26T14:38:00+05:30,15.14,15.14,15.12,15.12,1107842
2026-08-26T14:39:00+05:30,15.13,15.14,15.12,15.12,302947
2026-08-26T14:40:00+05:30,15.13,15.13,15.12,15.12,129600
2026-08-26T14:41:00+05:30,15.12,15.14,15.12,15.13,1235793
2026-08-26T14:42:00+05:30,15.14,15.14,15.12,15.13,156570
2026-08-26T14:43:00+05:30,15.13,15.13,15.12,15.12,283711
2026-08-26T14:44:00+05:30,15.13,15.16,15.12,15.15,7026944
2026-08-26T14:45:00+05:30,15.15,15.17,15.14,15.15,1425002
2026-08-26T14:46:00+05:30,15.16,15.16,15.14,15.14,376654
2026-08-26T14:47:00+05:30,15.15,15.16,15.14,15.16,691496
2026-08-26T14:48:00+05:30,15.16,15.16,15.14,15.14,289898
2026-08-26T14:49:00+05:30,15.15,15.15,15.14,15.15,187960
2026-08-26T14:50:00+05:30,15.16,15.16,15.14,15.14,749420
2026-08-26T14:51:00+05:30,15.15,15.16,15.14,15.16,611552
2026-08-26T14:52:00+05:30,15.15,15.16,15.14,15.15,847515
2026-08-26T14:53:00+05:30,15.15,15.16,15.14,15.16,495501
2026-08-26T14:54:00+05:30,15.15,15.16,15.14,15.16,800007
2026-08-26T14:55:00+05:30,15.18,15.18,15.15,15.15,4943483
2026-08-26T14:56:00+05:30,15.16,15.17,15.15,15.16,1290302
2026-08-26T14:57:00+05:30,15.15,15.16,15.12,15.12,3652411
2026-08-26T14:58:00+05:30,15.13,15.14,15.12,15.13,2764390
2026-08-26T14:59:00+05:30,15.14,15.14,15.11,15.13,1977051
2026-08-26T15:00:00+05:30,15.12,15.13,15.11,15.12,1889723
2026-08-26T15:01:00+05:30,15.12,15.12,15.1,15.12,2063046
2026-08-26T15:02:00+05:30,15.11,15.12,15.11,15.12,1226287
2026-08-26T15:03:00+05:30,15.11,15.12,15.1,15.1,2177799
2026-08-26T15:04:00+05:30,15.11,15.11,15.06,15.07,4844933
2026-08-26T15:05:00+05:30,15.07,15.08,15.07,15.08,4093327
2026-08-26T15:06:00+05:30,15.07,15.08,15.07,15.07,3839307
2026-08-26T15:07:00+05:30,15.07,15.08,15.06,15.07,4005456
2026-08-26T15:08:00+05:30,15.08,15.09,15.07,15.07,3186451
2026-08-26T15:09:00+05:30,15.07,15.07,15.06,15.06,7853185
2026-08-26T15:10:00+05:30,15.06,15.07,15.04,15.05,4249790
2026-08-26T15:11:00+05:30,15.05,15.07,15.04,15.07,2934059
2026-08-26T15:12:00+05:30,15.06,15.07,15.03,15.04,8681660
2026-08-26T15:13:00+05:30,15.03,15.05,15.03,15.05,703495
2026-08-26T15:14:00+05:30,15.06,15.06,15.05,15.06,1840101
2026-08-27T09:15:00+05:30,15.12,15.13,15.04,15.08,18740874
2026-08-27T09:16:00+05:30,15.08,15.17,15.08,15.1,13482345
2026-08-27T09:17:00+05:30,15.11,15.16,15.09,15.15,9599250
2026-08-27T09:18:00+05:30,15.17,15.26,15.16,15.23,12604687
2026-08-27T09:19:00+05:30,15.21,15.24,15.09,15.1,17115881
2026-08-27T09:20:00+05:30,15.09,15.18,15.09,15.17,8350063
2026-08-27T09:21:00+05:30,15.18,15.18,15.12,15.13,5737751
2026-08-27T09:22:00+05:30,15.13,15.14,15.11,15.12,2746721
2026-08-27T09:23:00+05:30,15.11,15.11,15.07,15.07,6182784
2026-08-27T09:24:00+05:30,15.07,15.08,15.05,15.06,4843602
2026-08-27T09:25:00+05:30,15.07,15.09,15.07,15.09,1385061
2026-08-27T09:26:00+05:30,15.09,15.09,15.02,15.07,5716272
2026-08-27T09:27:00+05:30,15.07,15.08,15.06,15.08,1394780
2026-08-27T09:28:00+05:30,15.08,15.1,15.07,15.09,1305642
2026-08-27T09:29:00+05:30,15.1,15.11,15.08,15.08,8695644
2026-08-27T09:30:00+05:30,15.09,15.11,15.09,15.11,1082722
2026-08-27T09:31:00+05:30,15.11,15.14,15.1,15.14,1310097
2026-08-27T09:32:00+05:30,15.11,15.12,15.08,15.08,1111890
2026-08-27T09:33:00+05:30,15.08,15.08,15,15.02,7589399
2026-08-27T09:34:00+05:30,15.02,15.02,14.95,14.97,6641101
2026-08-27T09:35:00+05:30,14.98,14.98,14.93,14.93,2812062
2026-08-27T09:36:00+05:30,14.95,14.95,14.91,14.92,3101506
2026-08-27T09:37:00+05:30,14.92,14.95,14.92,14.94,2468389
2026-08-27T09:38:00+05:30,14.94,14.97,14.94,14.97,1387945
2026-08-27T09:39:00+05:30,14.97,14.97,14.96,14.97,1084861
2026-08-27T09:40:00+05:30,14.97,15.02,14.96,15.02,2412181
2026-08-27T09:41:00+05:30,15.02,15.02,15,15.01,1115341
2026-08-27T09:42:00+05:30,15.01,15.03,15.01,15.03,1042180
2026-08-27T09:43:00+05:30,15.03,15.04,14.98,14.99,3012641
2026-08-27T09:44:00+05:30,14.99,15.02,14.99,15.01,974954
2026-08-27T09:45:00+05:30,15.01,15.04,15,15.04,3213032
2026-08-27T09:46:00+05:30,15.04,15.05,15.03,15.05,641295
2026-08-27T09:47:00+05:30,15.05,15.06,15.04,15.05,835170
2026-08-27T09:48:00+05:30,15.05,15.05,15,15,2285238
2026-08-27T09:49:00+05:30,15.01,15.01,14.98,14.99,2052567
2026-08-27T09:50:00+05:30,14.99,14.99,14.98,14.98,516354
2026-08-27T09:51:00+05:30,14.98,14.98,14.97,14.97,744549
2026-08-27T09:52:00+05:30,14.97,14.99,14.97,14.99,688659
2026-08-27T09:53:00+05:30,14.99,15,14.98,14.99,949156
2026-08-27T09:54:00+05:30,14.99,15.02,14.98,15.02,1027045
2026-08-27T09:55:00+05:30,15.02,15.03,15.01,15.03,234052
2026-08-27T09:56:00+05:30,15.03,15.03,15.01,15.01,1475872
2026-08-27T09:57:00+05:30,15.01,15.01,14.99,15,351317
2026-08-27T09:58:00+05:30,15,15,14.98,15,432362
2026-08-27T09:59:00+05:30,15,15,14.98,14.99,382619
2026-08-27T10:00:00+05:30,14.99,15,14.98,14.99,385998
2026-08-27T10:01:00+05:30,14.98,14.99,14.98,14.99,287379
2026-08-27T10:02:00+05:30,14.99,14.99,14.97,14.97,1831399
2026-08-27T10:03:00+05:30,14.98,14.98,14.97,14.97,458413
2026-08-27T10:04:00+05:30,14.97,14.98,14.97,14.97,939601
2026-08-27T10:05:00+05:30,14.97,14.98,14.97,14.98,294485
2026-08-27T10:06:00+05:30,14.98,14.98,14.96,14.96,974818
2026-08-27T10:07:00+05:30,14.96,14.97,14.96,14.96,511759
2026-08-27T10:08:00+05:30,14.96,14.97,14.96,14.97,301616
2026-08-27T10:09:00+05:30,14.96,14.97,14.96,14.96,624306
2026-08-27T10:10:00+05:30,14.97,14.97,14.95,14.95,782357
2026-08-27T10:11:00+05:30,14.95,14.96,14.95,14.95,252294
2026-08-27T10:12:00+05:30,14.96,14.96,14.95,14.95,470255
2026-08-27T10:13:00+05:30,14.95,14.96,14.95,14.96,429211
2026-08-27T10:14:00+05:30,14.99,15.04,14.99,15.04,4313605
2026-08-27T10:15:00+05:30,15.03,15.08,15.03,15.08,3214865
2026-08-27T10:16:00+05:30,15.07,15.08,15.05,15.05,1709448
2026-08-27T10:17:00+05:30,15.05,15.06,15.03,15.03,965972
2026-08-27T10:18:00+05:30,15.03,15.11,15.03,15.08,3862293
2026-08-27T10:19:00+05:30,15.08,15.08,15.05,15.05,1497118
2026-08-27T10:20:00+05:30,15.05,15.06,15,15.02,1921607
2026-08-27T10:21:00+05:30,15,15.02,15,15.01,674322
2026-08-27T10:22:00+05:30,15.01,15.01,15,15,943313
2026-08-27T10:23:00+05:30,14.99,15,14.99,15,425592
2026-08-27T10:24:00+05:30,14.99,15.01,14.99,15.01,221479
2026-08-27T10:25:00+05:30,15,15.01,15,15.01,440408
2026-08-27T10:26:00+05:30,15,15.01,14.99,14.99,420368
2026-08-27T10:27:00+05:30,14.99,15.01,14.99,15,135373
2026-08-27T10:28:00+05:30,15,15.02,15,15,664758
2026-08-27T10:29:00+05:30,15,15.02,15,15.01,249276
2026-08-27T10:30:00+05:30,15.01,15.02,15,15,290175
2026-08-27T10:31:00+05:30,15.01,15.01,15,15,238417
2026-08-27T10:32:00+05:30,15,15.01,15,15,240632
2026-08-27T10:33:00+05:30,15,15.02,15,15.02,134855
2026-08-27T10:34:00+05:30,15.01,15.06,15.01,15.05,1087712
2026-08-27T10:35:00+05:30,15.05,15.06,15.04,15.04,511645
2026-08-27T10:36:00+05:30,15.04,15.04,15.02,15.04,297054
2026-08-27T10:37:00+05:30,15.04,15.04,15.02,15.03,246271
2026-08-27T10:38:00+05:30,15.02,15.03,15.01,15.01,276201
2026-08-27T10:39:00+05:30,15.02,15.02,15.01,15.01,265445
2026-08-27T10:40:00+05:30,15.02,15.03,15.01,15.02,182208
2026-08-27T10:41:00+05:30,15.02,15.03,15.01,15.02,343130
2026-08-27T10:42:00+05:30,15.02,15.02,15.01,15.01,121380
2026-08-27T10:43:00+05:30,15.01,15.02,15.01,15.01,171288
2026-08-27T10:44:00+05:30,15.02,15.02,15.01,15.02,149486
2026-08-27T10:45:00+05:30,15.02,15.02,15,15.01,227316
2026-08-27T10:46:00+05:30,15,15.01,15,15,151580
2026-08-27T10:47:00+05:30,15,15.03,15,15.02,1049109
2026-08-27T10:48:00+05:30,15.02,15.02,15.01,15.02,117130
2026-08-27T10:49:00+05:30,15.02,15.03,15.01,15.02,116242
2026-08-27T10:50:00+05:30,15.02,15.02,15,15,279459
2026-08-27T10:51:00+05:30,15,15.01,14.98,14.99,1786211
2026-08-27T10:52:00+05:30,14.99,15,14.99,14.99,179615
2026-08-27T10:53:00+05:30,14.99,15.01,14.99,15.01,811064
2026-08-27T10:54:00+05:30,15,15.01,14.99,15,300335
2026-08-27T10:55:00+05:30,14.99,15.01,14.99,15,140002
2026-08-27T10:56:00+05:30,14.99,15,14.99,15,136323
2026-08-27T10:57:00+05:30,15,15,14.98,14.99,838107
2026-08-27T10:58:00+05:30,14.98,14.99,14.97,14.98,407698
2026-08-27T10:59:00+05:30,14.98,14.98,14.97,14.98,650190
2026-08-27T11:00:00+05:30,14.98,14.99,14.97,14.98,145636
2026-08-27T11:01:00+05:30,14.97,14.98,14.96,14.98,1189540
2026-08-27T11:02:00+05:30,14.96,14.99,14.96,14.98,503749
2026-08-27T11:03:00+05:30,14.99,14.99,14.98,14.98,168780
2026-08-27T11:04:00+05:30,14.99,14.99,14.97,14.99,552540
2026-08-27T11:05:00+05:30,14.99,15,14.98,14.99,832321
2026-08-27T11:06:00+05:30,14.99,14.99,14.98,14.99,152660
2026-08-27T11:07:00+05:30,14.98,14.99,14.98,14.98,250181
2026-08-27T11:08:00+05:30,14.99,14.99,14.97,14.97,337396
2026-08-27T11:09:00+05:30,14.97,14.98,14.95,14.96,989151
2026-08-27T11:10:00+05:30,14.96,15,14.96,15,802993
2026-08-27T11:11:00+05:30,14.99,15,14.99,14.99,122721
2026-08-27T11:12:00+05:30,14.99,14.99,14.98,14.98,136552
2026-08-27T11:13:00+05:30,14.98,14.99,14.98,14.98,169251
2026-08-27T11:14:00+05:30,14.99,14.99,14.97,14.97,145366
2026-08-27T11:15:00+05:30,14.98,14.98,14.97,14.98,235331
2026-08-27T11:16:00+05:30,14.98,14.99,14.98,14.98,193848
2026-08-27T11:17:00+05:30,14.99,14.99,14.98,14.99,117763
2026-08-27T11:18:00+05:30,14.98,14.99,14.98,14.99,145643
2026-08-27T11:19:00+05:30,14.98,15,14.98,14.98,205578
2026-08-27T11:20:00+05:30,14.98,15,14.98,14.99,111616
2026-08-27T11:21:00+05:30,14.98,15.03,14.98,15.02,1588221
2026-08-27T11:22:00+05:30,15.01,15.02,15,15.01,428500
2026-08-27T11:23:00+05:30,15.02,15.02,15,15,434188
2026-08-27T11:24:00+05:30,15,15.01,15,15.01,237235
2026-08-27T11:25:00+05:30,15.01,15.02,15,15.01,253550
2026-08-27T11:26:00+05:30,15,15.02,15,15.01,525061
2026-08-27T11:27:00+05:30,15.02,15.02,15,15.01,378699
2026-08-27T11:28:00+05:30,15.01,15.02,15.01,15.01,182757
2026-08-27T11:29:00+05:30,15.01,15.02,15,15.01,141332
2026-08-27T11:30:00+05:30,15.02,15.02,15,15.01,389268
2026-08-27T11:31:00+05:30,15.01,15.02,15.01,15.02,147128
2026-08-27T11:32:00+05:30,15.01,15.02,15,15.01,422906
2026-08-27T11:33:00+05:30,15.01,15.01,15,15,35220
2026-08-27T11:34:00+05:30,15,15.01,15,15,476010
2026-08-27T11:35:00+05:30,15.01,15.01,15,15.01,59367
2026-08-27T11:36:00+05:30,15.01,15.01,15,15.01,183212
2026-08-27T11:37:00+05:30,15.01,15.01,15,15.01,436870
2026-08-27T11:38:00+05:30,15.01,15.02,15.01,15.02,97882
2026-08-27T11:39:00+05:30,15.01,15.02,15,15,157252
2026-08-27T11:40:00+05:30,15.01,15.01,15,15,83800
2026-08-27T11:41:00+05:30,15,15.04,15,15.02,1145011
2026-08-27T11:42:00+05:30,15.02,15.03,15.02,15.03,174859
2026-08-27T11:43:00+05:30,15.03,15.04,15.02,15.02,890886
2026-08-27T11:44:00+05:30,15.03,15.04,15.02,15.03,117827
2026-08-27T11:45:00+05:30,15.02,15.03,15.01,15.02,253291
2026-08-27T11:46:00+05:30,15.02,15.02,15.01,15.01,264983
2026-08-27T11:47:00+05:30,15.01,15.02,15,15.01,237265
2026-08-27T11:48:00+05:30,15.01,15.02,15.01,15.02,463455
2026-08-27T11:49:00+05:30,15.02,15.03,15.01,15.02,97978
2026-08-27T11:50:00+05:30,15.01,15.02,15.01,15.02,67645
2026-08-27T11:51:00+05:30,15.01,15.02,15.01,15.02,52681
2026-08-27T11:52:00+05:30,15.02,15.03,15.01,15.02,542371
2026-08-27T11:53:00+05:30,15.02,15.03,15.01,15.03,108387
2026-08-27T11:54:00+05:30,15.02,15.03,15.01,15.03,43477
2026-08-27T11:55:00+05:30,15.03,15.03,15.01,15.03,166801
2026-08-27T11:56:00+05:30,15.02,15.08,15.01,15.07,5971311
2026-08-27T11:57:00+05:30,15.07,15.07,15.05,15.06,1279761
2026-08-27T11:58:00+05:30,15.05,15.06,15.05,15.06,488762
2026-08-27T11:59:00+05:30,15.06,15.06,15.05,15.06,168758
2026-08-27T12:00:00+05:30,15.06,15.06,15.05,15.06,175046
2026-08-27T12:01:00+05:30,15.06,15.06,15.05,15.06,183896
2026-08-27T12:02:00+05:30,15.05,15.07,15.05,15.06,2586296
2026-08-27T12:03:00+05:30,15.07,15.07,15.05,15.06,450420
2026-08-27T12:04:00+05:30,15.06,15.06,15.05,15.06,167423
2026-08-27T12:05:00+05:30,15.05,15.09,15.05,15.08,1963602
2026-08-27T12:06:00+05:30,15.09,15.09,15.08,15.08,1710152
2026-08-27T12:07:00+05:30,15.08,15.09,15.05,15.06,737761
2026-08-27T12:08:00+05:30,15.05,15.07,15.05,15.07,263044
2026-08-27T12:09:00+05:30,15.07,15.07,15.06,15.07,253754
2026-08-27T12:10:00+05:30,15.07,15.07,15.06,15.07,58938
2026-08-27T12:11:00+05:30,15.07,15.07,15.06,15.07,128531
2026-08-27T12:12:00+05:30,15.06,15.07,15.05,15.06,872320
2026-08-27T12:13:00+05:30,15.05,15.06,15.05,15.06,1124844
2026-08-27T12:14:00+05:30,15.06,15.06,15.04,15.05,145751
2026-08-27T12:15:00+05:30,15.04,15.05,15.04,15.05,96852
2026-08-27T12:16:00+05:30,15.04,15.05,15.03,15.04,514581
2026-08-27T12:17:00+05:30,15.04,15.05,15.03,15.04,473713
2026-08-27T12:18:00+05:30,15.04,15.04,15.03,15.04,173174
2026-08-27T12:19:00+05:30,15.04,15.05,15.03,15.04,271469
2026-08-27T12:20:00+05:30,15.03,15.05,15.03,15.05,157605
2026-08-27T12:21:00+05:30,15.05,15.05,15.04,15.05,178249
2026-08-27T12:22:00+05:30,15.05,15.05,15.04,15.05,162119
2026-08-27T12:23:00+05:30,15.05,15.05,15.04,15.05,117738
2026-08-27T12:24:00+05:30,15.05,15.05,15.03,15.04,265147
2026-08-27T12:25:00+05:30,15.03,15.04,15.03,15.03,455833
2026-08-27T12:26:00+05:30,15.03,15.04,15.03,15.04,170895
2026-08-27T12:27:00+05:30,15.06,15.08,15.06,15.07,2458199
2026-08-27T12:28:00+05:30,15.07,15.08,15.06,15.07,342624
2026-08-27T12:29:00+05:30,15.07,15.07,15.06,15.07,87864
2026-08-27T12:30:00+05:30,15.06,15.07,15.06,15.07,422148
2026-08-27T12:31:00+05:30,15.06,15.07,15.05,15.05,90202
2026-08-27T12:32:00+05:30,15.06,15.06,15.04,15.04,331745
2026-08-27T12:33:00+05:30,15.04,15.05,15.04,15.04,134314
2026-08-27T12:34:00+05:30,15.04,15.05,15.03,15.04,707803
2026-08-27T12:35:00+05:30,15.04,15.04,15.03,15.03,87887
2026-08-27T12:36:00+05:30,15.03,15.04,15.03,15.03,153031
2026-08-27T12:37:00+05:30,15.04,15.04,15.03,15.04,103176
2026-08-27T12:38:00+05:30,15.03,15.05,15.03,15.05,238918
2026-08-27T12:39:00+05:30,15.04,15.06,15.04,15.05,617379
2026-08-27T12:40:00+05:30,15.05,15.06,15.05,15.05,70625
2026-08-27T12:41:00+05:30,15.05,15.07,15.05,15.06,375266
2026-08-27T12:42:00+05:30,15.06,15.07,15.05,15.05,139089
2026-08-27T12:43:00+05:30,15.05,15.06,15.04,15.05,220069
2026-08-27T12:44:00+05:30,15.04,15.06,15.04,15.05,164954
2026-08-27T12:45:00+05:30,15.05,15.06,15.04,15.04,174161
2026-08-27T12:46:00+05:30,15.04,15.05,15.04,15.04,214104
2026-08-27T12:47:00+05:30,15.05,15.05,15.04,15.04,39053
2026-08-27T12:48:00+05:30,15.04,15.05,15.02,15.02,2120061
2026-08-27T12:49:00+05:30,15.02,15.02,15,15.01,2493994
2026-08-27T12:50:00+05:30,15.01,15.01,15,15.01,133227
2026-08-27T12:51:00+05:30,15,15.02,15,15.02,182430
2026-08-27T12:52:00+05:30,15.02,15.02,15.01,15.02,75855
2026-08-27T12:53:00+05:30,15.01,15.03,15.01,15.01,408965
2026-08-27T12:54:00+05:30,15.02,15.03,15.01,15.02,272859
2026-08-27T12:55:00+05:30,15.03,15.03,15.02,15.03,62125
2026-08-27T12:56:00+05:30,15.03,15.03,15.02,15.03,163571
2026-08-27T12:57:00+05:30,15.03,15.03,15.01,15.01,76769
2026-08-27T12:58:00+05:30,15.02,15.03,15.01,15.02,233654
2026-08-27T12:59:00+05:30,15.03,15.03,15.02,15.02,61817
2026-08-27T13:00:00+05:30,15.01,15.02,15.01,15.02,581357
2026-08-27T13:01:00+05:30,15.01,15.02,15,15,815610
2026-08-27T13:02:00+05:30,15,15.01,14.98,14.99,1866343
2026-08-27T13:03:00+05:30,14.99,14.99,14.98,14.99,221288
2026-08-27T13:04:00+05:30,14.99,15,14.98,15,266256
2026-08-27T13:05:00+05:30,15,15.01,14.99,14.99,379885
2026-08-27T13:06:00+05:30,15.01,15.01,15,15.01,918854
2026-08-27T13:07:00+05:30,15,15.01,15,15,165762
2026-08-27T13:08:00+05:30,15,15.01,15,15.01,282036
2026-08-27T13:09:00+05:30,15.01,15.01,14.92,14.93,10420215
2026-08-27T13:10:00+05:30,14.93,14.95,14.93,14.95,1229370
2026-08-27T13:11:00+05:30,14.94,14.95,14.94,14.95,455522
2026-08-27T13:12:00+05:30,14.94,14.95,14.91,14.92,2385979
2026-08-27T13:13:00+05:30,14.92,14.94,14.91,14.94,990210
2026-08-27T13:14:00+05:30,14.94,14.94,14.93,14.93,1540290
2026-08-27T13:15:00+05:30,14.93,14.98,14.93,14.97,2604525
2026-08-27T13:16:00+05:30,14.97,14.98,14.97,14.97,154904
2026-08-27T13:17:00+05:30,14.97,14.98,14.96,14.97,306865
2026-08-27T13:18:00+05:30,14.97,14.99,14.96,14.99,512348
2026-08-27T13:19:00+05:30,14.99,14.99,14.98,14.99,173924
2026-08-27T13:20:00+05:30,14.99,14.99,14.96,14.97,282515
2026-08-27T13:21:00+05:30,14.97,14.97,14.94,14.94,1102039
2026-08-27T13:22:00+05:30,14.94,14.95,14.94,14.95,161952
2026-08-27T13:23:00+05:30,14.95,14.95,14.91,14.92,1886604
2026-08-27T13:24:00+05:30,14.92,14.92,14.91,14.91,213499
2026-08-27T13:25:00+05:30,14.91,14.93,14.91,14.93,1175893
2026-08-27T13:26:00+05:30,14.93,14.94,14.92,14.92,423707
2026-08-27T13:27:00+05:30,14.92,14.93,14.92,14.92,148864
2026-08-27T13:28:00+05:30,14.92,14.94,14.92,14.94,652763
2026-08-27T13:29:00+05:30,14.94,14.95,14.93,14.95,385142
2026-08-27T13:30:00+05:30,14.94,14.98,14.94,14.95,1097830
2026-08-27T13:31:00+05:30,14.96,14.96,14.94,14.94,363769
2026-08-27T13:32:00+05:30,14.94,14.95,14.94,14.94,87524
2026-08-27T13:33:00+05:30,14.95,14.96,14.94,14.95,623169
2026-08-27T13:34:00+05:30,14.96,14.96,14.94,14.94,393131
2026-08-27T13:35:00+05:30,14.95,14.95,14.94,14.95,120559
2026-08-27T13:36:00+05:30,14.95,14.95,14.94,14.94,80873
2026-08-27T13:37:00+05:30,14.95,14.96,14.95,14.96,469311
2026-08-27T13:38:00+05:30,14.95,14.96,14.95,14.95,555422
2026-08-27T13:39:00+05:30,14.95,14.96,14.95,14.95,144174
2026-08-27T13:40:00+05:30,14.95,14.96,14.95,14.96,123516
2026-08-27T13:41:00+05:30,14.96,14.96,14.95,14.96,127299
2026-08-27T13:42:00+05:30,14.96,14.96,14.94,14.95,537953
2026-08-27T13:43:00+05:30,14.95,14.96,14.94,14.95,59271
2026-08-27T13:44:00+05:30,14.96,14.96,14.95,14.95,524259
2026-08-27T13:45:00+05:30,14.95,14.96,14.95,14.95,248943
2026-08-27T13:46:00+05:30,14.95,14.96,14.95,14.96,416304
2026-08-27T13:47:00+05:30,14.95,14.96,14.95,14.95,31763
2026-08-27T13:48:00+05:30,14.96,14.96,14.94,14.95,870590
2026-08-27T13:49:00+05:30,14.95,14.96,14.94,14.96,998014
2026-08-27T13:50:00+05:30,14.95,14.96,14.95,14.96,178961
2026-08-27T13:51:00+05:30,14.95,14.96,14.94,14.94,244037
2026-08-27T13:52:00+05:30,14.94,14.95,14.94,14.94,83479
2026-08-27T13:53:00+05:30,14.94,14.95,14.94,14.95,107912
2026-08-27T13:54:00+05:30,14.94,14.95,14.94,14.94,97933
2026-08-27T13:55:00+05:30,14.95,14.95,14.94,14.94,74497
2026-08-27T13:56:00+05:30,14.95,14.95,14.93,14.94,673882
2026-08-27T13:57:00+05:30,14.93,14.95,14.93,14.94,724102
2026-08-27T13:58:00+05:30,14.93,14.95,14.93,14.94,334697
2026-08-27T13:59:00+05:30,14.95,14.95,14.94,14.95,188933
2026-08-27T14:00:00+05:30,14.94,14.95,14.94,14.95,49202
2026-08-27T14:01:00+05:30,14.95,14.95,14.93,14.94,343221
2026-08-27T14:02:00+05:30,14.94,14.95,14.94,14.94,317254
2026-08-27T14:03:00+05:30,14.95,14.95,14.93,14.94,237424
2026-08-27T14:04:00+05:30,14.94,14.95,14.93,14.95,173289
2026-08-27T14:05:00+05:30,14.95,14.95,14.93,14.94,131774
2026-08-27T14:06:00+05:30,14.95,14.95,14.93,14.95,73765
2026-08-27T14:07:00+05:30,14.95,14.95,14.94,14.95,2221290
2026-08-27T14:08:00+05:30,14.95,14.95,14.92,14.93,3490578
2026-08-27T14:09:00+05:30,14.93,14.96,14.92,14.96,7392487
2026-08-27T14:10:00+05:30,14.95,14.96,14.94,14.95,158448
2026-08-27T14:11:00+05:30,14.95,14.96,14.94,14.95,709480
2026-08-27T14:12:00+05:30,14.96,14.96,14.95,14.96,233375
2026-08-27T14:13:00+05:30,14.96,14.96,14.95,14.96,165295
2026-08-27T14:14:00+05:30,14.95,14.96,14.95,14.96,40594
2026-08-27T14:15:00+05:30,14.96,14.97,14.95,14.96,710067
2026-08-27T14:16:00+05:30,14.96,14.97,14.95,14.97,295579
2026-08-27T14:17:00+05:30,14.97,14.97,14.95,14.96,188468
2026-08-27T14:18:00+05:30,14.96,14.96,14.95,14.95,57837
2026-08-27T14:19:00+05:30,14.95,14.97,14.95,14.97,445025
2026-08-27T14:20:00+05:30,14.96,14.98,14.96,14.97,706509
2026-08-27T14:21:00+05:30,14.97,14.97,14.96,14.97,360517
2026-08-27T14:22:00+05:30,14.97,15,14.96,14.99,1696280
2026-08-27T14:23:00+05:30,14.99,15,14.99,15,474875
2026-08-27T14:24:00+05:30,15,15,14.99,15,147940
2026-08-27T14:25:00+05:30,15,15,14.98,14.99,1225225
2026-08-27T14:26:00+05:30,14.99,15.03,14.99,15.01,3728033
2026-08-27T14:27:00+05:30,15.02,15.02,15.01,15.01,203769
2026-08-27T14:28:00+05:30,15.01,15.02,15.01,15.01,272402
2026-08-27T14:29:00+05:30,15.02,15.02,15.01,15.01,1497666
2026-08-27T14:30:00+05:30,15.01,15.03,15.01,15.02,1054551
2026-08-27T14:31:00+05:30,15.03,15.03,15.01,15.02,1150015
2026-08-27T14:32:00+05:30,15.02,15.03,14.98,15,1255830
2026-08-27T14:33:00+05:30,15,15.01,14.99,15,674032
2026-08-27T14:34:00+05:30,15,15.01,15,15,132311
2026-08-27T14:35:00+05:30,15.01,15.01,14.99,15,386372
2026-08-27T14:36:00+05:30,15,15.01,15,15.01,471160
2026-08-27T14:37:00+05:30,15,15.01,14.99,15,495445
2026-08-27T14:38:00+05:30,15,15.01,14.99,15.01,338650
2026-08-27T14:39:00+05:30,15.01,15.01,14.99,14.99,132916
2026-08-27T14:40:00+05:30,14.99,15,14.98,14.98,776814
2026-08-27T14:41:00+05:30,14.99,14.99,14.98,14.98,1003992
2026-08-27T14:42:00+05:30,14.99,14.99,14.98,14.98,322594
2026-08-27T14:43:00+05:30,14.98,14.99,14.97,14.98,552845
2026-08-27T14:44:00+05:30,14.98,15,14.98,14.99,1863740
2026-08-27T14:45:00+05:30,15,15,14.99,15,1078169
2026-08-27T14:46:00+05:30,15,15.01,15,15,805773
2026-08-27T14:47:00+05:30,15.01,15.01,15,15.01,499912
2026-08-27T14:48:00+05:30,15,15.02,15,15,1233604
2026-08-27T14:49:00+05:30,15.01,15.02,15,15.01,243399
2026-08-27T14:50:00+05:30,15.03,15.03,15.01,15.02,2313081
2026-08-27T14:51:00+05:30,15.02,15.03,15.01,15.01,625796
2026-08-27T14:52:00+05:30,15.01,15.02,15.01,15.01,238471
2026-08-27T14:53:00+05:30,15.02,15.03,15.01,15.01,1943950
2026-08-27T14:54:00+05:30,15.02,15.02,15,15.02,4500197
2026-08-27T14:55:00+05:30,15.02,15.02,15.01,15.02,263493
2026-08-27T14:56:00+05:30,15.01,15.02,15.01,15.02,522916
2026-08-27T14:57:00+05:30,15.01,15.02,15,15.01,651686
2026-08-27T14:58:00+05:30,15,15.01,15,15,952524
2026-08-27T14:59:00+05:30,15.01,15.01,14.97,14.97,8481023
2026-08-27T15:00:00+05:30,14.96,14.98,14.95,14.98,5426669
2026-08-27T15:01:00+05:30,14.97,14.98,14.97,14.97,1344959
2026-08-27T15:02:00+05:30,14.97,14.98,14.93,14.95,4223908
2026-08-27T15:03:00+05:30,14.95,14.97,14.94,14.95,1645585
2026-08-27T15:04:00+05:30,14.96,14.96,14.94,14.95,2335948
2026-08-27T15:05:00+05:30,14.95,14.95,14.93,14.95,2518783
2026-08-27T15:06:00+05:30,14.94,14.95,14.92,14.92,9650567
2026-08-27T15:07:00+05:30,14.91,14.94,14.91,14.94,3490040
2026-08-27T15:08:00+05:30,14.95,14.95,14.92,14.94,3603683
2026-08-27T15:09:00+05:30,14.95,14.95,14.93,14.95,4371061
2026-08-27T15:10:00+05:30,14.95,14.95,14.94,14.95,2132244
2026-08-27T15:11:00+05:30,14.95,14.96,14.94,14.96,1942545
2026-08-27T15:12:00+05:30,14.95,14.97,14.94,14.95,7251058
2026-08-27T15:13:00+05:30,14.96,14.96,14.93,14.95,3530502
2026-08-27T15:14:00+05:30,14.95,14.97,14.95,14.96,1218264
2026-08-28T09:15:00+05:30,15.03,15.1,15.02,15.06,6598890
2026-08-28T09:16:00+05:30,15.06,15.06,14.96,14.97,6096626
2026-08-28T09:17:00+05:30,14.97,14.98,14.81,14.83,8673180
2026-08-28T09:18:00+05:30,14.83,14.83,14.77,14.78,7566910
2026-08-28T09:19:00+05:30,14.78,14.82,14.76,14.82,4756487
2026-08-28T09:20:00+05:30,14.82,14.86,14.81,14.86,6113784
2026-08-28T09:21:00+05:30,14.86,14.89,14.85,14.86,3636599
2026-08-28T09:22:00+05:30,14.86,14.87,14.86,14.86,7487992
2026-08-28T09:23:00+05:30,14.83,14.85,14.81,14.85,7170894
2026-08-28T09:24:00+05:30,14.85,14.92,14.85,14.91,5090111
2026-08-28T09:25:00+05:30,14.9,14.9,14.88,14.89,1323520
2026-08-28T09:26:00+05:30,14.89,14.92,14.88,14.92,1953378
2026-08-28T09:27:00+05:30,14.95,14.95,14.9,14.95,8212729
2026-08-28T09:28:00+05:30,14.95,14.95,14.86,14.87,1635070
2026-08-28T09:29:00+05:30,14.87,14.89,14.86,14.89,924837
2026-08-28T09:30:00+05:30,14.87,14.88,14.86,14.86,814881
2026-08-28T09:31:00+05:30,14.87,14.87,14.86,14.86,267446
2026-08-28T09:32:00+05:30,14.87,14.87,14.86,14.87,280049
2026-08-28T09:33:00+05:30,14.87,14.91,14.86,14.91,1821642
2026-08-28T09:34:00+05:30,14.9,14.91,14.89,14.89,726365
2026-08-28T09:35:00+05:30,14.89,14.9,14.89,14.89,209682
2026-08-28T09:36:00+05:30,14.89,14.9,14.89,14.9,491600
2026-08-28T09:37:00+05:30,14.89,14.9,14.89,14.9,355001
2026-08-28T09:38:00+05:30,14.9,14.93,14.89,14.9,2218287
2026-08-28T09:39:00+05:30,14.91,14.93,14.9,14.92,527614
2026-08-28T09:40:00+05:30,14.92,14.95,14.91,14.94,9065364
2026-08-28T09:41:00+05:30,14.94,15,14.93,15,5216057
2026-08-28T09:42:00+05:30,14.99,14.99,14.95,14.95,2843766
2026-08-28T09:43:00+05:30,14.95,14.97,14.92,14.97,3790766
2026-08-28T09:44:00+05:30,14.96,14.96,14.94,14.94,895543
2026-08-28T09:45:00+05:30,14.94,14.95,14.93,14.95,840609
2026-08-28T09:46:00+05:30,14.95,14.96,14.94,14.96,294584
2026-08-28T09:47:00+05:30,14.95,14.96,14.92,14.94,1429731
2026-08-28T09:48:00+05:30,14.94,14.95,14.93,14.93,261414
2026-08-28T09:49:00+05:30,14.93,14.96,14.92,14.96,984047
2026-08-28T09:50:00+05:30,14.96,14.96,14.94,14.96,566875
2026-08-28T09:51:00+05:30,14.95,14.96,14.95,14.95,288236
2026-08-28T09:52:00+05:30,14.95,14.96,14.94,14.94,942229
2026-08-28T09:53:00+05:30,14.94,14.95,14.94,14.94,207468
2026-08-28T09:54:00+05:30,14.95,14.95,14.93,14.93,640105
2026-08-28T09:55:00+05:30,14.93,14.94,14.93,14.93,405098
2026-08-28T09:56:00+05:30,14.93,14.94,14.92,14.92,539264
2026-08-28T09:57:00+05:30,14.92,14.93,14.91,14.92,584636
2026-08-28T09:58:00+05:30,14.91,14.93,14.91,14.92,344615
2026-08-28T09:59:00+05:30,14.92,14.93,14.92,14.93,157083
2026-08-28T10:00:00+05:30,14.92,14.94,14.92,14.93,593461
2026-08-28T10:01:00+05:30,14.93,14.93,14.92,14.92,43983
2026-08-28T10:02:00+05:30,14.93,14.93,14.91,14.91,493229
2026-08-28T10:03:00+05:30,14.91,14.92,14.91,14.92,357800
2026-08-28T10:04:00+05:30,14.92,14.93,14.91,14.91,304032
2026-08-28T10:05:00+05:30,14.91,14.92,14.91,14.92,121564
2026-08-28T10:06:00+05:30,14.92,14.93,14.91,14.91,537397
2026-08-28T10:07:00+05:30,14.92,14.92,14.91,14.91,182782
2026-08-28T10:08:00+05:30,14.92,14.92,14.91,14.92,106709
2026-08-28T10:09:00+05:30,14.91,14.92,14.9,14.91,443793
2026-08-28T10:10:00+05:30,14.91,14.91,14.88,14.89,2069648
2026-08-28T10:11:00+05:30,14.88,14.89,14.88,14.89,359626
2026-08-28T10:12:00+05:30,14.89,14.89,14.88,14.88,620444
2026-08-28T10:13:00+05:30,14.89,14.9,14.88,14.9,776511
2026-08-28T10:14:00+05:30,14.9,14.9,14.89,14.89,40757
2026-08-28T10:15:00+05:30,14.9,14.9,14.89,14.89,300843
2026-08-28T10:16:00+05:30,14.89,14.9,14.89,14.9,217656
2026-08-28T10:17:00+05:30,14.89,14.9,14.89,14.9,113388
2026-08-28T10:18:00+05:30,14.89,14.9,14.89,14.89,138203
2026-08-28T10:19:00+05:30,14.89,14.9,14.89,14.9,205286
2026-08-28T10:20:00+05:30,14.9,14.9,14.89,14.9,120806
2026-08-28T10:21:00+05:30,14.89,14.9,14.89,14.9,108448
2026-08-28T10:22:00+05:30,14.9,14.9,14.86,14.87,1673767
2026-08-28T10:23:00+05:30,14.87,14.87,14.86,14.86,719711
2026-08-28T10:24:00+05:30,14.86,14.88,14.86,14.86,798691
2026-08-28T10:25:00+05:30,14.86,14.87,14.86,14.86,268234
2026-08-28T10:26:00+05:30,14.86,14.88,14.85,14.87,761049
2026-08-28T10:27:00+05:30,14.87,14.88,14.87,14.88,271350
2026-08-28T10:28:00+05:30,14.87,14.88,14.87,14.87,126096
2026-08-28T10:29:00+05:30,14.88,14.88,14.87,14.88,210507
2026-08-28T10:30:00+05:30,14.88,14.88,14.83,14.84,3006062
2026-08-28T10:31:00+05:30,14.83,14.84,14.82,14.82,1535388
2026-08-28T10:32:00+05:30,14.82,14.82,14.81,14.82,468884
2026-08-28T10:33:00+05:30,14.81,14.82,14.79,14.8,3584336
2026-08-28T10:34:00+05:30,14.79,14.8,14.78,14.8,2134910
2026-08-28T10:35:00+05:30,14.8,14.8,14.75,14.76,4155220
2026-08-28T10:36:00+05:30,14.77,14.77,14.76,14.77,535185
2026-08-28T10:37:00+05:30,14.76,14.77,14.76,14.76,523553
2026-08-28T10:38:00+05:30,14.77,14.79,14.76,14.78,1069490
2026-08-28T10:39:00+05:30,14.79,14.79,14.76,14.77,4058283
2026-08-28T10:40:00+05:30,14.77,14.77,14.71,14.71,8274373
2026-08-28T10:41:00+05:30,14.71,14.72,14.67,14.67,5050490
2026-08-28T10:42:00+05:30,14.68,14.7,14.67,14.69,2176948
2026-08-28T10:43:00+05:30,14.69,14.71,14.69,14.71,2123086
2026-08-28T10:44:00+05:30,14.7,14.71,14.68,14.69,1346017
2026-08-28T10:45:00+05:30,14.68,14.68,14.65,14.67,4138543
2026-08-28T10:46:00+05:30,14.66,14.7,14.66,14.7,970970
2026-08-28T10:47:00+05:30,14.69,14.7,14.63,14.66,4377283
2026-08-28T10:48:00+05:30,14.67,14.67,14.66,14.66,663195
2026-08-28T10:49:00+05:30,14.66,14.68,14.65,14.66,1182907
2026-08-28T10:50:00+05:30,14.65,14.67,14.65,14.67,1061278
2026-08-28T10:51:00+05:30,14.66,14.67,14.64,14.65,2462627
2026-08-28T10:52:00+05:30,14.64,14.65,14.64,14.64,1365479
2026-08-28T10:53:00+05:30,14.64,14.65,14.64,14.64,627637
2026-08-28T10:54:00+05:30,14.65,14.66,14.64,14.66,1623510
2026-08-28T10:55:00+05:30,14.65,14.66,14.63,14.66,1884712
2026-08-28T10:56:00+05:30,14.65,14.68,14.65,14.67,2447257
2026-08-28T10:57:00+05:30,14.66,14.68,14.66,14.67,904928
2026-08-28T10:58:00+05:30,14.68,14.68,14.66,14.67,579368
2026-08-28T10:59:00+05:30,14.66,14.67,14.65,14.66,1273516
2026-08-28T11:00:00+05:30,14.67,14.67,14.66,14.67,454803
2026-08-28T11:01:00+05:30,14.66,14.67,14.66,14.67,472939
2026-08-28T11:02:00+05:30,14.67,14.67,14.66,14.66,310211
2026-08-28T11:03:00+05:30,14.67,14.67,14.66,14.67,450788
2026-08-28T11:04:00+05:30,14.67,14.67,14.66,14.67,1140136
2026-08-28T11:05:00+05:30,14.67,14.67,14.65,14.65,1223505
2026-08-28T11:06:00+05:30,14.65,14.67,14.65,14.65,1394853
2026-08-28T11:07:00+05:30,14.66,14.67,14.65,14.67,503020
2026-08-28T11:08:00+05:30,14.66,14.67,14.66,14.67,314156
2026-08-28T11:09:00+05:30,14.67,14.67,14.64,14.65,1633343
2026-08-28T11:10:00+05:30,14.64,14.65,14.64,14.65,351393
2026-08-28T11:11:00+05:30,14.64,14.65,14.64,14.64,2459711
2026-08-28T11:12:00+05:30,14.65,14.65,14.64,14.65,358393
2026-08-28T11:13:00+05:30,14.64,14.66,14.64,14.66,721514
2026-08-28T11:14:00+05:30,14.67,14.67,14.66,14.67,616917
2026-08-28T11:15:00+05:30,14.67,14.67,14.65,14.66,626250
2026-08-28T11:16:00+05:30,14.66,14.68,14.65,14.68,1311481
2026-08-28T11:17:00+05:30,14.69,14.72,14.68,14.72,1896285
2026-08-28T11:18:00+05:30,14.72,14.72,14.71,14.72,1229233
2026-08-28T11:19:00+05:30,14.71,14.72,14.69,14.7,546994
2026-08-28T11:20:00+05:30,14.7,14.7,14.69,14.69,481987
2026-08-28T11:21:00+05:30,14.69,14.7,14.69,14.7,308800
2026-08-28T11:22:00+05:30,14.7,14.71,14.69,14.71,656930
2026-08-28T11:23:00+05:30,14.7,14.71,14.7,14.7,190525
2026-08-28T11:24:00+05:30,14.7,14.72,14.7,14.71,343757
2026-08-28T11:25:00+05:30,14.7,14.71,14.7,14.71,137073
2026-08-28T11:26:00+05:30,14.71,14.71,14.69,14.7,931385
2026-08-28T11:27:00+05:30,14.7,14.73,14.69,14.72,2943621
2026-08-28T11:28:00+05:30,14.71,14.73,14.71,14.73,763600
2026-08-28T11:29:00+05:30,14.72,14.73,14.7,14.71,1034224
2026-08-28T11:30:00+05:30,14.71,14.72,14.71,14.72,119111
2026-08-28T11:31:00+05:30,14.71,14.72,14.71,14.72,293093
2026-08-28T11:32:00+05:30,14.71,14.72,14.71,14.71,228788
2026-08-28T11:33:00+05:30,14.71,14.72,14.7,14.71,739197
2026-08-28T11:34:00+05:30,14.7,14.71,14.7,14.71,418160
2026-08-28T11:35:00+05:30,14.7,14.71,14.69,14.69,423768
2026-08-28T11:36:00+05:30,14.68,14.69,14.67,14.67,812492
2026-08-28T11:37:00+05:30,14.68,14.68,14.67,14.68,144748
2026-08-28T11:38:00+05:30,14.68,14.69,14.67,14.69,427670
2026-08-28T11:39:00+05:30,14.69,14.69,14.68,14.68,396305
2026-08-28T11:40:00+05:30,14.68,14.69,14.68,14.68,170734
2026-08-28T11:41:00+05:30,14.68,14.7,14.68,14.69,81953
2026-08-28T11:42:00+05:30,14.69,14.7,14.69,14.69,204667
2026-08-28T11:43:00+05:30,14.69,14.7,14.68,14.69,483552
2026-08-28T11:44:00+05:30,14.68,14.69,14.68,14.69,212702
2026-08-28T11:45:00+05:30,14.69,14.69,14.62,14.64,3461342
2026-08-28T11:46:00+05:30,14.63,14.64,14.63,14.63,356272
2026-08-28T11:47:00+05:30,14.64,14.64,14.63,14.64,380166
2026-08-28T11:48:00+05:30,14.63,14.64,14.63,14.63,251689
2026-08-28T11:49:00+05:30,14.64,14.64,14.63,14.64,210021
2026-08-28T11:50:00+05:30,14.64,14.64,14.63,14.64,193484
2026-08-28T11:51:00+05:30,14.63,14.64,14.63,14.64,185055
2026-08-28T11:52:00+05:30,14.64,14.64,14.63,14.63,254148
2026-08-28T11:53:00+05:30,14.64,14.64,14.63,14.64,326653
2026-08-28T11:54:00+05:30,14.63,14.64,14.63,14.63,232885
2026-08-28T11:55:00+05:30,14.63,14.64,14.63,14.64,922410
2026-08-28T11:56:00+05:30,14.63,14.64,14.63,14.64,471588
2026-08-28T11:57:00+05:30,14.64,14.64,14.62,14.63,1273665
2026-08-28T11:58:00+05:30,14.62,14.63,14.62,14.62,441261
2026-08-28T11:59:00+05:30,14.62,14.63,14.6,14.61,2590342
2026-08-28T12:00:00+05:30,14.6,14.61,14.6,14.61,696583
2026-08-28T12:01:00+05:30,14.61,14.63,14.6,14.62,1713197
2026-08-28T12:02:00+05:30,14.62,14.63,14.62,14.62,278966
2026-08-28T12:03:00+05:30,14.62,14.63,14.61,14.62,524665
2026-08-28T12:04:00+05:30,14.61,14.62,14.61,14.62,262706
2026-08-28T12:05:00+05:30,14.61,14.64,14.61,14.63,692046
2026-08-28T12:06:00+05:30,14.63,14.65,14.63,14.65,252705
2026-08-28T12:07:00+05:30,14.64,14.67,14.64,14.67,766750
2026-08-28T12:08:00+05:30,14.66,14.67,14.66,14.66,384162
2026-08-28T12:09:00+05:30,14.66,14.67,14.65,14.66,181148
2026-08-28T12:10:00+05:30,14.65,14.66,14.65,14.66,180512
2026-08-28T12:11:00+05:30,14.65,14.66,14.65,14.65,152066
2026-08-28T12:12:00+05:30,14.66,14.66,14.65,14.66,118820
2026-08-28T12:13:00+05:30,14.65,14.66,14.65,14.66,139925
2026-08-28T12:14:00+05:30,14.65,14.66,14.65,14.66,117050
2026-08-28T12:15:00+05:30,14.65,14.67,14.65,14.67,201554
2026-08-28T12:16:00+05:30,14.66,14.69,14.66,14.69,852667
2026-08-28T12:17:00+05:30,14.69,14.69,14.68,14.69,3747155
2026-08-28T12:18:00+05:30,14.69,14.69,14.67,14.67,1195547
2026-08-28T12:19:00+05:30,14.66,14.69,14.66,14.69,339635
2026-08-28T12:20:00+05:30,14.68,14.69,14.68,14.69,351676
2026-08-28T12:21:00+05:30,14.68,14.69,14.67,14.68,314517
2026-08-28T12:22:00+05:30,14.68,14.68,14.67,14.68,123871
2026-08-28T12:23:00+05:30,14.66,14.67,14.66,14.67,346155
2026-08-28T12:24:00+05:30,14.66,14.67,14.66,14.67,76646
2026-08-28T12:25:00+05:30,14.67,14.67,14.66,14.67,78622
2026-08-28T12:26:00+05:30,14.67,14.67,14.66,14.67,91585
2026-08-28T12:27:00+05:30,14.67,14.67,14.66,14.67,248209
2026-08-28T12:28:00+05:30,14.67,14.67,14.66,14.66,343310
2026-08-28T12:29:00+05:30,14.66,14.67,14.64,14.64,932069
2026-08-28T12:30:00+05:30,14.64,14.65,14.64,14.64,182652
2026-08-28T12:31:00+05:30,14.64,14.66,14.64,14.64,584380
2026-08-28T12:32:00+05:30,14.64,14.65,14.64,14.64,238299
2026-08-28T12:33:00+05:30,14.64,14.66,14.64,14.66,1115439
2026-08-28T12:34:00+05:30,14.66,14.66,14.65,14.66,67699
2026-08-28T12:35:00+05:30,14.65,14.66,14.64,14.65,571640
2026-08-28T12:36:00+05:30,14.65,14.65,14.64,14.65,555447
2026-08-28T12:37:00+05:30,14.65,14.65,14.64,14.65,271039
2026-08-28T12:38:00+05:30,14.65,14.66,14.63,14.63,287956
2026-08-28T12:39:00+05:30,14.63,14.64,14.63,14.63,393442
2026-08-28T12:40:00+05:30,14.63,14.65,14.63,14.65,514792
2026-08-28T12:41:00+05:30,14.65,14.65,14.64,14.65,698206
2026-08-28T12:42:00+05:30,14.65,14.66,14.65,14.65,130404
2026-08-28T12:43:00+05:30,14.65,14.66,14.65,14.65,87946
2026-08-28T12:44:00+05:30,14.65,14.66,14.64,14.65,367548
2026-08-28T12:45:00+05:30,14.65,14.66,14.64,14.66,447385
2026-08-28T12:46:00+05:30,14.66,14.66,14.65,14.66,214077
2026-08-28T12:47:00+05:30,14.65,14.66,14.65,14.66,275920
2026-08-28T12:48:00+05:30,14.66,14.66,14.65,14.66,86524
2026-08-28T12:49:00+05:30,14.66,14.66,14.65,14.66,108567
2026-08-28T12:50:00+05:30,14.65,14.67,14.65,14.67,335915
2026-08-28T12:51:00+05:30,14.66,14.67,14.66,14.67,155155
2026-08-28T12:52:00+05:30,14.67,14.67,14.66,14.67,317464
2026-08-28T12:53:00+05:30,14.66,14.68,14.66,14.67,333628
2026-08-28T12:54:00+05:30,14.67,14.68,14.67,14.68,426587
2026-08-28T12:55:00+05:30,14.67,14.68,14.67,14.68,363951
2026-08-28T12:56:00+05:30,14.67,14.68,14.67,14.68,297179
2026-08-28T12:57:00+05:30,14.67,14.72,14.67,14.7,3033672
2026-08-28T12:58:00+05:30,14.7,14.71,14.68,14.69,551471
2026-08-28T12:59:00+05:30,14.68,14.69,14.67,14.69,679127
2026-08-28T13:00:00+05:30,14.69,14.7,14.67,14.67,980620
2026-08-28T13:01:00+05:30,14.67,14.69,14.67,14.69,580455
2026-08-28T13:02:00+05:30,14.69,14.69,14.68,14.68,519227
2026-08-28T13:03:00+05:30,14.69,14.7,14.68,14.69,295631
2026-08-28T13:04:00+05:30,14.69,14.7,14.69,14.69,179810
2026-08-28T13:05:00+05:30,14.69,14.7,14.69,14.69,329311
2026-08-28T13:06:00+05:30,14.69,14.7,14.69,14.7,212969
2026-08-28T13:07:00+05:30,14.69,14.7,14.69,14.7,244661
2026-08-28T13:08:00+05:30,14.69,14.7,14.69,14.7,84401
2026-08-28T13:09:00+05:30,14.69,14.7,14.69,14.7,212052
2026-08-28T13:10:00+05:30,14.7,14.7,14.69,14.69,189703
2026-08-28T13:11:00+05:30,14.7,14.75,14.69,14.74,4164420
2026-08-28T13:12:00+05:30,14.74,14.75,14.73,14.74,559117
2026-08-28T13:13:00+05:30,14.73,14.75,14.73,14.75,611903
2026-08-28T13:14:00+05:30,14.74,14.75,14.73,14.74,677094
2026-08-28T13:15:00+05:30,14.73,14.74,14.72,14.72,417702
2026-08-28T13:16:00+05:30,14.72,14.73,14.71,14.72,1267296
2026-08-28T13:17:00+05:30,14.72,14.74,14.72,14.74,305779
2026-08-28T13:18:00+05:30,14.73,14.74,14.73,14.74,386589
2026-08-28T13:19:00+05:30,14.73,14.74,14.73,14.74,144339
2026-08-28T13:20:00+05:30,14.73,14.74,14.73,14.74,247669
2026-08-28T13:21:00+05:30,14.74,14.75,14.73,14.74,837610
2026-08-28T13:22:00+05:30,14.75,14.76,14.74,14.75,929602
2026-08-28T13:23:00+05:30,14.75,14.76,14.75,14.76,252802
2026-08-28T13:24:00+05:30,14.75,14.76,14.74,14.75,719240
2026-08-28T13:25:00+05:30,14.74,14.76,14.74,14.74,1597813
2026-08-28T13:26:00+05:30,14.74,14.75,14.74,14.74,273455
2026-08-28T13:27:00+05:30,14.74,14.75,14.72,14.72,642380
2026-08-28T13:28:00+05:30,14.72,14.73,14.71,14.71,718067
2026-08-28T13:29:00+05:30,14.71,14.72,14.71,14.71,229294
2026-08-28T13:30:00+05:30,14.71,14.72,14.71,14.72,69279
2026-08-28T13:31:00+05:30,14.71,14.73,14.71,14.73,600053
2026-08-28T13:32:00+05:30,14.73,14.74,14.72,14.74,539948
2026-08-28T13:33:00+05:30,14.74,14.74,14.73,14.74,198455
2026-08-28T13:34:00+05:30,14.74,14.74,14.71,14.71,1255245
2026-08-28T13:35:00+05:30,14.71,14.72,14.71,14.71,96156
2026-08-28T13:36:00+05:30,14.71,14.72,14.71,14.72,539128
2026-08-28T13:37:00+05:30,14.71,14.72,14.71,14.71,553625
2026-08-28T13:38:00+05:30,14.71,14.73,14.71,14.72,531994
2026-08-28T13:39:00+05:30,14.71,14.73,14.71,14.73,153119
2026-08-28T13:40:00+05:30,14.72,14.74,14.72,14.74,467616
2026-08-28T13:41:00+05:30,14.73,14.74,14.72,14.73,99726
2026-08-28T13:42:00+05:30,14.72,14.73,14.7,14.71,856561
2026-08-28T13:43:00+05:30,14.7,14.71,14.7,14.71,116652
2026-08-28T13:44:00+05:30,14.71,14.71,14.7,14.71,81031
2026-08-28T13:45:00+05:30,14.7,14.71,14.7,14.71,72569
2026-08-28T13:46:00+05:30,14.7,14.71,14.7,14.7,184749
2026-08-28T13:47:00+05:30,14.71,14.71,14.69,14.7,493606
2026-08-28T13:48:00+05:30,14.69,14.7,14.68,14.68,777711
2026-08-28T13:49:00+05:30,14.69,14.7,14.68,14.69,1218289
2026-08-28T13:50:00+05:30,14.68,14.69,14.68,14.69,240779
2026-08-28T13:51:00+05:30,14.69,14.7,14.68,14.7,310794
2026-08-28T13:52:00+05:30,14.7,14.7,14.68,14.68,81215
2026-08-28T13:53:00+05:30,14.68,14.69,14.68,14.69,117537
2026-08-28T13:54:00+05:30,14.68,14.69,14.68,14.68,620204
2026-08-28T13:55:00+05:30,14.69,14.69,14.68,14.69,21752
2026-08-28T13:56:00+05:30,14.68,14.69,14.68,14.69,99047
2026-08-28T13:57:00+05:30,14.68,14.69,14.68,14.69,70515
2026-08-28T13:58:00+05:30,14.68,14.69,14.68,14.69,58903
2026-08-28T13:59:00+05:30,14.69,14.7,14.68,14.69,394774
2026-08-28T14:00:00+05:30,14.7,14.7,14.69,14.69,251856
2026-08-28T14:01:00+05:30,14.69,14.69,14.68,14.68,44247
2026-08-28T14:02:00+05:30,14.69,14.7,14.68,14.69,631127
2026-08-28T14:03:00+05:30,14.7,14.7,14.69,14.7,27785
2026-08-28T14:04:00+05:30,14.69,14.7,14.68,14.69,373813
2026-08-28T14:05:00+05:30,14.69,14.69,14.68,14.68,425947
2026-08-28T14:06:00+05:30,14.69,14.69,14.68,14.69,82379
2026-08-28T14:07:00+05:30,14.68,14.69,14.68,14.69,470141
2026-08-28T14:08:00+05:30,14.69,14.69,14.68,14.68,83424
2026-08-28T14:09:00+05:30,14.68,14.69,14.68,14.69,157786
2026-08-28T14:10:00+05:30,14.68,14.7,14.68,14.69,1197612
2026-08-28T14:11:00+05:30,14.69,14.7,14.69,14.7,118834
2026-08-28T14:12:00+05:30,14.7,14.72,14.7,14.71,1149592
2026-08-28T14:13:00+05:30,14.7,14.71,14.7,14.71,40051
2026-08-28T14:14:00+05:30,14.71,14.71,14.7,14.7,60963
2026-08-28T14:15:00+05:30,14.7,14.72,14.7,14.72,795670
2026-08-28T14:16:00+05:30,14.72,14.72,14.7,14.71,188735
2026-08-28T14:17:00+05:30,14.72,14.72,14.7,14.71,508474
2026-08-28T14:18:00+05:30,14.7,14.71,14.7,14.7,103171
2026-08-28T14:19:00+05:30,14.7,14.71,14.69,14.69,384747
2026-08-28T14:20:00+05:30,14.7,14.7,14.68,14.69,845109
2026-08-28T14:21:00+05:30,14.69,14.69,14.68,14.68,277424
2026-08-28T14:22:00+05:30,14.69,14.69,14.67,14.68,982235
2026-08-28T14:23:00+05:30,14.68,14.68,14.67,14.67,1016107
2026-08-28T14:24:00+05:30,14.67,14.69,14.67,14.69,115726
2026-08-28T14:25:00+05:30,14.69,14.69,14.68,14.69,78663
2026-08-28T14:26:00+05:30,14.68,14.69,14.68,14.69,65787
2026-08-28T14:27:00+05:30,14.69,14.7,14.68,14.7,244191
2026-08-28T14:28:00+05:30,14.7,14.7,14.69,14.69,62788
2026-08-28T14:29:00+05:30,14.69,14.7,14.69,14.7,300932
2026-08-28T14:30:00+05:30,14.7,14.7,14.69,14.69,102925
2026-08-28T14:31:00+05:30,14.7,14.7,14.69,14.69,68063
2026-08-28T14:32:00+05:30,14.7,14.7,14.69,14.69,49445
2026-08-28T14:33:00+05:30,14.7,14.7,14.69,14.69,121929
2026-08-28T14:34:00+05:30,14.7,14.7,14.69,14.7,846602
2026-08-28T14:35:00+05:30,14.69,14.7,14.69,14.69,591609
2026-08-28T14:36:00+05:30,14.69,14.7,14.69,14.7,79559
2026-08-28T14:37:00+05:30,14.69,14.72,14.69,14.72,840365
2026-08-28T14:38:00+05:30,14.71,14.72,14.71,14.71,184446
2026-08-28T14:39:00+05:30,14.72,14.72,14.71,14.71,396492
2026-08-28T14:40:00+05:30,14.71,14.71,14.69,14.69,622532
2026-08-28T14:41:00+05:30,14.7,14.7,14.69,14.7,979657
2026-08-28T14:42:00+05:30,14.71,14.71,14.69,14.69,418390
2026-08-28T14:43:00+05:30,14.69,14.7,14.69,14.69,129555
2026-08-28T14:44:00+05:30,14.72,14.72,14.71,14.71,1725033
2026-08-28T14:45:00+05:30,14.72,14.72,14.7,14.71,216114
2026-08-28T14:46:00+05:30,14.71,14.71,14.7,14.71,1806370
2026-08-28T14:47:00+05:30,14.71,14.71,14.69,14.7,224982
2026-08-28T14:48:00+05:30,14.7,14.71,14.7,14.7,292147
2026-08-28T14:49:00+05:30,14.71,14.71,14.7,14.7,113391
2026-08-28T14:50:00+05:30,14.7,14.72,14.7,14.71,1509065
2026-08-28T14:51:00+05:30,14.71,14.72,14.7,14.71,415533
2026-08-28T14:52:00+05:30,14.71,14.71,14.69,14.7,2184427
2026-08-28T14:53:00+05:30,14.7,14.7,14.68,14.68,824293
2026-08-28T14:54:00+05:30,14.69,14.69,14.67,14.68,1490564
2026-08-28T14:55:00+05:30,14.67,14.67,14.65,14.66,2002064
2026-08-28T14:56:00+05:30,14.66,14.67,14.65,14.65,1498447
2026-08-28T14:57:00+05:30,14.64,14.66,14.64,14.66,2392412
2026-08-28T14:58:00+05:30,14.65,14.66,14.65,14.66,298347
2026-08-28T14:59:00+05:30,14.66,14.66,14.65,14.65,394281
2026-08-28T15:00:00+05:30,14.64,14.66,14.64,14.65,701905
2026-08-28T15:01:00+05:30,14.65,14.66,14.64,14.65,1462945
2026-08-28T15:02:00+05:30,14.65,14.65,14.63,14.64,2870907
2026-08-28T15:03:00+05:30,14.65,14.65,14.62,14.62,961622
2026-08-28T15:04:00+05:30,14.63,14.64,14.63,14.63,1249214
2026-08-28T15:05:00+05:30,14.63,14.64,14.62,14.62,3381738
2026-08-28T15:06:00+05:30,14.62,14.64,14.62,14.64,3616669
2026-08-28T15:07:00+05:30,14.63,14.66,14.62,14.65,2581564
2026-08-28T15:08:00+05:30,14.65,14.65,14.64,14.64,654854
2026-08-28T15:09:00+05:30,14.65,14.65,14.63,14.64,3870810
2026-08-28T15:10:00+05:30,14.65,14.65,14.62,14.62,2574749
2026-08-28T15:11:00+05:30,14.62,14.65,14.62,14.63,5435813
2026-08-28T15:12:00+05:30,14.64,14.67,14.61,14.66,8896710
2026-08-28T15:13:00+05:30,14.65,14.68,14.65,14.68,1629261
2026-08-28T15:14:00+05:30,14.67,14.69,14.67,14.68,1478245
2026-08-31T09:15:00+05:30,14.78,14.81,14.68,14.75,10610222
2026-08-31T09:16:00+05:30,14.73,14.75,14.64,14.66,9177690
2026-08-31T09:17:00+05:30,14.67,14.67,14.63,14.67,2449013
2026-08-31T09:18:00+05:30,14.7,14.71,14.68,14.69,3214832
2026-08-31T09:19:00+05:30,14.69,14.7,14.68,14.7,1339224
2026-08-31T09:20:00+05:30,14.7,14.79,14.68,14.79,3444305
2026-08-31T09:21:00+05:30,14.79,14.79,14.66,14.67,15783250
2026-08-31T09:22:00+05:30,14.67,14.69,14.64,14.68,14731865
2026-08-31T09:23:00+05:30,14.68,14.68,14.63,14.66,2047307
2026-08-31T09:24:00+05:30,14.66,14.69,14.65,14.69,1933680
2026-08-31T09:25:00+05:30,14.69,14.69,14.68,14.69,616858
2026-08-31T09:26:00+05:30,14.69,14.8,14.69,14.79,6230618
2026-08-31T09:27:00+05:30,14.79,14.82,14.74,14.75,3761728
2026-08-31T09:28:00+05:30,14.75,14.8,14.74,14.79,2042879
2026-08-31T09:29:00+05:30,14.79,14.79,14.76,14.78,1008864
2026-08-31T09:30:00+05:30,14.78,14.82,14.76,14.82,2397344
2026-08-31T09:31:00+05:30,14.82,14.86,14.8,14.85,4184215
2026-08-31T09:32:00+05:30,14.85,14.91,14.85,14.9,9137243
2026-08-31T09:33:00+05:30,14.9,14.9,14.86,14.88,4909404
2026-08-31T09:34:00+05:30,14.88,14.92,14.87,14.91,2714608
2026-08-31T09:35:00+05:30,14.91,14.91,14.87,14.9,2891511
2026-08-31T09:36:00+05:30,14.89,14.9,14.86,14.87,2714984
2026-08-31T09:37:00+05:30,14.87,14.88,14.8,14.81,3063315
2026-08-31T09:38:00+05:30,14.81,14.81,14.77,14.79,3547966
2026-08-31T09:39:00+05:30,14.79,14.8,14.78,14.78,2492940
2026-08-31T09:40:00+05:30,14.78,14.8,14.76,14.8,1973848
2026-08-31T09:41:00+05:30,14.8,14.8,14.78,14.78,1163482
2026-08-31T09:42:00+05:30,14.78,14.79,14.76,14.77,794047
2026-08-31T09:43:00+05:30,14.77,14.77,14.75,14.76,1841183
2026-08-31T09:44:00+05:30,14.76,14.77,14.75,14.76,871938
2026-08-31T09:45:00+05:30,14.76,14.77,14.74,14.76,912988
2026-08-31T09:46:00+05:30,14.76,14.8,14.76,14.8,781078
2026-08-31T09:47:00+05:30,14.8,14.8,14.77,14.78,899628
2026-08-31T09:48:00+05:30,14.78,14.79,14.77,14.77,3562981
2026-08-31T09:49:00+05:30,14.77,14.78,14.77,14.78,625746
2026-08-31T09:50:00+05:30,14.78,14.83,14.77,14.81,1828078
2026-08-31T09:51:00+05:30,14.81,14.82,14.8,14.82,1823466
2026-08-31T09:52:00+05:30,14.81,14.81,14.8,14.8,539613
2026-08-31T09:53:00+05:30,14.81,14.81,14.79,14.8,296842
2026-08-31T09:54:00+05:30,14.8,14.8,14.75,14.76,1164857
2026-08-31T09:55:00+05:30,14.76,14.77,14.75,14.77,1222082
2026-08-31T09:56:00+05:30,14.77,14.77,14.76,14.76,358825
2026-08-31T09:57:00+05:30,14.76,14.77,14.75,14.75,607861
2026-08-31T09:58:00+05:30,14.76,14.76,14.75,14.76,322676
2026-08-31T09:59:00+05:30,14.76,14.8,14.75,14.79,869276
2026-08-31T10:00:00+05:30,14.79,14.81,14.79,14.8,1089987
2026-08-31T10:01:00+05:30,14.8,14.81,14.77,14.78,691321
2026-08-31T10:02:00+05:30,14.77,14.78,14.77,14.77,660325
2026-08-31T10:03:00+05:30,14.78,14.78,14.75,14.75,747009
2026-08-31T10:04:00+05:30,14.74,14.75,14.73,14.73,2146980
2026-08-31T10:05:00+05:30,14.74,14.74,14.72,14.74,1224798
2026-08-31T10:06:00+05:30,14.75,14.75,14.74,14.75,367677
2026-08-31T10:07:00+05:30,14.74,14.74,14.73,14.74,462537
2026-08-31T10:08:00+05:30,14.74,14.75,14.73,14.75,323780
2026-08-31T10:09:00+05:30,14.75,14.75,14.73,14.74,224011
2026-08-31T10:10:00+05:30,14.74,14.74,14.71,14.72,1976243
2026-08-31T10:11:00+05:30,14.7,14.73,14.7,14.72,2183488
2026-08-31T10:12:00+05:30,14.72,14.74,14.71,14.73,710697
2026-08-31T10:13:00+05:30,14.72,14.73,14.72,14.72,166630
2026-08-31T10:14:00+05:30,14.72,14.74,14.7,14.7,1474970
2026-08-31T10:15:00+05:30,14.71,14.72,14.7,14.72,584923
2026-08-31T10:16:00+05:30,14.71,14.73,14.71,14.73,618539
2026-08-31T10:17:00+05:30,14.73,14.75,14.73,14.74,355890
2026-08-31T10:18:00+05:30,14.74,14.75,14.74,14.74,736528
2026-08-31T10:19:00+05:30,14.74,14.74,14.73,14.74,85669
2026-08-31T10:20:00+05:30,14.74,14.74,14.73,14.74,162051
2026-08-31T10:21:00+05:30,14.73,14.74,14.73,14.73,400758
2026-08-31T10:22:00+05:30,14.72,14.75,14.72,14.74,335801
2026-08-31T10:23:00+05:30,14.74,14.74,14.72,14.73,2150090
2026-08-31T10:24:00+05:30,14.73,14.74,14.73,14.74,171029
2026-08-31T10:25:00+05:30,14.73,14.74,14.73,14.73,384509
2026-08-31T10:26:00+05:30,14.74,14.75,14.73,14.75,377700
2026-08-31T10:27:00+05:30,14.74,14.75,14.74,14.75,278933
2026-08-31T10:28:00+05:30,14.74,14.84,14.74,14.83,7317893
2026-08-31T10:29:00+05:30,14.82,14.82,14.78,14.78,973744
2026-08-31T10:30:00+05:30,14.79,14.81,14.78,14.8,932233
2026-08-31T10:31:00+05:30,14.8,14.8,14.79,14.8,216576
2026-08-31T10:32:00+05:30,14.8,14.8,14.78,14.79,750525
2026-08-31T10:33:00+05:30,14.79,14.79,14.75,14.76,801953
2026-08-31T10:34:00+05:30,14.75,14.76,14.75,14.75,694288
2026-08-31T10:35:00+05:30,14.75,14.75,14.73,14.74,941218
2026-08-31T10:36:00+05:30,14.73,14.75,14.73,14.74,468721
2026-08-31T10:37:00+05:30,14.75,14.75,14.73,14.74,486244
2026-08-31T10:38:00+05:30,14.74,14.74,14.7,14.71,1767750
2026-08-31T10:39:00+05:30,14.71,14.72,14.7,14.71,475700
2026-08-31T10:40:00+05:30,14.72,14.73,14.71,14.72,381732
2026-08-31T10:41:00+05:30,14.71,14.72,14.71,14.72,112597
2026-08-31T10:42:00+05:30,14.72,14.72,14.71,14.72,202950
2026-08-31T10:43:00+05:30,14.71,14.75,14.71,14.74,655712
2026-08-31T10:44:00+05:30,14.75,14.75,14.74,14.74,262035
2026-08-31T10:45:00+05:30,14.74,14.75,14.74,14.74,343282
2026-08-31T10:46:00+05:30,14.73,14.77,14.73,14.75,3155407
2026-08-31T10:47:00+05:30,14.75,14.76,14.75,14.76,301435
2026-08-31T10:48:00+05:30,14.75,14.76,14.75,14.76,85511
2026-08-31T10:49:00+05:30,14.76,14.76,14.75,14.76,495641
2026-08-31T10:50:00+05:30,14.75,14.76,14.75,14.76,113867
2026-08-31T10:51:00+05:30,14.76,14.76,14.75,14.76,561130
2026-08-31T10:52:00+05:30,14.76,14.76,14.74,14.76,794933
2026-08-31T10:53:00+05:30,14.76,14.76,14.75,14.75,247494
2026-08-31T10:54:00+05:30,14.79,14.79,14.77,14.78,2533797
2026-08-31T10:55:00+05:30,14.78,14.78,14.77,14.78,107288
2026-08-31T10:56:00+05:30,14.79,14.79,14.77,14.77,232911
2026-08-31T10:57:00+05:30,14.77,14.78,14.77,14.78,1308870
2026-08-31T10:58:00+05:30,14.77,14.8,14.77,14.8,890821
2026-08-31T10:59:00+05:30,14.79,14.8,14.79,14.8,380131
2026-08-31T11:00:00+05:30,14.8,14.8,14.79,14.79,72094
2026-08-31T11:01:00+05:30,14.79,14.8,14.77,14.77,356991
2026-08-31T11:02:00+05:30,14.77,14.78,14.77,14.78,206093
2026-08-31T11:03:00+05:30,14.77,14.78,14.76,14.76,194823
2026-08-31T11:04:00+05:30,14.76,14.77,14.76,14.77,157470
2026-08-31T11:05:00+05:30,14.77,14.77,14.76,14.77,72540
2026-08-31T11:06:00+05:30,14.76,14.78,14.76,14.77,314093
2026-08-31T11:07:00+05:30,14.77,14.77,14.76,14.77,140045
2026-08-31T11:08:00+05:30,14.77,14.77,14.76,14.76,167183
2026-08-31T11:09:00+05:30,14.77,14.77,14.76,14.77,107084
2026-08-31T11:10:00+05:30,14.76,14.77,14.76,14.77,112175
2026-08-31T11:11:00+05:30,14.77,14.77,14.76,14.76,152693
2026-08-31T11:12:00+05:30,14.75,14.75,14.74,14.75,1048729
2026-08-31T11:13:00+05:30,14.75,14.75,14.74,14.74,135803
2026-08-31T11:14:00+05:30,14.74,14.75,14.74,14.74,36330
2026-08-31T11:15:00+05:30,14.75,14.75,14.74,14.75,197314
2026-08-31T11:16:00+05:30,14.75,14.77,14.74,14.76,246004
2026-08-31T11:17:00+05:30,14.76,14.77,14.75,14.77,77508
2026-08-31T11:18:00+05:30,14.76,14.77,14.76,14.76,67343
2026-08-31T11:19:00+05:30,14.77,14.77,14.75,14.75,166011
2026-08-31T11:20:00+05:30,14.75,14.76,14.75,14.75,83082
2026-08-31T11:21:00+05:30,14.75,14.76,14.74,14.75,137744
2026-08-31T11:22:00+05:30,14.74,14.76,14.74,14.75,257524
2026-08-31T11:23:00+05:30,14.75,14.76,14.74,14.75,218976
2026-08-31T11:24:00+05:30,14.74,14.76,14.74,14.75,113658
2026-08-31T11:25:00+05:30,14.76,14.78,14.75,14.78,266042
2026-08-31T11:26:00+05:30,14.77,14.77,14.76,14.77,186574
2026-08-31T11:27:00+05:30,14.77,14.77,14.76,14.77,135980
2026-08-31T11:28:00+05:30,14.77,14.77,14.76,14.77,169457
2026-08-31T11:29:00+05:30,14.76,14.77,14.76,14.77,211796
2026-08-31T11:30:00+05:30,14.76,14.79,14.76,14.78,3370694
2026-08-31T11:31:00+05:30,14.79,14.79,14.77,14.78,118494
2026-08-31T11:32:00+05:30,14.77,14.78,14.77,14.77,191537
2026-08-31T11:33:00+05:30,14.77,14.77,14.75,14.75,420939
2026-08-31T11:34:00+05:30,14.75,14.77,14.75,14.76,88062
2026-08-31T11:35:00+05:30,14.77,14.78,14.76,14.77,159941
2026-08-31T11:36:00+05:30,14.76,14.77,14.76,14.77,73541
2026-08-31T11:37:00+05:30,14.76,14.77,14.76,14.77,58399
2026-08-31T11:38:00+05:30,14.76,14.77,14.76,14.76,137805
2026-08-31T11:39:00+05:30,14.76,14.77,14.76,14.76,117266
2026-08-31T11:40:00+05:30,14.76,14.78,14.76,14.77,248457
2026-08-31T11:41:00+05:30,14.77,14.78,14.77,14.78,139925
2026-08-31T11:42:00+05:30,14.78,14.78,14.77,14.78,168551
2026-08-31T11:43:00+05:30,14.77,14.78,14.77,14.78,134899
2026-08-31T11:44:00+05:30,14.77,14.78,14.76,14.78,645566
2026-08-31T11:45:00+05:30,14.78,14.78,14.77,14.78,170503
2026-08-31T11:46:00+05:30,14.78,14.78,14.76,14.77,278613
2026-08-31T11:47:00+05:30,14.76,14.77,14.75,14.76,829017
2026-08-31T11:48:00+05:30,14.76,14.76,14.75,14.75,50608
2026-08-31T11:49:00+05:30,14.76,14.77,14.76,14.77,346276
2026-08-31T11:50:00+05:30,14.76,14.77,14.76,14.76,104157
2026-08-31T11:51:00+05:30,14.76,14.77,14.76,14.76,262875
2026-08-31T11:52:00+05:30,14.77,14.77,14.76,14.77,92288
2026-08-31T11:53:00+05:30,14.76,14.79,14.76,14.78,1077576
2026-08-31T11:54:00+05:30,14.79,14.79,14.78,14.78,348058
2026-08-31T11:55:00+05:30,14.79,14.79,14.78,14.78,105904
2026-08-31T11:56:00+05:30,14.78,14.8,14.78,14.8,564242
2026-08-31T11:57:00+05:30,14.79,14.8,14.78,14.78,384350
2026-08-31T11:58:00+05:30,14.79,14.79,14.77,14.77,217403
2026-08-31T11:59:00+05:30,14.77,14.78,14.77,14.77,290744
2026-08-31T12:00:00+05:30,14.77,14.77,14.74,14.75,822482
2026-08-31T12:01:00+05:30,14.74,14.75,14.74,14.75,196327
2026-08-31T12:02:00+05:30,14.75,14.75,14.74,14.75,217524
2026-08-31T12:03:00+05:30,14.75,14.77,14.75,14.77,385067
2026-08-31T12:04:00+05:30,14.76,14.77,14.76,14.76,274309
2026-08-31T12:05:00+05:30,14.76,14.77,14.75,14.77,266008
2026-08-31T12:06:00+05:30,14.77,14.77,14.75,14.76,106928
2026-08-31T12:07:00+05:30,14.75,14.77,14.75,14.77,265702
2026-08-31T12:08:00+05:30,14.76,14.77,14.76,14.77,40182
2026-08-31T12:09:00+05:30,14.76,14.77,14.75,14.76,529867
2026-08-31T12:10:00+05:30,14.76,14.79,14.76,14.79,2761934
2026-08-31T12:11:00+05:30,14.78,14.79,14.78,14.78,57413
2026-08-31T12:12:00+05:30,14.78,14.79,14.78,14.79,46233
2026-08-31T12:13:00+05:30,14.78,14.79,14.78,14.79,160061
2026-08-31T12:14:00+05:30,14.79,14.79,14.78,14.79,146373
2026-08-31T12:15:00+05:30,14.78,14.79,14.77,14.78,3142310
2026-08-31T12:16:00+05:30,14.79,14.79,14.78,14.78,56721
2026-08-31T12:17:00+05:30,14.79,14.79,14.77,14.77,309789
2026-08-31T12:18:00+05:30,14.78,14.78,14.77,14.78,138518
2026-08-31T12:19:00+05:30,14.77,14.78,14.76,14.77,536544
2026-08-31T12:20:00+05:30,14.77,14.78,14.77,14.78,59253
2026-08-31T12:21:00+05:30,14.78,14.78,14.77,14.78,182590
2026-08-31T12:22:00+05:30,14.78,14.78,14.77,14.77,71016
2026-08-31T12:23:00+05:30,14.78,14.78,14.76,14.77,180798
2026-08-31T12:24:00+05:30,14.77,14.77,14.75,14.76,496269
2026-08-31T12:25:00+05:30,14.76,14.77,14.75,14.77,65384
2026-08-31T12:26:00+05:30,14.77,14.77,14.76,14.76,71948
2026-08-31T12:27:00+05:30,14.77,14.77,14.76,14.76,57072
2026-08-31T12:28:00+05:30,14.77,14.77,14.76,14.77,464646
2026-08-31T12:29:00+05:30,14.76,14.77,14.76,14.76,159147
2026-08-31T12:30:00+05:30,14.76,14.77,14.76,14.77,78854
2026-08-31T12:31:00+05:30,14.76,14.77,14.76,14.77,37930
2026-08-31T12:32:00+05:30,14.76,14.77,14.76,14.76,146662
2026-08-31T12:33:00+05:30,14.77,14.77,14.76,14.77,192352
2026-08-31T12:34:00+05:30,14.77,14.78,14.76,14.77,457434
2026-08-31T12:35:00+05:30,14.78,14.78,14.77,14.78,241530
2026-08-31T12:36:00+05:30,14.77,14.78,14.77,14.78,69780
2026-08-31T12:37:00+05:30,14.76,14.77,14.76,14.76,100495
2026-08-31T12:38:00+05:30,14.77,14.78,14.76,14.77,275481
2026-08-31T12:39:00+05:30,14.77,14.79,14.77,14.79,147737
2026-08-31T12:40:00+05:30,14.79,14.79,14.78,14.78,88982
2026-08-31T12:41:00+05:30,14.79,14.79,14.77,14.77,165285
2026-08-31T12:42:00+05:30,14.78,14.78,14.76,14.76,90566
2026-08-31T12:43:00+05:30,14.77,14.77,14.76,14.77,163980
2026-08-31T12:44:00+05:30,14.76,14.77,14.76,14.77,274511
2026-08-31T12:45:00+05:30,14.76,14.77,14.76,14.76,21702
2026-08-31T12:46:00+05:30,14.76,14.77,14.76,14.76,56058
2026-08-31T12:47:00+05:30,14.76,14.77,14.76,14.76,29240
2026-08-31T12:48:00+05:30,14.76,14.77,14.76,14.76,68822
2026-08-31T12:49:00+05:30,14.76,14.78,14.76,14.77,263095
2026-08-31T12:50:00+05:30,14.77,14.78,14.77,14.78,90769
2026-08-31T12:51:00+05:30,14.78,14.78,14.77,14.78,47297
2026-08-31T12:52:00+05:30,14.78,14.78,14.76,14.77,359912
2026-08-31T12:53:00+05:30,14.77,14.77,14.76,14.76,42599
2026-08-31T12:54:00+05:30,14.76,14.77,14.75,14.76,424006
2026-08-31T12:55:00+05:30,14.76,14.76,14.75,14.76,102985
2026-08-31T12:56:00+05:30,14.76,14.76,14.75,14.75,33096
2026-08-31T12:57:00+05:30,14.75,14.75,14.68,14.69,6052145
2026-08-31T12:58:00+05:30,14.69,14.7,14.68,14.69,546563
2026-08-31T12:59:00+05:30,14.69,14.72,14.69,14.7,873523
2026-08-31T13:00:00+05:30,14.7,14.71,14.67,14.71,4394392
2026-08-31T13:01:00+05:30,14.69,14.71,14.69,14.7,255566
2026-08-31T13:02:00+05:30,14.7,14.7,14.68,14.69,426559
2026-08-31T13:03:00+05:30,14.69,14.7,14.69,14.7,81573
2026-08-31T13:04:00+05:30,14.7,14.71,14.69,14.7,165080
2026-08-31T13:05:00+05:30,14.7,14.71,14.7,14.7,279749
2026-08-31T13:06:00+05:30,14.7,14.71,14.7,14.7,256688
2026-08-31T13:07:00+05:30,14.7,14.71,14.7,14.71,238117
2026-08-31T13:08:00+05:30,14.7,14.72,14.7,14.7,383036
2026-08-31T13:09:00+05:30,14.7,14.72,14.7,14.71,353863
2026-08-31T13:10:00+05:30,14.71,14.71,14.69,14.69,1065569
2026-08-31T13:11:00+05:30,14.69,14.7,14.69,14.7,171206
2026-08-31T13:12:00+05:30,14.7,14.7,14.68,14.68,222366
2026-08-31T13:13:00+05:30,14.68,14.7,14.68,14.7,227459
2026-08-31T13:14:00+05:30,14.7,14.7,14.69,14.69,177233
2026-08-31T13:15:00+05:30,14.7,14.71,14.69,14.71,527273
2026-08-31T13:16:00+05:30,14.71,14.71,14.69,14.69,543340
2026-08-31T13:17:00+05:30,14.69,14.7,14.69,14.69,94409
2026-08-31T13:18:00+05:30,14.69,14.7,14.69,14.69,25057
2026-08-31T13:19:00+05:30,14.69,14.7,14.69,14.7,259809
2026-08-31T13:20:00+05:30,14.7,14.7,14.69,14.69,228134
2026-08-31T13:21:00+05:30,14.7,14.7,14.67,14.68,783310
2026-08-31T13:22:00+05:30,14.67,14.68,14.67,14.67,233896
2026-08-31T13:23:00+05:30,14.67,14.7,14.67,14.69,984139
2026-08-31T13:24:00+05:30,14.69,14.69,14.68,14.69,172362
2026-08-31T13:25:00+05:30,14.69,14.69,14.68,14.69,136044
2026-08-31T13:26:00+05:30,14.68,14.69,14.68,14.69,137510
2026-08-31T13:27:00+05:30,14.69,14.69,14.68,14.68,443967
2026-08-31T13:28:00+05:30,14.68,14.69,14.68,14.69,218882
2026-08-31T13:29:00+05:30,14.68,14.69,14.68,14.68,708131
2026-08-31T13:30:00+05:30,14.68,14.7,14.68,14.7,589547
2026-08-31T13:31:00+05:30,14.7,14.71,14.69,14.7,729497
2026-08-31T13:32:00+05:30,14.7,14.71,14.7,14.7,173765
2026-08-31T13:33:00+05:30,14.7,14.71,14.7,14.71,218494
2026-08-31T13:34:00+05:30,14.7,14.71,14.7,14.71,107573
2026-08-31T13:35:00+05:30,14.71,14.71,14.7,14.71,104636
2026-08-31T13:36:00+05:30,14.7,14.71,14.69,14.7,314054
2026-08-31T13:37:00+05:30,14.7,14.71,14.69,14.7,187768
2026-08-31T13:38:00+05:30,14.7,14.71,14.7,14.7,41860
2026-08-31T13:39:00+05:30,14.7,14.71,14.7,14.71,237992
2026-08-31T13:40:00+05:30,14.7,14.71,14.7,14.7,39198
2026-08-31T13:41:00+05:30,14.7,14.71,14.7,14.71,78372
2026-08-31T13:42:00+05:30,14.71,14.71,14.7,14.71,77769
2026-08-31T13:43:00+05:30,14.7,14.71,14.7,14.7,197132
2026-08-31T13:44:00+05:30,14.7,14.71,14.7,14.7,30129
2026-08-31T13:45:00+05:30,14.7,14.71,14.7,14.7,97112
2026-08-31T13:46:00+05:30,14.7,14.71,14.7,14.71,38401
2026-08-31T13:47:00+05:30,14.7,14.71,14.7,14.71,121637
2026-08-31T13:48:00+05:30,14.7,14.71,14.7,14.71,101914
2026-08-31T13:49:00+05:30,14.7,14.71,14.7,14.7,95222
2026-08-31T13:50:00+05:30,14.71,14.71,14.7,14.7,54493
2026-08-31T13:51:00+05:30,14.71,14.71,14.7,14.7,34164
2026-08-31T13:52:00+05:30,14.7,14.71,14.7,14.71,158212
2026-08-31T13:53:00+05:30,14.7,14.74,14.7,14.74,1958634
2026-08-31T13:54:00+05:30,14.73,14.75,14.72,14.75,2729304
2026-08-31T13:55:00+05:30,14.75,14.75,14.74,14.75,465887
2026-08-31T13:56:00+05:30,14.74,14.82,14.74,14.81,4969310
2026-08-31T13:57:00+05:30,14.81,14.82,14.78,14.79,2111670
2026-08-31T13:58:00+05:30,14.79,14.8,14.78,14.78,638548
2026-08-31T13:59:00+05:30,14.78,14.78,14.76,14.76,532840
2026-08-31T14:00:00+05:30,14.77,14.78,14.76,14.78,366940
2026-08-31T14:01:00+05:30,14.77,14.8,14.77,14.79,817112
2026-08-31T14:02:00+05:30,14.79,14.82,14.79,14.8,1436390
2026-08-31T14:03:00+05:30,14.81,14.81,14.8,14.81,261730
2026-08-31T14:04:00+05:30,14.8,14.8,14.79,14.79,320935
2026-08-31T14:05:00+05:30,14.79,14.8,14.78,14.78,497451
2026-08-31T14:06:00+05:30,14.78,14.79,14.77,14.78,552389
2026-08-31T14:07:00+05:30,14.77,14.79,14.77,14.79,186554
2026-08-31T14:08:00+05:30,14.8,14.8,14.79,14.79,1180489
2026-08-31T14:09:00+05:30,14.79,14.8,14.79,14.8,233886
2026-08-31T14:10:00+05:30,14.8,14.81,14.79,14.8,1109919
2026-08-31T14:11:00+05:30,14.8,14.81,14.8,14.8,497810
2026-08-31T14:12:00+05:30,14.8,14.81,14.8,14.81,447478
2026-08-31T14:13:00+05:30,14.8,14.81,14.8,14.8,418918
2026-08-31T14:14:00+05:30,14.8,14.81,14.8,14.81,523804
2026-08-31T14:15:00+05:30,14.8,14.81,14.79,14.79,1437923
2026-08-31T14:16:00+05:30,14.8,14.8,14.79,14.79,200724
2026-08-31T14:17:00+05:30,14.8,14.8,14.79,14.79,275427
2026-08-31T14:18:00+05:30,14.8,14.8,14.79,14.79,351070
2026-08-31T14:19:00+05:30,14.79,14.8,14.79,14.79,730808
2026-08-31T14:20:00+05:30,14.79,14.81,14.79,14.8,610823
2026-08-31T14:21:00+05:30,14.8,14.81,14.8,14.8,1322876
2026-08-31T14:22:00+05:30,14.79,14.8,14.79,14.79,522690
2026-08-31T14:23:00+05:30,14.79,14.81,14.79,14.8,755127
2026-08-31T14:24:00+05:30,14.81,14.81,14.8,14.81,713759
2026-08-31T14:25:00+05:30,14.81,14.81,14.8,14.81,508470
2026-08-31T14:26:00+05:30,14.81,14.81,14.8,14.81,489804
2026-08-31T14:27:00+05:30,14.8,14.81,14.8,14.81,506383
2026-08-31T14:28:00+05:30,14.8,14.81,14.8,14.81,207830
2026-08-31T14:29:00+05:30,14.8,14.81,14.8,14.8,409481
2026-08-31T14:30:00+05:30,14.8,14.81,14.78,14.79,1528834
2026-08-31T14:31:00+05:30,14.78,14.79,14.78,14.78,355594
2026-08-31T14:32:00+05:30,14.78,14.79,14.78,14.78,644619
2026-08-31T14:33:00+05:30,14.78,14.79,14.78,14.79,567841
2026-08-31T14:34:00+05:30,14.78,14.79,14.76,14.76,943545
2026-08-31T14:35:00+05:30,14.76,14.78,14.76,14.77,363631
2026-08-31T14:36:00+05:30,14.78,14.79,14.77,14.78,819299
2026-08-31T14:37:00+05:30,14.78,14.79,14.77,14.77,483153
2026-08-31T14:38:00+05:30,14.78,14.79,14.77,14.78,408888
2026-08-31T14:39:00+05:30,14.78,14.8,14.77,14.77,1907753
2026-08-31T14:40:00+05:30,14.77,14.79,14.77,14.78,683098
2026-08-31T14:41:00+05:30,14.78,14.79,14.78,14.79,233339
2026-08-31T14:42:00+05:30,14.78,14.8,14.78,14.79,775872
2026-08-31T14:43:00+05:30,14.8,14.8,14.79,14.79,634650
2026-08-31T14:44:00+05:30,14.8,14.8,14.77,14.77,2600218
2026-08-31T14:45:00+05:30,14.77,14.81,14.77,14.8,1163505
2026-08-31T14:46:00+05:30,14.82,14.85,14.81,14.85,2216508
2026-08-31T14:47:00+05:30,14.82,14.82,14.79,14.8,1030998
2026-08-31T14:48:00+05:30,14.8,14.81,14.79,14.81,557406
2026-08-31T14:49:00+05:30,14.8,14.82,14.8,14.8,1096832
2026-08-31T14:50:00+05:30,14.82,14.82,14.8,14.81,501136
2026-08-31T14:51:00+05:30,14.81,14.82,14.8,14.81,737850
2026-08-31T14:52:00+05:30,14.81,14.82,14.79,14.8,1310767
2026-08-31T14:53:00+05:30,14.8,14.81,14.77,14.78,1470672
2026-08-31T14:54:00+05:30,14.77,14.79,14.77,14.78,834446
2026-08-31T14:55:00+05:30,14.79,14.79,14.75,14.75,909720
2026-08-31T14:56:00+05:30,14.77,14.81,14.77,14.81,2479904
2026-08-31T14:57:00+05:30,14.82,14.82,14.76,14.77,1480053
2026-08-31T14:58:00+05:30,14.78,14.79,14.77,14.77,1137377
2026-08-31T14:59:00+05:30,14.78,14.78,14.77,14.78,602876
2026-08-31T15:00:00+05:30,14.78,14.78,14.76,14.76,1981219
2026-08-31T15:01:00+05:30,14.76,14.77,14.76,14.76,1506291
2026-08-31T15:02:00+05:30,14.76,14.76,14.74,14.74,1965642
2026-08-31T15:03:00+05:30,14.74,14.75,14.72,14.75,1629440
2026-08-31T15:04:00+05:30,14.74,14.75,14.73,14.74,1075507
2026-08-31T15:05:00+05:30,14.73,14.74,14.71,14.71,2997343
2026-08-31T15:06:00+05:30,14.71,14.73,14.71,14.73,2218261
2026-08-31T15:07:00+05:30,14.74,14.74,14.73,14.74,1653627
2026-08-31T15:08:00+05:30,14.73,14.74,14.71,14.71,3270772
2026-08-31T15:09:00+05:30,14.73,14.73,14.69,14.7,4102360
2026-08-31T15:10:00+05:30,14.69,14.69,14.67,14.67,3475543
2026-08-31T15:11:00+05:30,14.67,14.68,14.65,14.68,2987693
2026-08-31T15:12:00+05:30,14.68,14.69,14.65,14.67,3825007
2026-08-31T15:13:00+05:30,14.72,14.75,14.67,14.69,7529828
2026-08-31T15:14:00+05:30,14.68,14.71,14.68,14.7,2391535
2026-09-01T09:15:00+05:30,14.6,14.63,14.56,14.6,4271012
2026-09-01T09:16:00+05:30,14.6,14.6,14.5,14.51,10162738
2026-09-01T09:17:00+05:30,14.51,14.58,14.51,14.58,5270058
2026-09-01T09:18:00+05:30,14.58,14.6,14.55,14.57,2850934
2026-09-01T09:19:00+05:30,14.58,14.59,14.57,14.58,1729669
2026-09-01T09:20:00+05:30,14.58,14.58,14.55,14.56,2640335
2026-09-01T09:21:00+05:30,14.56,14.56,14.51,14.52,2253450
2026-09-01T09:22:00+05:30,14.51,14.53,14.51,14.53,937590
2026-09-01T09:23:00+05:30,14.52,14.54,14.51,14.52,3173404
2026-09-01T09:24:00+05:30,14.52,14.52,14.51,14.51,595384
2026-09-01T09:25:00+05:30,14.52,14.56,14.51,14.56,1120575
2026-09-01T09:26:00+05:30,14.55,14.56,14.52,14.52,2201460
2026-09-01T09:27:00+05:30,14.53,14.55,14.52,14.54,303621
2026-09-01T09:28:00+05:30,14.54,14.56,14.54,14.54,2976975
2026-09-01T09:29:00+05:30,14.55,14.55,14.53,14.54,1154486
2026-09-01T09:30:00+05:30,14.54,14.54,14.53,14.53,556475
2026-09-01T09:31:00+05:30,14.53,14.53,14.48,14.49,3590536
2026-09-01T09:32:00+05:30,14.49,14.49,14.48,14.49,905646
2026-09-01T09:33:00+05:30,14.49,14.51,14.48,14.51,1540221
2026-09-01T09:34:00+05:30,14.51,14.51,14.49,14.5,624887
2026-09-01T09:35:00+05:30,14.49,14.5,14.49,14.5,233379
2026-09-01T09:36:00+05:30,14.5,14.51,14.49,14.51,326096
2026-09-01T09:37:00+05:30,14.5,14.51,14.5,14.51,377666
2026-09-01T09:38:00+05:30,14.51,14.51,14.5,14.51,319631
2026-09-01T09:39:00+05:30,14.51,14.52,14.47,14.47,2332738
2026-09-01T09:40:00+05:30,14.48,14.48,14.46,14.48,1856527
2026-09-01T09:41:00+05:30,14.47,14.48,14.47,14.48,769060
2026-09-01T09:42:00+05:30,14.47,14.48,14.46,14.47,385838
2026-09-01T09:43:00+05:30,14.48,14.48,14.45,14.46,496257
2026-09-01T09:44:00+05:30,14.46,14.47,14.43,14.43,850480
2026-09-01T09:45:00+05:30,14.45,14.45,14.44,14.45,739622
2026-09-01T09:46:00+05:30,14.45,14.45,14.43,14.44,649119
2026-09-01T09:47:00+05:30,14.43,14.44,14.43,14.44,242905
2026-09-01T09:48:00+05:30,14.44,14.45,14.42,14.42,1363473
2026-09-01T09:49:00+05:30,14.42,14.44,14.42,14.43,1170787
2026-09-01T09:50:00+05:30,14.42,14.44,14.42,14.43,745694
2026-09-01T09:51:00+05:30,14.44,14.44,14.43,14.43,322782
2026-09-01T09:52:00+05:30,14.44,14.44,14.43,14.43,223113
2026-09-01T09:53:00+05:30,14.44,14.44,14.43,14.43,257165
2026-09-01T09:54:00+05:30,14.43,14.44,14.38,14.38,3191114
2026-09-01T09:55:00+05:30,14.39,14.4,14.37,14.39,1594078
2026-09-01T09:56:00+05:30,14.4,14.4,14.36,14.38,2851599
2026-09-01T09:57:00+05:30,14.39,14.4,14.38,14.39,2291884
2026-09-01T09:58:00+05:30,14.39,14.39,14.38,14.39,262608
2026-09-01T09:59:00+05:30,14.39,14.4,14.38,14.39,608095
2026-09-01T10:00:00+05:30,14.4,14.41,14.39,14.4,1187258
2026-09-01T10:01:00+05:30,14.4,14.41,14.4,14.41,527826
2026-09-01T10:02:00+05:30,14.4,14.41,14.37,14.38,1521336
2026-09-01T10:03:00+05:30,14.37,14.38,14.37,14.38,440538
2026-09-01T10:04:00+05:30,14.38,14.4,14.38,14.39,362198
2026-09-01T10:05:00+05:30,14.4,14.41,14.39,14.4,588284
2026-09-01T10:06:00+05:30,14.4,14.41,14.37,14.38,1253268
2026-09-01T10:07:00+05:30,14.38,14.38,14.36,14.36,1172595
2026-09-01T10:08:00+05:30,14.37,14.37,14.36,14.37,457315
2026-09-01T10:09:00+05:30,14.37,14.38,14.36,14.37,497490
2026-09-01T10:10:00+05:30,14.36,14.38,14.36,14.37,526938
2026-09-01T10:11:00+05:30,14.38,14.38,14.37,14.38,289923
2026-09-01T10:12:00+05:30,14.38,14.38,14.36,14.37,680122
2026-09-01T10:13:00+05:30,14.37,14.37,14.33,14.33,3294557
2026-09-01T10:14:00+05:30,14.34,14.34,14.32,14.33,1384147
2026-09-01T10:15:00+05:30,14.34,14.36,14.33,14.36,957897
2026-09-01T10:16:00+05:30,14.36,14.37,14.36,14.37,592201
2026-09-01T10:17:00+05:30,14.37,14.41,14.37,14.4,1988063
2026-09-01T10:18:00+05:30,14.41,14.41,14.4,14.41,446633
2026-09-01T10:19:00+05:30,14.4,14.41,14.39,14.39,1007323
2026-09-01T10:20:00+05:30,14.39,14.41,14.39,14.39,756004
2026-09-01T10:21:00+05:30,14.4,14.41,14.39,14.41,637663
2026-09-01T10:22:00+05:30,14.4,14.41,14.4,14.41,82338
2026-09-01T10:23:00+05:30,14.41,14.41,14.4,14.4,338300
2026-09-01T10:24:00+05:30,14.41,14.41,14.4,14.4,143357
2026-09-01T10:25:00+05:30,14.39,14.4,14.39,14.39,422470
2026-09-01T10:26:00+05:30,14.39,14.4,14.39,14.4,193558
2026-09-01T10:27:00+05:30,14.39,14.4,14.39,14.39,124093
2026-09-01T10:28:00+05:30,14.39,14.4,14.37,14.38,566959
2026-09-01T10:29:00+05:30,14.38,14.39,14.37,14.39,618927
2026-09-01T10:30:00+05:30,14.38,14.38,14.37,14.37,212830
2026-09-01T10:31:00+05:30,14.38,14.38,14.37,14.38,130023
2026-09-01T10:32:00+05:30,14.38,14.39,14.37,14.39,234124
2026-09-01T10:33:00+05:30,14.39,14.39,14.38,14.38,113581
2026-09-01T10:34:00+05:30,14.38,14.39,14.38,14.38,305908
2026-09-01T10:35:00+05:30,14.38,14.38,14.36,14.37,645001
2026-09-01T10:36:00+05:30,14.37,14.37,14.36,14.36,211753
2026-09-01T10:37:00+05:30,14.37,14.4,14.37,14.4,1214654
2026-09-01T10:38:00+05:30,14.41,14.44,14.41,14.44,1888043
2026-09-01T10:39:00+05:30,14.44,14.44,14.43,14.44,438233
2026-09-01T10:40:00+05:30,14.43,14.43,14.4,14.41,1016274
2026-09-01T10:41:00+05:30,14.41,14.41,14.38,14.39,540274
2026-09-01T10:42:00+05:30,14.39,14.39,14.37,14.38,330372
2026-09-01T10:43:00+05:30,14.37,14.38,14.36,14.36,1836715
2026-09-01T10:44:00+05:30,14.37,14.37,14.36,14.37,455117
2026-09-01T10:45:00+05:30,14.37,14.37,14.35,14.35,512905
2026-09-01T10:46:00+05:30,14.35,14.36,14.35,14.36,110531
2026-09-01T10:47:00+05:30,14.36,14.36,14.35,14.36,152524
2026-09-01T10:48:00+05:30,14.36,14.36,14.35,14.35,512326
2026-09-01T10:49:00+05:30,14.36,14.37,14.35,14.36,262078
2026-09-01T10:50:00+05:30,14.36,14.37,14.36,14.36,137160
2026-09-01T10:51:00+05:30,14.36,14.37,14.36,14.36,461986
2026-09-01T10:52:00+05:30,14.37,14.37,14.36,14.37,249976
2026-09-01T10:53:00+05:30,14.37,14.38,14.36,14.37,182194
2026-09-01T10:54:00+05:30,14.37,14.39,14.37,14.39,335888
2026-09-01T10:55:00+05:30,14.38,14.39,14.38,14.39,187325
2026-09-01T10:56:00+05:30,14.39,14.4,14.38,14.39,208829
2026-09-01T10:57:00+05:30,14.39,14.39,14.37,14.38,328394
2026-09-01T10:58:00+05:30,14.39,14.39,14.37,14.38,1072839
2026-09-01T10:59:00+05:30,14.38,14.38,14.36,14.36,637134
2026-09-01T11:00:00+05:30,14.36,14.36,14.35,14.35,120033
2026-09-01T11:01:00+05:30,14.35,14.36,14.35,14.35,191089
2026-09-01T11:02:00+05:30,14.36,14.37,14.35,14.37,316536
2026-09-01T11:03:00+05:30,14.37,14.37,14.36,14.36,436154
2026-09-01T11:04:00+05:30,14.36,14.36,14.35,14.36,179251
2026-09-01T11:05:00+05:30,14.36,14.37,14.35,14.36,271635
2026-09-01T11:06:00+05:30,14.35,14.36,14.35,14.36,150632
2026-09-01T11:07:00+05:30,14.36,14.37,14.36,14.37,250914
2026-09-01T11:08:00+05:30,14.37,14.39,14.37,14.39,439385
2026-09-01T11:09:00+05:30,14.39,14.4,14.38,14.38,339773
2026-09-01T11:10:00+05:30,14.38,14.39,14.37,14.37,510131
2026-09-01T11:11:00+05:30,14.37,14.39,14.37,14.39,418118
2026-09-01T11:12:00+05:30,14.38,14.4,14.38,14.39,803837
2026-09-01T11:13:00+05:30,14.4,14.4,14.39,14.4,171618
2026-09-01T11:14:00+05:30,14.39,14.4,14.39,14.4,245708
2026-09-01T11:15:00+05:30,14.4,14.4,14.39,14.39,123230
2026-09-01T11:16:00+05:30,14.39,14.4,14.38,14.39,477608
2026-09-01T11:17:00+05:30,14.38,14.39,14.36,14.38,1097731
2026-09-01T11:18:00+05:30,14.39,14.39,14.37,14.39,103925
2026-09-01T11:19:00+05:30,14.39,14.39,14.37,14.38,352724
2026-09-01T11:20:00+05:30,14.37,14.39,14.37,14.39,199538
2026-09-01T11:21:00+05:30,14.39,14.39,14.38,14.38,108013
2026-09-01T11:22:00+05:30,14.39,14.39,14.37,14.38,207757
2026-09-01T11:23:00+05:30,14.38,14.38,14.37,14.37,254557
2026-09-01T11:24:00+05:30,14.37,14.38,14.37,14.38,145490
2026-09-01T11:25:00+05:30,14.37,14.39,14.37,14.38,90496
2026-09-01T11:26:00+05:30,14.38,14.39,14.37,14.39,311147
2026-09-01T11:27:00+05:30,14.39,14.39,14.37,14.38,1024009
2026-09-01T11:28:00+05:30,14.38,14.39,14.37,14.38,163933
2026-09-01T11:29:00+05:30,14.37,14.38,14.37,14.37,190569
2026-09-01T11:30:00+05:30,14.37,14.39,14.37,14.38,167695
2026-09-01T11:31:00+05:30,14.37,14.38,14.37,14.38,98406
2026-09-01T11:32:00+05:30,14.38,14.38,14.37,14.38,94863
2026-09-01T11:33:00+05:30,14.38,14.39,14.37,14.38,294339
2026-09-01T11:34:00+05:30,14.38,14.38,14.33,14.33,3776653
2026-09-01T11:35:00+05:30,14.34,14.34,14.33,14.34,304484
2026-09-01T11:36:00+05:30,14.33,14.35,14.33,14.35,281052
2026-09-01T11:37:00+05:30,14.35,14.35,14.34,14.34,429877
2026-09-01T11:38:00+05:30,14.34,14.34,14.33,14.34,361273
2026-09-01T11:39:00+05:30,14.34,14.34,14.31,14.32,1410585
2026-09-01T11:40:00+05:30,14.31,14.32,14.3,14.31,1294063
2026-09-01T11:41:00+05:30,14.3,14.31,14.3,14.31,2040908
2026-09-01T11:42:00+05:30,14.3,14.31,14.3,14.3,321310
2026-09-01T11:43:00+05:30,14.31,14.31,14.3,14.31,259378
2026-09-01T11:44:00+05:30,14.31,14.36,14.3,14.35,2237820
2026-09-01T11:45:00+05:30,14.35,14.35,14.34,14.35,241619
2026-09-01T11:46:00+05:30,14.34,14.36,14.34,14.35,666613
2026-09-01T11:47:00+05:30,14.36,14.36,14.35,14.35,170771
2026-09-01T11:48:00+05:30,14.36,14.36,14.33,14.34,752453
2026-09-01T11:49:00+05:30,14.34,14.34,14.33,14.34,280979
2026-09-01T11:50:00+05:30,14.34,14.35,14.33,14.35,467449
2026-09-01T11:51:00+05:30,14.34,14.35,14.34,14.34,169279
2026-09-01T11:52:00+05:30,14.34,14.35,14.34,14.35,138744
2026-09-01T11:53:00+05:30,14.35,14.35,14.34,14.34,92734
2026-09-01T11:54:00+05:30,14.35,14.35,14.34,14.35,183316
2026-09-01T11:55:00+05:30,14.34,14.35,14.34,14.35,184999
2026-09-01T11:56:00+05:30,14.35,14.35,14.34,14.35,85769
2026-09-01T11:57:00+05:30,14.34,14.35,14.34,14.35,68862
2026-09-01T11:58:00+05:30,14.34,14.35,14.34,14.35,103343
2026-09-01T11:59:00+05:30,14.35,14.35,14.34,14.35,87149
2026-09-01T12:00:00+05:30,14.34,14.35,14.34,14.35,316657
2026-09-01T12:01:00+05:30,14.34,14.34,14.33,14.33,275245
2026-09-01T12:02:00+05:30,14.33,14.34,14.33,14.34,189181
2026-09-01T12:03:00+05:30,14.33,14.34,14.33,14.34,112648
2026-09-01T12:04:00+05:30,14.34,14.34,14.33,14.34,160470
2026-09-01T12:05:00+05:30,14.34,14.34,14.33,14.34,197905
2026-09-01T12:06:00+05:30,14.34,14.34,14.33,14.34,101955
2026-09-01T12:07:00+05:30,14.34,14.38,14.34,14.38,1244131
2026-09-01T12:08:00+05:30,14.38,14.38,14.37,14.38,103817
2026-09-01T12:09:00+05:30,14.38,14.38,14.35,14.35,165803
2026-09-01T12:10:00+05:30,14.35,14.36,14.34,14.35,541328
2026-09-01T12:11:00+05:30,14.35,14.35,14.34,14.35,438621
2026-09-01T12:12:00+05:30,14.35,14.35,14.34,14.34,91699
2026-09-01T12:13:00+05:30,14.34,14.35,14.33,14.34,555471
2026-09-01T12:14:00+05:30,14.34,14.35,14.33,14.33,91005
2026-09-01T12:15:00+05:30,14.33,14.34,14.31,14.33,632499
2026-09-01T12:16:00+05:30,14.33,14.33,14.31,14.31,377903
2026-09-01T12:17:00+05:30,14.31,14.32,14.31,14.32,295347
2026-09-01T12:18:00+05:30,14.32,14.32,14.31,14.32,115585
2026-09-01T12:19:00+05:30,14.31,14.32,14.31,14.32,65085
2026-09-01T12:20:00+05:30,14.32,14.32,14.31,14.31,156157
2026-09-01T12:21:00+05:30,14.31,14.32,14.31,14.32,151285
2026-09-01T12:22:00+05:30,14.32,14.32,14.31,14.31,137268
2026-09-01T12:23:00+05:30,14.31,14.32,14.31,14.32,135000
2026-09-01T12:24:00+05:30,14.32,14.32,14.3,14.3,1909986
2026-09-01T12:25:00+05:30,14.3,14.31,14.3,14.3,832006
2026-09-01T12:26:00+05:30,14.3,14.31,14.3,14.31,95029
2026-09-01T12:27:00+05:30,14.31,14.31,14.3,14.3,159631
2026-09-01T12:28:00+05:30,14.3,14.31,14.3,14.3,164836
2026-09-01T12:29:00+05:30,14.3,14.31,14.3,14.31,320721
2026-09-01T12:30:00+05:30,14.3,14.31,14.3,14.3,105211
2026-09-01T12:31:00+05:30,14.31,14.32,14.3,14.31,1183031
2026-09-01T12:32:00+05:30,14.31,14.31,14.3,14.31,168805
2026-09-01T12:33:00+05:30,14.31,14.31,14.27,14.29,1904131
2026-09-01T12:34:00+05:30,14.28,14.29,14.28,14.28,425612
2026-09-01T12:35:00+05:30,14.28,14.29,14.28,14.28,294511
2026-09-01T12:36:00+05:30,14.28,14.29,14.28,14.29,159072
2026-09-01T12:37:00+05:30,14.28,14.29,14.28,14.29,150086
2026-09-01T12:38:00+05:30,14.28,14.29,14.28,14.29,287164
2026-09-01T12:39:00+05:30,14.29,14.29,14.27,14.27,243390
2026-09-01T12:40:00+05:30,14.27,14.28,14.27,14.28,174113
2026-09-01T12:41:00+05:30,14.28,14.29,14.27,14.29,598879
2026-09-01T12:42:00+05:30,14.29,14.29,14.28,14.28,300847
2026-09-01T12:43:00+05:30,14.28,14.33,14.28,14.33,1875167
2026-09-01T12:44:00+05:30,14.32,14.33,14.31,14.32,1228063
2026-09-01T12:45:00+05:30,14.31,14.32,14.31,14.32,673696
2026-09-01T12:46:00+05:30,14.31,14.32,14.29,14.3,201807
2026-09-01T12:47:00+05:30,14.3,14.3,14.29,14.3,148710
2026-09-01T12:48:00+05:30,14.3,14.3,14.28,14.28,192300
2026-09-01T12:49:00+05:30,14.28,14.31,14.28,14.3,667699
2026-09-01T12:50:00+05:30,14.31,14.31,14.29,14.29,329220
2026-09-01T12:51:00+05:30,14.3,14.3,14.29,14.29,233824
2026-09-01T12:52:00+05:30,14.29,14.31,14.29,14.31,247453
2026-09-01T12:53:00+05:30,14.3,14.31,14.29,14.3,111048
2026-09-01T12:54:00+05:30,14.31,14.31,14.3,14.3,107280
2026-09-01T12:55:00+05:30,14.3,14.31,14.29,14.29,700467
2026-09-01T12:56:00+05:30,14.3,14.3,14.28,14.28,756725
2026-09-01T12:57:00+05:30,14.28,14.29,14.28,14.28,136356
2026-09-01T12:58:00+05:30,14.28,14.29,14.28,14.29,118753
2026-09-01T12:59:00+05:30,14.29,14.29,14.28,14.29,101965
2026-09-01T13:00:00+05:30,14.29,14.29,14.28,14.29,97528
2026-09-01T13:01:00+05:30,14.28,14.29,14.27,14.28,532236
2026-09-01T13:02:00+05:30,14.27,14.28,14.27,14.28,133076
2026-09-01T13:03:00+05:30,14.28,14.28,14.27,14.28,143389
2026-09-01T13:04:00+05:30,14.27,14.28,14.27,14.28,276982
2026-09-01T13:05:00+05:30,14.27,14.28,14.27,14.28,184318
2026-09-01T13:06:00+05:30,14.27,14.28,14.27,14.28,200420
2026-09-01T13:07:00+05:30,14.27,14.28,14.27,14.28,65405
2026-09-01T13:08:00+05:30,14.27,14.28,14.27,14.28,399995
2026-09-01T13:09:00+05:30,14.27,14.29,14.27,14.29,403567
2026-09-01T13:10:00+05:30,14.28,14.29,14.28,14.28,90213
2026-09-01T13:11:00+05:30,14.28,14.29,14.27,14.28,660425
2026-09-01T13:12:00+05:30,14.28,14.28,14.27,14.27,186700
2026-09-01T13:13:00+05:30,14.27,14.28,14.27,14.28,84585
2026-09-01T13:14:00+05:30,14.27,14.28,14.27,14.27,273411
2026-09-01T13:15:00+05:30,14.27,14.28,14.25,14.25,1023785
2026-09-01T13:16:00+05:30,14.25,14.26,14.25,14.25,774745
2026-09-01T13:17:00+05:30,14.25,14.26,14.25,14.26,866225
2026-09-01T13:18:00+05:30,14.25,14.26,14.25,14.26,117829
2026-09-01T13:19:00+05:30,14.25,14.26,14.25,14.26,632573
2026-09-01T13:20:00+05:30,14.25,14.25,14.23,14.23,732462
2026-09-01T13:21:00+05:30,14.24,14.26,14.23,14.25,940364
2026-09-01T13:22:00+05:30,14.25,14.25,14.23,14.24,426054
2026-09-01T13:23:00+05:30,14.23,14.24,14.23,14.24,270072
2026-09-01T13:24:00+05:30,14.23,14.24,14.2,14.21,2304198
2026-09-01T13:25:00+05:30,14.21,14.21,14.18,14.19,2913031
2026-09-01T13:26:00+05:30,14.18,14.2,14.17,14.2,1674985
2026-09-01T13:27:00+05:30,14.2,14.2,14.18,14.19,477884
2026-09-01T13:28:00+05:30,14.18,14.19,14.18,14.19,485433
2026-09-01T13:29:00+05:30,14.19,14.19,14.18,14.19,245690
2026-09-01T13:30:00+05:30,14.18,14.19,14.18,14.18,211591
2026-09-01T13:31:00+05:30,14.19,14.2,14.17,14.18,1128843
2026-09-01T13:32:00+05:30,14.18,14.19,14.17,14.19,572663
2026-09-01T13:33:00+05:30,14.17,14.19,14.17,14.19,396926
2026-09-01T13:34:00+05:30,14.19,14.19,14.18,14.19,248784
2026-09-01T13:35:00+05:30,14.19,14.2,14.18,14.2,632678
2026-09-01T13:36:00+05:30,14.19,14.2,14.19,14.19,130921
2026-09-01T13:37:00+05:30,14.19,14.2,14.19,14.19,209165
2026-09-01T13:38:00+05:30,14.19,14.2,14.17,14.18,643142
2026-09-01T13:39:00+05:30,14.17,14.18,14.17,14.17,148386
2026-09-01T13:40:00+05:30,14.17,14.18,14.15,14.16,2368907
2026-09-01T13:41:00+05:30,14.16,14.16,14.15,14.16,556944
2026-09-01T13:42:00+05:30,14.15,14.16,14.14,14.14,861368
2026-09-01T13:43:00+05:30,14.14,14.15,14.13,14.15,1692317
2026-09-01T13:44:00+05:30,14.14,14.15,14.14,14.14,297365
2026-09-01T13:45:00+05:30,14.14,14.15,14.11,14.13,878183
2026-09-01T13:46:00+05:30,14.13,14.14,14.12,14.12,544169
2026-09-01T13:47:00+05:30,14.13,14.13,14.11,14.13,259534
2026-09-01T13:48:00+05:30,14.11,14.13,14.11,14.13,354943
2026-09-01T13:49:00+05:30,14.12,14.14,14.12,14.13,603726
2026-09-01T13:50:00+05:30,14.13,14.13,14.11,14.11,1299733
2026-09-01T13:51:00+05:30,14.11,14.11,14.1,14.1,1683427
2026-09-01T13:52:00+05:30,14.1,14.12,14.1,14.12,1331666
2026-09-01T13:53:00+05:30,14.11,14.12,14.1,14.1,1027874
2026-09-01T13:54:00+05:30,14.1,14.11,14.08,14.1,2053525
2026-09-01T13:55:00+05:30,14.09,14.1,14.07,14.09,659994
2026-09-01T13:56:00+05:30,14.08,14.1,14.07,14.09,1384044
2026-09-01T13:57:00+05:30,14.08,14.11,14.08,14.1,1390040
2026-09-01T13:58:00+05:30,14.1,14.12,14.09,14.1,1094991
2026-09-01T13:59:00+05:30,14.1,14.1,14.09,14.09,309242
2026-09-01T14:00:00+05:30,14.09,14.1,14.06,14.06,2924679
2026-09-01T14:01:00+05:30,14.06,14.07,14.06,14.06,526652
2026-09-01T14:02:00+05:30,14.06,14.07,14.01,14.02,7126490
2026-09-01T14:03:00+05:30,14.01,14.03,14,14.02,2335682
2026-09-01T14:04:00+05:30,14.02,14.04,14.02,14.04,680444
2026-09-01T14:05:00+05:30,14.03,14.05,14.03,14.04,554098
2026-09-01T14:06:00+05:30,14.05,14.06,14.04,14.05,572106
2026-09-01T14:07:00+05:30,14.05,14.06,14.04,14.04,1590950
2026-09-01T14:08:00+05:30,14.05,14.05,14.02,14.04,1614889
2026-09-01T14:09:00+05:30,14.03,14.04,14.02,14.03,833459
2026-09-01T14:10:00+05:30,14.02,14.04,14.01,14.01,2784279
2026-09-01T14:11:00+05:30,14.02,14.04,14.01,14.04,3330764
2026-09-01T14:12:00+05:30,14.02,14.04,14.02,14.03,941398
2026-09-01T14:13:00+05:30,14.03,14.04,14.02,14.03,862906
2026-09-01T14:14:00+05:30,14.03,14.04,14.02,14.03,907497
2026-09-01T14:15:00+05:30,14.03,14.04,14.02,14.04,670287
2026-09-01T14:16:00+05:30,14.03,14.04,14.02,14.02,327909
2026-09-01T14:17:00+05:30,14.02,14.03,14.01,14.01,1902915
2026-09-01T14:18:00+05:30,14.01,14.02,14,14.01,1114140
2026-09-01T14:19:00+05:30,14.01,14.02,14,14.02,1951670
2026-09-01T14:20:00+05:30,14.01,14.02,14.01,14.02,463875
2026-09-01T14:21:00+05:30,14.02,14.03,14.02,14.03,836234
2026-09-01T14:22:00+05:30,14.02,14.02,14.01,14.02,597795
2026-09-01T14:23:00+05:30,14.01,14.01,13.96,13.99,3720004
2026-09-01T14:24:00+05:30,13.98,13.99,13.97,13.98,1170515
2026-09-01T14:25:00+05:30,13.98,14.01,13.97,14,1515699
2026-09-01T14:26:00+05:30,14,14.01,13.99,14,258629
2026-09-01T14:27:00+05:30,14,14,13.99,13.99,189374
2026-09-01T14:28:00+05:30,14,14,13.98,13.99,447632
2026-09-01T14:29:00+05:30,14,14.03,13.99,14.02,3058638
2026-09-01T14:30:00+05:30,14.02,14.05,14,14,1962769
2026-09-01T14:31:00+05:30,14.01,14.02,14,14.01,317838
2026-09-01T14:32:00+05:30,14.02,14.02,14.01,14.02,178156
2026-09-01T14:33:00+05:30,14.01,14.02,14.01,14.02,491742
2026-09-01T14:34:00+05:30,14.02,14.04,14.02,14.04,311577
2026-09-01T14:35:00+05:30,14.03,14.04,14.03,14.04,284948
2026-09-01T14:36:00+05:30,14.04,14.04,14.01,14.02,1441397
2026-09-01T14:37:00+05:30,14.01,14.02,14,14.02,551235
2026-09-01T14:38:00+05:30,14.02,14.02,14.01,14.01,473044
2026-09-01T14:39:00+05:30,14.01,14.02,14.01,14.01,268524
2026-09-01T14:40:00+05:30,14.01,14.02,14,14.01,732844
2026-09-01T14:41:00+05:30,14.01,14.01,14,14,282010
2026-09-01T14:42:00+05:30,14,14.02,14,14.02,1244594
2026-09-01T14:43:00+05:30,14.02,14.02,14.01,14.01,226502
2026-09-01T14:44:00+05:30,14.01,14.02,14,14,173996
2026-09-01T14:45:00+05:30,14.01,14.01,13.99,14.01,1425341
2026-09-01T14:46:00+05:30,14.01,14.02,14,14.02,468001
2026-09-01T14:47:00+05:30,14.02,14.02,14,14.01,469167
2026-09-01T14:48:00+05:30,14,14.04,14,14.03,2200783
2026-09-01T14:49:00+05:30,14.03,14.04,14.02,14.04,1508640
2026-09-01T14:50:00+05:30,14.04,14.07,14.03,14.07,1894645
2026-09-01T14:51:00+05:30,14.07,14.07,14.05,14.06,1087220
2026-09-01T14:52:00+05:30,14.06,14.06,14.04,14.06,650045
2026-09-01T14:53:00+05:30,14.06,14.09,14.05,14.09,3819295
2026-09-01T14:54:00+05:30,14.09,14.09,14.06,14.08,1571041
2026-09-01T14:55:00+05:30,14.08,14.1,14.07,14.08,3655482
2026-09-01T14:56:00+05:30,14.08,14.09,14.06,14.08,806297
2026-09-01T14:57:00+05:30,14.08,14.08,14.07,14.07,456765
2026-09-01T14:58:00+05:30,14.08,14.08,14.06,14.07,475960
2026-09-01T14:59:00+05:30,14.07,14.07,14.06,14.07,455273
2026-09-01T15:00:00+05:30,14.07,14.07,14.05,14.07,1043495
2026-09-01T15:01:00+05:30,14.07,14.09,14.06,14.09,2093781
2026-09-01T15:02:00+05:30,14.08,14.09,14.08,14.08,671565
2026-09-01T15:03:00+05:30,14.09,14.09,14.06,14.06,949709
2026-09-01T15:04:00+05:30,14.06,14.07,14.06,14.07,802340
2026-09-01T15:05:00+05:30,14.06,14.07,14.05,14.05,3089756
2026-09-01T15:06:00+05:30,14.06,14.06,14.03,14.06,2530045
2026-09-01T15:07:00+05:30,14.05,14.06,14.04,14.06,1436164
2026-09-01T15:08:00+05:30,14.06,14.08,14.05,14.07,1621552
2026-09-01T15:09:00+05:30,14.08,14.08,14.05,14.08,2684294
2026-09-01T15:10:00+05:30,14.08,14.08,14.07,14.08,613514
2026-09-01T15:11:00+05:30,14.08,14.08,14.06,14.07,2267952
2026-09-01T15:12:00+05:30,14.07,14.07,14.03,14.04,9037875
2026-09-01T15:13:00+05:30,14.05,14.05,14.03,14.05,1954213
2026-09-01T15:14:00+05:30,14.05,14.06,14.04,14.05,660298
2026-09-02T09:15:00+05:30,14.12,14.13,14.05,14.07,8709177
2026-09-02T09:16:00+05:30,14.07,14.07,13.93,13.95,8954730
2026-09-02T09:17:00+05:30,13.94,14.06,13.94,14.05,5876380
2026-09-02T09:18:00+05:30,14.05,14.09,14.05,14.09,2993683
2026-09-02T09:19:00+05:30,14.09,14.1,14.03,14.05,6022374
2026-09-02T09:20:00+05:30,14.04,14.05,13.98,14.01,2623521
2026-09-02T09:21:00+05:30,14.01,14.02,13.98,13.99,3120939
2026-09-02T09:22:00+05:30,13.99,14,13.98,13.98,2377331
2026-09-02T09:23:00+05:30,13.98,13.98,13.96,13.98,1377493
2026-09-02T09:24:00+05:30,13.98,14.05,13.97,14.04,4993031
2026-09-02T09:25:00+05:30,14.04,14.05,14.02,14.02,2057909
2026-09-02T09:26:00+05:30,14.02,14.04,14.02,14.04,719965
2026-09-02T09:27:00+05:30,14.04,14.11,14.03,14.09,4184525
2026-09-02T09:28:00+05:30,14.09,14.1,14.06,14.09,3583224
2026-09-02T09:29:00+05:30,14.09,14.16,14.08,14.16,6656215
2026-09-02T09:30:00+05:30,14.16,14.17,14.13,14.15,2943259
2026-09-02T09:31:00+05:30,14.15,14.16,14.11,14.12,5011404
2026-09-02T09:32:00+05:30,14.12,14.15,14.11,14.14,1782094
2026-09-02T09:33:00+05:30,14.13,14.18,14.13,14.17,3630273
2026-09-02T09:34:00+05:30,14.16,14.21,14.16,14.2,4152597
2026-09-02T09:35:00+05:30,14.17,14.18,14.12,14.14,4639519
2026-09-02T09:36:00+05:30,14.14,14.14,14.09,14.1,2290933
2026-09-02T09:37:00+05:30,14.1,14.12,14.09,14.1,1843385
2026-09-02T09:38:00+05:30,14.1,14.1,14.09,14.09,708073
2026-09-02T09:39:00+05:30,14.09,14.09,14.08,14.08,1124628
2026-09-02T09:40:00+05:30,14.08,14.1,14.08,14.1,499515
2026-09-02T09:41:00+05:30,14.1,14.1,14.08,14.09,810857
2026-09-02T09:42:00+05:30,14.09,14.12,14.09,14.1,1875177
2026-09-02T09:43:00+05:30,14.1,14.12,14.09,14.12,314070
2026-09-02T09:44:00+05:30,14.11,14.17,14.11,14.14,1876193
2026-09-02T09:45:00+05:30,14.14,14.15,14.13,14.15,2685478
2026-09-02T09:46:00+05:30,14.14,14.17,14.14,14.15,1971376
2026-09-02T09:47:00+05:30,14.14,14.16,14.14,14.16,1221433
2026-09-02T09:48:00+05:30,14.16,14.2,14.15,14.19,1579877
2026-09-02T09:49:00+05:30,14.19,14.22,14.18,14.19,3545692
2026-09-02T09:50:00+05:30,14.19,14.26,14.16,14.26,5585953
2026-09-02T09:51:00+05:30,14.26,14.27,14.24,14.26,4076268
2026-09-02T09:52:00+05:30,14.25,14.34,14.24,14.33,14612504
2026-09-02T09:53:00+05:30,14.32,14.4,14.32,14.39,5389083
2026-09-02T09:54:00+05:30,14.38,14.4,14.34,14.37,4363478
2026-09-02T09:55:00+05:30,14.38,14.42,14.36,14.4,6158290
2026-09-02T09:56:00+05:30,14.4,14.42,14.38,14.4,3517660
2026-09-02T09:57:00+05:30,14.39,14.4,14.38,14.38,2459795
2026-09-02T09:58:00+05:30,14.39,14.4,14.38,14.4,2819853
2026-09-02T09:59:00+05:30,14.39,14.52,14.37,14.49,11343779
2026-09-02T10:00:00+05:30,14.48,14.49,14.47,14.48,3000047
2026-09-02T10:01:00+05:30,14.48,14.5,14.47,14.49,3154195
2026-09-02T10:02:00+05:30,14.48,14.53,14.47,14.49,7366589
2026-09-02T10:03:00+05:30,14.49,14.5,14.45,14.46,3315953
2026-09-02T10:04:00+05:30,14.47,14.47,14.45,14.45,2287796
2026-09-02T10:05:00+05:30,14.48,14.51,14.48,14.5,4624162
2026-09-02T10:06:00+05:30,14.5,14.55,14.49,14.53,5716585
2026-09-02T10:07:00+05:30,14.53,14.59,14.52,14.58,3829303
2026-09-02T10:08:00+05:30,14.59,14.59,14.55,14.56,2584422
2026-09-02T10:09:00+05:30,14.57,14.72,14.57,14.72,11115728
2026-09-02T10:10:00+05:30,14.71,14.71,14.62,14.62,11844326
2026-09-02T10:11:00+05:30,14.63,14.63,14.56,14.57,5877579
2026-09-02T10:12:00+05:30,14.57,14.6,14.56,14.6,2350873
2026-09-02T10:13:00+05:30,14.6,14.6,14.54,14.57,4113772
2026-09-02T10:14:00+05:30,14.58,14.59,14.55,14.59,3195409
2026-09-02T10:15:00+05:30,14.59,14.67,14.58,14.66,7609370
2026-09-02T10:16:00+05:30,14.64,14.65,14.6,14.61,3860551
2026-09-02T10:17:00+05:30,14.6,14.61,14.57,14.58,2423033
2026-09-02T10:18:00+05:30,14.58,14.59,14.57,14.59,1489481
2026-09-02T10:19:00+05:30,14.58,14.6,14.57,14.58,819236
2026-09-02T10:20:00+05:30,14.59,14.6,14.58,14.59,936270
2026-09-02T10:21:00+05:30,14.59,14.6,14.58,14.59,741412
2026-09-02T10:22:00+05:30,14.6,14.63,14.57,14.58,4414060
2026-09-02T10:23:00+05:30,14.58,14.59,14.55,14.56,1586928
2026-09-02T10:24:00+05:30,14.56,14.61,14.55,14.6,3007231
2026-09-02T10:25:00+05:30,14.6,14.61,14.59,14.6,2261165
2026-09-02T10:26:00+05:30,14.59,14.6,14.56,14.57,2014309
2026-09-02T10:27:00+05:30,14.57,14.58,14.56,14.56,1573841
2026-09-02T10:28:00+05:30,14.56,14.6,14.55,14.59,2296296
2026-09-02T10:29:00+05:30,14.58,14.6,14.58,14.59,301550
2026-09-02T10:30:00+05:30,14.59,14.62,14.58,14.6,3468692
2026-09-02T10:31:00+05:30,14.6,14.61,14.57,14.59,2713277
2026-09-02T10:32:00+05:30,14.59,14.6,14.58,14.59,771108
2026-09-02T10:33:00+05:30,14.59,14.6,14.59,14.59,305585
2026-09-02T10:34:00+05:30,14.59,14.6,14.58,14.59,559682
2026-09-02T10:35:00+05:30,14.57,14.58,14.57,14.58,448942
2026-09-02T10:36:00+05:30,14.57,14.58,14.57,14.57,352014
2026-09-02T10:37:00+05:30,14.58,14.58,14.57,14.58,298810
2026-09-02T10:38:00+05:30,14.57,14.58,14.55,14.56,848860
2026-09-02T10:39:00+05:30,14.56,14.58,14.55,14.58,2897641
2026-09-02T10:40:00+05:30,14.58,14.6,14.57,14.6,2332876
2026-09-02T10:41:00+05:30,14.6,14.6,14.58,14.59,574863
2026-09-02T10:42:00+05:30,14.58,14.59,14.56,14.57,731719
2026-09-02T10:43:00+05:30,14.57,14.58,14.57,14.58,593379
2026-09-02T10:44:00+05:30,14.56,14.58,14.56,14.57,268712
2026-09-02T10:45:00+05:30,14.57,14.57,14.56,14.56,424241
2026-09-02T10:46:00+05:30,14.56,14.56,14.55,14.56,497686
2026-09-02T10:47:00+05:30,14.55,14.56,14.55,14.55,1502664
2026-09-02T10:48:00+05:30,14.54,14.55,14.52,14.54,3156837
2026-09-02T10:49:00+05:30,14.54,14.55,14.53,14.54,402628
2026-09-02T10:50:00+05:30,14.54,14.54,14.52,14.53,370160
2026-09-02T10:51:00+05:30,14.52,14.53,14.5,14.5,4243851
2026-09-02T10:52:00+05:30,14.5,14.51,14.48,14.48,825254
2026-09-02T10:53:00+05:30,14.48,14.51,14.48,14.51,2300247
2026-09-02T10:54:00+05:30,14.5,14.51,14.5,14.51,324545
2026-09-02T10:55:00+05:30,14.51,14.53,14.51,14.52,781974
2026-09-02T10:56:00+05:30,14.52,14.53,14.52,14.52,470307
2026-09-02T10:57:00+05:30,14.52,14.53,14.51,14.52,567534
2026-09-02T10:58:00+05:30,14.52,14.53,14.51,14.52,695092
2026-09-02T10:59:00+05:30,14.54,14.55,14.53,14.54,712037
2026-09-02T11:00:00+05:30,14.54,14.55,14.54,14.54,858822
2026-09-02T11:01:00+05:30,14.55,14.55,14.54,14.55,458703
2026-09-02T11:02:00+05:30,14.55,14.55,14.5,14.51,1623808
2026-09-02T11:03:00+05:30,14.5,14.51,14.45,14.46,8048305
2026-09-02T11:04:00+05:30,14.45,14.46,14.42,14.42,3364786
2026-09-02T11:05:00+05:30,14.42,14.44,14.42,14.43,1676883
2026-09-02T11:06:00+05:30,14.44,14.45,14.43,14.44,828568
2026-09-02T11:07:00+05:30,14.45,14.45,14.42,14.43,1022550
2026-09-02T11:08:00+05:30,14.43,14.43,14.42,14.43,627220
2026-09-02T11:09:00+05:30,14.43,14.45,14.42,14.45,1447920
2026-09-02T11:10:00+05:30,14.45,14.45,14.44,14.45,371548
2026-09-02T11:11:00+05:30,14.45,14.45,14.44,14.45,234410
2026-09-02T11:12:00+05:30,14.44,14.45,14.43,14.44,771930
2026-09-02T11:13:00+05:30,14.44,14.45,14.42,14.44,587327
2026-09-02T11:14:00+05:30,14.44,14.45,14.42,14.44,1068482
2026-09-02T11:15:00+05:30,14.44,14.45,14.43,14.44,608187
2026-09-02T11:16:00+05:30,14.43,14.44,14.39,14.41,3025940
2026-09-02T11:17:00+05:30,14.41,14.41,14.39,14.41,1336699
2026-09-02T11:18:00+05:30,14.4,14.43,14.4,14.42,929149
2026-09-02T11:19:00+05:30,14.42,14.43,14.41,14.41,349364
2026-09-02T11:20:00+05:30,14.42,14.42,14.41,14.41,511799
2026-09-02T11:21:00+05:30,14.42,14.42,14.41,14.42,71403
2026-09-02T11:22:00+05:30,14.41,14.42,14.4,14.41,723490
2026-09-02T11:23:00+05:30,14.42,14.42,14.41,14.42,158260
2026-09-02T11:24:00+05:30,14.42,14.42,14.41,14.42,243682
2026-09-02T11:25:00+05:30,14.41,14.45,14.41,14.45,1471499
2026-09-02T11:26:00+05:30,14.45,14.45,14.4,14.41,2499794
2026-09-02T11:27:00+05:30,14.41,14.42,14.4,14.41,452155
2026-09-02T11:28:00+05:30,14.41,14.41,14.4,14.41,388353
2026-09-02T11:29:00+05:30,14.43,14.43,14.41,14.41,515904
2026-09-02T11:30:00+05:30,14.41,14.42,14.41,14.42,535360
2026-09-02T11:31:00+05:30,14.41,14.42,14.41,14.42,130587
2026-09-02T11:32:00+05:30,14.41,14.42,14.41,14.42,716930
2026-09-02T11:33:00+05:30,14.42,14.42,14.41,14.42,80209
2026-09-02T11:34:00+05:30,14.41,14.43,14.41,14.42,441193
2026-09-02T11:35:00+05:30,14.43,14.43,14.41,14.42,727670
2026-09-02T11:36:00+05:30,14.42,14.43,14.42,14.43,61468
2026-09-02T11:37:00+05:30,14.42,14.43,14.42,14.43,256535
2026-09-02T11:38:00+05:30,14.42,14.43,14.37,14.39,2905707
2026-09-02T11:39:00+05:30,14.38,14.4,14.37,14.4,1209289
2026-09-02T11:40:00+05:30,14.41,14.42,14.4,14.42,317591
2026-09-02T11:41:00+05:30,14.42,14.42,14.39,14.39,1058961
2026-09-02T11:42:00+05:30,14.39,14.4,14.39,14.39,242085
2026-09-02T11:43:00+05:30,14.4,14.42,14.39,14.4,909164
2026-09-02T11:44:00+05:30,14.4,14.41,14.4,14.41,535059
2026-09-02T11:45:00+05:30,14.4,14.42,14.4,14.41,174131
2026-09-02T11:46:00+05:30,14.41,14.42,14.41,14.42,472126
2026-09-02T11:47:00+05:30,14.42,14.44,14.41,14.44,1155552
2026-09-02T11:48:00+05:30,14.43,14.44,14.41,14.41,612883
2026-09-02T11:49:00+05:30,14.42,14.42,14.4,14.41,162891
2026-09-02T11:50:00+05:30,14.41,14.42,14.41,14.41,472571
2026-09-02T11:51:00+05:30,14.42,14.42,14.41,14.41,188382
2026-09-02T11:52:00+05:30,14.42,14.42,14.41,14.42,117647
2026-09-02T11:53:00+05:30,14.42,14.42,14.41,14.42,197521
2026-09-02T11:54:00+05:30,14.42,14.43,14.41,14.42,673641
2026-09-02T11:55:00+05:30,14.43,14.44,14.4,14.4,630246
2026-09-02T11:56:00+05:30,14.4,14.42,14.4,14.4,1309113
2026-09-02T11:57:00+05:30,14.41,14.45,14.4,14.44,2375272
2026-09-02T11:58:00+05:30,14.44,14.49,14.44,14.48,2276634
2026-09-02T11:59:00+05:30,14.49,14.49,14.48,14.49,903322
2026-09-02T12:00:00+05:30,14.49,14.49,14.46,14.48,1053923
2026-09-02T12:01:00+05:30,14.47,14.48,14.46,14.47,317254
2026-09-02T12:02:00+05:30,14.47,14.47,14.45,14.45,875801
2026-09-02T12:03:00+05:30,14.46,14.46,14.44,14.44,363451
2026-09-02T12:04:00+05:30,14.45,14.45,14.43,14.44,466554
2026-09-02T12:05:00+05:30,14.43,14.44,14.43,14.43,191140
2026-09-02T12:06:00+05:30,14.44,14.45,14.43,14.43,485087
2026-09-02T12:07:00+05:30,14.44,14.44,14.42,14.43,157151
2026-09-02T12:08:00+05:30,14.42,14.43,14.42,14.42,711678
2026-09-02T12:09:00+05:30,14.42,14.43,14.41,14.43,439998
2026-09-02T12:10:00+05:30,14.43,14.43,14.42,14.43,330298
2026-09-02T12:11:00+05:30,14.42,14.44,14.42,14.44,377753
2026-09-02T12:12:00+05:30,14.43,14.47,14.43,14.46,1449415
2026-09-02T12:13:00+05:30,14.46,14.46,14.45,14.45,390431
2026-09-02T12:14:00+05:30,14.46,14.46,14.45,14.45,317525
2026-09-02T12:15:00+05:30,14.46,14.47,14.45,14.46,605631
2026-09-02T12:16:00+05:30,14.46,14.46,14.45,14.46,69471
2026-09-02T12:17:00+05:30,14.46,14.46,14.46,14.46,230332
2026-09-02T12:18:00+05:30,14.46,14.48,14.45,14.48,1582642
2026-09-02T12:19:00+05:30,14.49,14.49,14.46,14.47,1016296
2026-09-02T12:20:00+05:30,14.47,14.5,14.46,14.5,3652992
2026-09-02T12:21:00+05:30,14.5,14.5,14.48,14.5,1351397
2026-09-02T12:22:00+05:30,14.49,14.5,14.48,14.49,448762
2026-09-02T12:23:00+05:30,14.49,14.5,14.48,14.49,580252
2026-09-02T12:24:00+05:30,14.49,14.49,14.48,14.49,178399
2026-09-02T12:25:00+05:30,14.49,14.49,14.48,14.49,230061
2026-09-02T12:26:00+05:30,14.49,14.49,14.48,14.49,436917
2026-09-02T12:27:00+05:30,14.49,14.49,14.47,14.48,1000936
2026-09-02T12:28:00+05:30,14.47,14.48,14.47,14.48,322400
2026-09-02T12:29:00+05:30,14.48,14.48,14.47,14.47,156804
2026-09-02T12:30:00+05:30,14.48,14.49,14.48,14.49,465003
2026-09-02T12:31:00+05:30,14.49,14.49,14.48,14.49,163538
2026-09-02T12:32:00+05:30,14.49,14.49,14.48,14.48,245168
2026-09-02T12:33:00+05:30,14.49,14.49,14.48,14.48,2903583
2026-09-02T12:34:00+05:30,14.48,14.5,14.48,14.48,512265
2026-09-02T12:35:00+05:30,14.49,14.49,14.48,14.49,169663
2026-09-02T12:36:00+05:30,14.49,14.49,14.47,14.48,296568
2026-09-02T12:37:00+05:30,14.48,14.48,14.47,14.48,209517
2026-09-02T12:38:00+05:30,14.48,14.5,14.47,14.5,1184476
2026-09-02T12:39:00+05:30,14.5,14.5,14.48,14.5,973705
2026-09-02T12:40:00+05:30,14.5,14.5,14.49,14.5,106390
2026-09-02T12:41:00+05:30,14.5,14.55,14.49,14.55,1855902
2026-09-02T12:42:00+05:30,14.55,14.57,14.54,14.56,1036190
2026-09-02T12:43:00+05:30,14.56,14.58,14.56,14.57,905809
2026-09-02T12:44:00+05:30,14.57,14.58,14.55,14.55,1311925
2026-09-02T12:45:00+05:30,14.55,14.55,14.53,14.53,628937
2026-09-02T12:46:00+05:30,14.54,14.56,14.53,14.56,2105505
2026-09-02T12:47:00+05:30,14.56,14.56,14.55,14.56,253964
2026-09-02T12:48:00+05:30,14.56,14.56,14.55,14.56,268146
2026-09-02T12:49:00+05:30,14.56,14.57,14.55,14.56,506854
2026-09-02T12:50:00+05:30,14.56,14.56,14.55,14.56,354905
2026-09-02T12:51:00+05:30,14.56,14.56,14.54,14.54,805788
2026-09-02T12:52:00+05:30,14.54,14.55,14.54,14.55,311210
2026-09-02T12:53:00+05:30,14.55,14.55,14.54,14.55,369106
2026-09-02T12:54:00+05:30,14.55,14.55,14.53,14.53,619111
2026-09-02T12:55:00+05:30,14.53,14.54,14.52,14.53,654945
2026-09-02T12:56:00+05:30,14.53,14.54,14.52,14.53,375429
2026-09-02T12:57:00+05:30,14.53,14.54,14.52,14.54,673491
2026-09-02T12:58:00+05:30,14.54,14.54,14.52,14.52,224964
2026-09-02T12:59:00+05:30,14.52,14.54,14.52,14.53,166046
2026-09-02T13:00:00+05:30,14.53,14.54,14.52,14.53,249966
2026-09-02T13:01:00+05:30,14.53,14.54,14.52,14.53,380722
2026-09-02T13:02:00+05:30,14.53,14.53,14.52,14.52,151989
2026-09-02T13:03:00+05:30,14.52,14.53,14.52,14.52,827167
2026-09-02T13:04:00+05:30,14.52,14.52,14.51,14.52,450479
2026-09-02T13:05:00+05:30,14.52,14.52,14.51,14.51,185080
2026-09-02T13:06:00+05:30,14.52,14.52,14.5,14.52,717447
2026-09-02T13:07:00+05:30,14.52,14.52,14.51,14.51,305048
2026-09-02T13:08:00+05:30,14.52,14.53,14.51,14.52,833245
2026-09-02T13:09:00+05:30,14.52,14.53,14.52,14.53,423403
2026-09-02T13:10:00+05:30,14.53,14.53,14.51,14.53,415354
2026-09-02T13:11:00+05:30,14.53,14.53,14.52,14.52,396616
2026-09-02T13:12:00+05:30,14.52,14.53,14.51,14.52,440963
2026-09-02T13:13:00+05:30,14.52,14.53,14.51,14.52,343861
2026-09-02T13:14:00+05:30,14.52,14.52,14.51,14.51,265152
2026-09-02T13:15:00+05:30,14.52,14.53,14.51,14.51,232875
2026-09-02T13:16:00+05:30,14.51,14.52,14.51,14.51,481373
2026-09-02T13:17:00+05:30,14.51,14.56,14.51,14.55,2686687
2026-09-02T13:18:00+05:30,14.56,14.56,14.55,14.56,369518
2026-09-02T13:19:00+05:30,14.56,14.56,14.54,14.55,716280
2026-09-02T13:20:00+05:30,14.55,14.56,14.54,14.56,384611
2026-09-02T13:21:00+05:30,14.55,14.55,14.53,14.54,529883
2026-09-02T13:22:00+05:30,14.54,14.55,14.54,14.55,320455
2026-09-02T13:23:00+05:30,14.55,14.55,14.54,14.54,141049
2026-09-02T13:24:00+05:30,14.55,14.55,14.54,14.55,129195
2026-09-02T13:25:00+05:30,14.55,14.56,14.55,14.56,304961
2026-09-02T13:26:00+05:30,14.55,14.57,14.55,14.56,1150697
2026-09-02T13:27:00+05:30,14.56,14.57,14.55,14.57,125826
2026-09-02T13:28:00+05:30,14.57,14.57,14.56,14.56,650285
2026-09-02T13:29:00+05:30,14.58,14.58,14.56,14.57,651065
2026-09-02T13:30:00+05:30,14.57,14.57,14.55,14.57,543048
2026-09-02T13:31:00+05:30,14.57,14.57,14.55,14.55,315413
2026-09-02T13:32:00+05:30,14.56,14.56,14.56,14.56,216633
2026-09-02T13:33:00+05:30,14.56,14.56,14.55,14.56,232075
2026-09-02T13:34:00+05:30,14.56,14.56,14.52,14.53,1662610
2026-09-02T13:35:00+05:30,14.53,14.53,14.52,14.53,633807
2026-09-02T13:36:00+05:30,14.53,14.54,14.53,14.53,1516323
2026-09-02T13:37:00+05:30,14.54,14.55,14.53,14.54,461421
2026-09-02T13:38:00+05:30,14.54,14.54,14.52,14.54,501184
2026-09-02T13:39:00+05:30,14.53,14.54,14.51,14.52,904647
2026-09-02T13:40:00+05:30,14.52,14.52,14.5,14.52,870551
2026-09-02T13:41:00+05:30,14.52,14.52,14.51,14.52,588032
2026-09-02T13:42:00+05:30,14.52,14.52,14.51,14.52,473021
2026-09-02T13:43:00+05:30,14.52,14.53,14.52,14.53,678214
2026-09-02T13:44:00+05:30,14.53,14.53,14.52,14.53,394858
2026-09-02T13:45:00+05:30,14.52,14.53,14.51,14.52,299683
2026-09-02T13:46:00+05:30,14.51,14.52,14.5,14.51,501416
2026-09-02T13:47:00+05:30,14.51,14.51,14.5,14.51,1251100
2026-09-02T13:48:00+05:30,14.51,14.52,14.5,14.51,569283
2026-09-02T13:49:00+05:30,14.52,14.53,14.51,14.52,203523
2026-09-02T13:50:00+05:30,14.51,14.52,14.5,14.52,582185
2026-09-02T13:51:00+05:30,14.52,14.52,14.5,14.51,245101
2026-09-02T13:52:00+05:30,14.51,14.51,14.5,14.5,61792
2026-09-02T13:53:00+05:30,14.51,14.51,14.5,14.5,309939
2026-09-02T13:54:00+05:30,14.5,14.51,14.5,14.51,318834
2026-09-02T13:55:00+05:30,14.5,14.5,14.49,14.49,469909
2026-09-02T13:56:00+05:30,14.5,14.52,14.49,14.52,749329
2026-09-02T13:57:00+05:30,14.52,14.52,14.51,14.51,75189
2026-09-02T13:58:00+05:30,14.52,14.52,14.51,14.51,168027
2026-09-02T13:59:00+05:30,14.5,14.51,14.5,14.51,91444
2026-09-02T14:00:00+05:30,14.5,14.51,14.5,14.51,144561
2026-09-02T14:01:00+05:30,14.51,14.52,14.5,14.52,568229
2026-09-02T14:02:00+05:30,14.52,14.52,14.51,14.51,101813
2026-09-02T14:03:00+05:30,14.52,14.52,14.49,14.49,405661
2026-09-02T14:04:00+05:30,14.5,14.5,14.49,14.5,99458
2026-09-02T14:05:00+05:30,14.5,14.5,14.49,14.5,362377
2026-09-02T14:06:00+05:30,14.49,14.5,14.49,14.5,108781
2026-09-02T14:07:00+05:30,14.5,14.5,14.49,14.5,233313
2026-09-02T14:08:00+05:30,14.5,14.5,14.48,14.49,624316
2026-09-02T14:09:00+05:30,14.49,14.5,14.48,14.5,373112
2026-09-02T14:10:00+05:30,14.5,14.5,14.49,14.5,66521
2026-09-02T14:11:00+05:30,14.5,14.5,14.48,14.49,387222
2026-09-02T14:12:00+05:30,14.49,14.49,14.48,14.49,92083
2026-09-02T14:13:00+05:30,14.5,14.5,14.49,14.5,817666
2026-09-02T14:14:00+05:30,14.5,14.5,14.49,14.49,192649
2026-09-02T14:15:00+05:30,14.49,14.5,14.48,14.49,276604
2026-09-02T14:16:00+05:30,14.49,14.51,14.48,14.51,742698
2026-09-02T14:17:00+05:30,14.51,14.51,14.5,14.51,558211
2026-09-02T14:18:00+05:30,14.5,14.51,14.5,14.51,571066
2026-09-02T14:19:00+05:30,14.51,14.51,14.5,14.51,143151
2026-09-02T14:20:00+05:30,14.51,14.51,14.5,14.5,547547
2026-09-02T14:21:00+05:30,14.49,14.5,14.49,14.5,130891
2026-09-02T14:22:00+05:30,14.49,14.5,14.49,14.5,169297
2026-09-02T14:23:00+05:30,14.5,14.51,14.5,14.51,349027
2026-09-02T14:24:00+05:30,14.5,14.51,14.5,14.5,755006
2026-09-02T14:25:00+05:30,14.51,14.51,14.5,14.5,94907
2026-09-02T14:26:00+05:30,14.51,14.54,14.5,14.53,2131317
2026-09-02T14:27:00+05:30,14.53,14.55,14.52,14.55,3164618
2026-09-02T14:28:00+05:30,14.55,14.55,14.54,14.55,242924
2026-09-02T14:29:00+05:30,14.55,14.56,14.54,14.55,652193
2026-09-02T14:30:00+05:30,14.55,14.55,14.54,14.55,517538
2026-09-02T14:31:00+05:30,14.55,14.56,14.54,14.55,994195
2026-09-02T14:32:00+05:30,14.55,14.56,14.54,14.54,1143964
2026-09-02T14:33:00+05:30,14.54,14.56,14.54,14.56,570094
2026-09-02T14:34:00+05:30,14.55,14.57,14.55,14.55,1156774
2026-09-02T14:35:00+05:30,14.56,14.57,14.55,14.56,672504
2026-09-02T14:36:00+05:30,14.56,14.56,14.55,14.56,593481
2026-09-02T14:37:00+05:30,14.55,14.56,14.55,14.55,479361
2026-09-02T14:38:00+05:30,14.56,14.56,14.54,14.55,1045527
2026-09-02T14:39:00+05:30,14.54,14.55,14.54,14.55,1611300
2026-09-02T14:40:00+05:30,14.55,14.56,14.55,14.55,444357
2026-09-02T14:41:00+05:30,14.54,14.56,14.54,14.56,644456
2026-09-02T14:42:00+05:30,14.55,14.57,14.54,14.56,3433723
2026-09-02T14:43:00+05:30,14.56,14.57,14.51,14.53,2483746
2026-09-02T14:44:00+05:30,14.52,14.53,14.52,14.53,381068
2026-09-02T14:45:00+05:30,14.53,14.53,14.51,14.51,776933
2026-09-02T14:46:00+05:30,14.51,14.52,14.51,14.51,621816
2026-09-02T14:47:00+05:30,14.52,14.52,14.51,14.52,459451
2026-09-02T14:48:00+05:30,14.51,14.52,14.51,14.51,315775
2026-09-02T14:49:00+05:30,14.52,14.53,14.51,14.51,1014733
2026-09-02T14:50:00+05:30,14.51,14.53,14.51,14.52,666603
2026-09-02T14:51:00+05:30,14.52,14.53,14.51,14.51,619338
2026-09-02T14:52:00+05:30,14.51,14.52,14.51,14.52,603757
2026-09-02T14:53:00+05:30,14.51,14.52,14.51,14.52,377523
2026-09-02T14:54:00+05:30,14.52,14.52,14.51,14.51,930258
2026-09-02T14:55:00+05:30,14.52,14.52,14.5,14.5,1583803
2026-09-02T14:56:00+05:30,14.5,14.51,14.5,14.5,228483
2026-09-02T14:57:00+05:30,14.5,14.51,14.5,14.5,540572
2026-09-02T14:58:00+05:30,14.51,14.51,14.5,14.5,1025274
2026-09-02T14:59:00+05:30,14.5,14.51,14.5,14.5,845022
2026-09-02T15:00:00+05:30,14.51,14.51,14.49,14.49,1020475
2026-09-02T15:01:00+05:30,14.49,14.5,14.49,14.49,797705
2026-09-02T15:02:00+05:30,14.49,14.5,14.49,14.5,782847
2026-09-02T15:03:00+05:30,14.49,14.51,14.49,14.5,1136797
2026-09-02T15:04:00+05:30,14.5,14.51,14.5,14.5,975586
2026-09-02T15:05:00+05:30,14.5,14.51,14.49,14.5,1987160
2026-09-02T15:06:00+05:30,14.5,14.51,14.49,14.51,2202530
2026-09-02T15:07:00+05:30,14.51,14.51,14.5,14.5,1332967
2026-09-02T15:08:00+05:30,14.49,14.51,14.49,14.5,906593
2026-09-02T15:09:00+05:30,14.5,14.52,14.5,14.51,4098976
2026-09-02T15:10:00+05:30,14.52,14.52,14.5,14.51,2131498
2026-09-02T15:11:00+05:30,14.51,14.53,14.51,14.52,2550282
2026-09-02T15:12:00+05:30,14.53,14.56,14.52,14.52,13116440
2026-09-02T15:13:00+05:30,14.53,14.53,14.5,14.53,3459120
2026-09-02T15:14:00+05:30,14.53,14.54,14.52,14.53,904619
2026-09-03T09:15:00+05:30,14.63,14.63,14.48,14.54,12111791
2026-09-03T09:16:00+05:30,14.54,14.59,14.54,14.59,4062305
2026-09-03T09:17:00+05:30,14.58,14.58,14.55,14.57,2803606
2026-09-03T09:18:00+05:30,14.58,14.64,14.58,14.63,5143244
2026-09-03T09:19:00+05:30,14.63,14.63,14.6,14.62,4525955
2026-09-03T09:20:00+05:30,14.61,14.65,14.61,14.64,3795407
2026-09-03T09:21:00+05:30,14.64,14.68,14.63,14.65,4796884
2026-09-03T09:22:00+05:30,14.65,14.66,14.62,14.65,2376096
2026-09-03T09:23:00+05:30,14.64,14.67,14.64,14.66,1102434
2026-09-03T09:24:00+05:30,14.66,14.66,14.64,14.64,1353470
2026-09-03T09:25:00+05:30,14.64,14.64,14.6,14.6,1679399
2026-09-03T09:26:00+05:30,14.61,14.62,14.59,14.59,1800506
2026-09-03T09:27:00+05:30,14.59,14.59,14.55,14.57,2258754
2026-09-03T09:28:00+05:30,14.57,14.57,14.56,14.57,439057
2026-09-03T09:29:00+05:30,14.57,14.57,14.55,14.56,1273132
2026-09-03T09:30:00+05:30,14.56,14.57,14.55,14.56,2849518
2026-09-03T09:31:00+05:30,14.56,14.56,14.53,14.54,1401405
2026-09-03T09:32:00+05:30,14.54,14.54,14.53,14.54,843102
2026-09-03T09:33:00+05:30,14.54,14.55,14.53,14.54,1483357
2026-09-03T09:34:00+05:30,14.54,14.56,14.53,14.56,6254009
2026-09-03T09:35:00+05:30,14.55,14.55,14.53,14.53,1915575
2026-09-03T09:36:00+05:30,14.53,14.56,14.53,14.56,3343195
2026-09-03T09:37:00+05:30,14.56,14.56,14.55,14.56,236421
2026-09-03T09:38:00+05:30,14.55,14.56,14.55,14.56,933098
2026-09-03T09:39:00+05:30,14.56,14.56,14.52,14.52,2583519
2026-09-03T09:40:00+05:30,14.53,14.54,14.52,14.53,727934
2026-09-03T09:41:00+05:30,14.52,14.53,14.52,14.52,661006
2026-09-03T09:42:00+05:30,14.52,14.56,14.52,14.55,2558100
2026-09-03T09:43:00+05:30,14.56,14.56,14.55,14.56,559935
2026-09-03T09:44:00+05:30,14.56,14.56,14.55,14.55,255973
2026-09-03T09:45:00+05:30,14.55,14.56,14.55,14.55,1125994
2026-09-03T09:46:00+05:30,14.56,14.57,14.55,14.57,636833
2026-09-03T09:47:00+05:30,14.56,14.58,14.56,14.57,606890
2026-09-03T09:48:00+05:30,14.57,14.58,14.56,14.56,588744
2026-09-03T09:49:00+05:30,14.56,14.57,14.56,14.56,541324
2026-09-03T09:50:00+05:30,14.56,14.57,14.54,14.57,778830
2026-09-03T09:51:00+05:30,14.56,14.58,14.56,14.58,258687
2026-09-03T09:52:00+05:30,14.58,14.64,14.57,14.63,2126290
2026-09-03T09:53:00+05:30,14.62,14.64,14.61,14.62,1814453
2026-09-03T09:54:00+05:30,14.63,14.64,14.61,14.63,1911883
2026-09-03T09:55:00+05:30,14.63,14.64,14.62,14.64,668178
2026-09-03T09:56:00+05:30,14.63,14.65,14.63,14.64,2111199
2026-09-03T09:57:00+05:30,14.64,14.65,14.63,14.64,995239
2026-09-03T09:58:00+05:30,14.64,14.65,14.63,14.64,1904689
2026-09-03T09:59:00+05:30,14.64,14.72,14.64,14.71,5107498
2026-09-03T10:00:00+05:30,14.71,14.71,14.67,14.68,2072862
2026-09-03T10:01:00+05:30,14.68,14.68,14.64,14.64,1550795
2026-09-03T10:02:00+05:30,14.65,14.65,14.64,14.64,937487
2026-09-03T10:03:00+05:30,14.64,14.65,14.62,14.63,1461322
2026-09-03T10:04:00+05:30,14.64,14.65,14.64,14.65,378480
2026-09-03T10:05:00+05:30,14.65,14.65,14.63,14.63,823734
2026-09-03T10:06:00+05:30,14.63,14.64,14.63,14.63,362212
2026-09-03T10:07:00+05:30,14.63,14.64,14.62,14.62,592608
2026-09-03T10:08:00+05:30,14.63,14.63,14.61,14.61,353473
2026-09-03T10:09:00+05:30,14.62,14.62,14.61,14.61,279118
2026-09-03T10:10:00+05:30,14.62,14.62,14.61,14.62,205408
2026-09-03T10:11:00+05:30,14.62,14.62,14.61,14.61,144204
2026-09-03T10:12:00+05:30,14.61,14.62,14.6,14.6,739810
2026-09-03T10:13:00+05:30,14.6,14.61,14.6,14.61,200768
2026-09-03T10:14:00+05:30,14.61,14.61,14.6,14.61,340434
2026-09-03T10:15:00+05:30,14.61,14.61,14.59,14.6,747104
2026-09-03T10:16:00+05:30,14.6,14.6,14.58,14.59,577676
2026-09-03T10:17:00+05:30,14.59,14.6,14.59,14.59,370631
2026-09-03T10:18:00+05:30,14.59,14.6,14.58,14.6,340641
2026-09-03T10:19:00+05:30,14.6,14.6,14.58,14.58,157731
2026-09-03T10:20:00+05:30,14.58,14.6,14.58,14.58,346976
2026-09-03T10:21:00+05:30,14.58,14.58,14.57,14.57,630399
2026-09-03T10:22:00+05:30,14.57,14.59,14.57,14.58,480586
2026-09-03T10:23:00+05:30,14.58,14.58,14.55,14.56,916922
2026-09-03T10:24:00+05:30,14.56,14.56,14.55,14.56,597072
2026-09-03T10:25:00+05:30,14.56,14.57,14.55,14.56,1246081
2026-09-03T10:26:00+05:30,14.56,14.58,14.56,14.58,234624
2026-09-03T10:27:00+05:30,14.58,14.58,14.57,14.57,314181
2026-09-03T10:28:00+05:30,14.57,14.58,14.57,14.58,435125
2026-09-03T10:29:00+05:30,14.58,14.58,14.57,14.58,431571
2026-09-03T10:30:00+05:30,14.58,14.58,14.57,14.58,623415
2026-09-03T10:31:00+05:30,14.58,14.59,14.57,14.57,430252
2026-09-03T10:32:00+05:30,14.57,14.58,14.56,14.57,793911
2026-09-03T10:33:00+05:30,14.57,14.57,14.55,14.55,663974
2026-09-03T10:34:00+05:30,14.56,14.56,14.55,14.56,380480
2026-09-03T10:35:00+05:30,14.56,14.56,14.54,14.54,443167
2026-09-03T10:36:00+05:30,14.54,14.55,14.54,14.54,126024
2026-09-03T10:37:00+05:30,14.54,14.55,14.54,14.54,424417
2026-09-03T10:38:00+05:30,14.54,14.56,14.54,14.56,277794
2026-09-03T10:39:00+05:30,14.56,14.56,14.55,14.56,156304
2026-09-03T10:40:00+05:30,14.56,14.57,14.55,14.57,246130
2026-09-03T10:41:00+05:30,14.57,14.58,14.55,14.55,658331
2026-09-03T10:42:00+05:30,14.55,14.57,14.55,14.57,90753
2026-09-03T10:43:00+05:30,14.57,14.58,14.55,14.58,268268
2026-09-03T10:44:00+05:30,14.58,14.58,14.57,14.57,212879
2026-09-03T10:45:00+05:30,14.57,14.57,14.55,14.56,1944106
2026-09-03T10:46:00+05:30,14.56,14.57,14.56,14.57,175346
2026-09-03T10:47:00+05:30,14.56,14.58,14.56,14.57,227823
2026-09-03T10:48:00+05:30,14.57,14.58,14.56,14.57,158000
2026-09-03T10:49:00+05:30,14.58,14.58,14.57,14.58,120336
2026-09-03T10:50:00+05:30,14.58,14.58,14.57,14.58,80294
2026-09-03T10:51:00+05:30,14.57,14.58,14.57,14.57,88862
2026-09-03T10:52:00+05:30,14.58,14.58,14.57,14.57,103299
2026-09-03T10:53:00+05:30,14.57,14.58,14.57,14.57,182512
2026-09-03T10:54:00+05:30,14.57,14.58,14.57,14.57,181370
2026-09-03T10:55:00+05:30,14.58,14.58,14.57,14.58,108963
2026-09-03T10:56:00+05:30,14.58,14.58,14.57,14.57,594173
2026-09-03T10:57:00+05:30,14.56,14.57,14.56,14.57,133942
2026-09-03T10:58:00+05:30,14.56,14.57,14.56,14.57,97897
2026-09-03T10:59:00+05:30,14.57,14.57,14.56,14.57,189340
2026-09-03T11:00:00+05:30,14.57,14.57,14.56,14.57,127210
2026-09-03T11:01:00+05:30,14.57,14.57,14.55,14.56,79166
2026-09-03T11:02:00+05:30,14.56,14.57,14.55,14.55,663882
2026-09-03T11:03:00+05:30,14.56,14.56,14.54,14.55,529558
2026-09-03T11:04:00+05:30,14.55,14.55,14.54,14.55,284594
2026-09-03T11:05:00+05:30,14.55,14.55,14.51,14.51,1966503
2026-09-03T11:06:00+05:30,14.51,14.52,14.5,14.5,935619
2026-09-03T11:07:00+05:30,14.5,14.51,14.5,14.51,253681
2026-09-03T11:08:00+05:30,14.51,14.51,14.5,14.5,211187
2026-09-03T11:09:00+05:30,14.51,14.51,14.49,14.49,2583945
2026-09-03T11:10:00+05:30,14.49,14.5,14.49,14.5,413978
2026-09-03T11:11:00+05:30,14.5,14.52,14.49,14.52,1489410
2026-09-03T11:12:00+05:30,14.52,14.54,14.51,14.54,830815
2026-09-03T11:13:00+05:30,14.54,14.54,14.52,14.53,888383
2026-09-03T11:14:00+05:30,14.52,14.53,14.51,14.53,658582
2026-09-03T11:15:00+05:30,14.53,14.53,14.51,14.51,316170
2026-09-03T11:16:00+05:30,14.52,14.53,14.51,14.53,693328
2026-09-03T11:17:00+05:30,14.52,14.53,14.52,14.52,74846
2026-09-03T11:18:00+05:30,14.52,14.53,14.52,14.53,239494
2026-09-03T11:19:00+05:30,14.52,14.53,14.52,14.53,183669
2026-09-03T11:20:00+05:30,14.53,14.54,14.53,14.54,165082
2026-09-03T11:21:00+05:30,14.53,14.55,14.53,14.54,157561
2026-09-03T11:22:00+05:30,14.54,14.55,14.53,14.53,779372
2026-09-03T11:23:00+05:30,14.54,14.55,14.53,14.54,198414
2026-09-03T11:24:00+05:30,14.54,14.55,14.53,14.53,276742
2026-09-03T11:25:00+05:30,14.53,14.54,14.53,14.53,262240
2026-09-03T11:26:00+05:30,14.54,14.54,14.53,14.53,59170
2026-09-03T11:27:00+05:30,14.53,14.54,14.53,14.54,76923
2026-09-03T11:28:00+05:30,14.54,14.54,14.53,14.53,149695
2026-09-03T11:29:00+05:30,14.54,14.54,14.53,14.54,258957
2026-09-03T11:30:00+05:30,14.54,14.56,14.53,14.54,931116
2026-09-03T11:31:00+05:30,14.55,14.55,14.53,14.53,661841
2026-09-03T11:32:00+05:30,14.53,14.53,14.52,14.53,693042
2026-09-03T11:33:00+05:30,14.53,14.54,14.52,14.54,169990
2026-09-03T11:34:00+05:30,14.53,14.55,14.53,14.54,164597
2026-09-03T11:35:00+05:30,14.54,14.55,14.54,14.55,251169
2026-09-03T11:36:00+05:30,14.54,14.55,14.54,14.55,145644
2026-09-03T11:37:00+05:30,14.55,14.55,14.54,14.55,125928
2026-09-03T11:38:00+05:30,14.54,14.55,14.54,14.55,176505
2026-09-03T11:39:00+05:30,14.55,14.55,14.54,14.54,122907
2026-09-03T11:40:00+05:30,14.53,14.54,14.53,14.53,156710
2026-09-03T11:41:00+05:30,14.54,14.54,14.53,14.54,140066
2026-09-03T11:42:00+05:30,14.54,14.54,14.53,14.53,161144
2026-09-03T11:43:00+05:30,14.54,14.54,14.52,14.53,161996
2026-09-03T11:44:00+05:30,14.53,14.53,14.52,14.53,228767
2026-09-03T11:45:00+05:30,14.52,14.53,14.52,14.52,547918
2026-09-03T11:46:00+05:30,14.53,14.53,14.51,14.51,719495
2026-09-03T11:47:00+05:30,14.51,14.51,14.48,14.48,1613736
2026-09-03T11:48:00+05:30,14.49,14.49,14.48,14.49,349219
2026-09-03T11:49:00+05:30,14.49,14.5,14.49,14.49,348428
2026-09-03T11:50:00+05:30,14.49,14.5,14.49,14.49,319283
2026-09-03T11:51:00+05:30,14.49,14.5,14.49,14.5,631229
2026-09-03T11:52:00+05:30,14.5,14.52,14.49,14.52,665011
2026-09-03T11:53:00+05:30,14.52,14.52,14.49,14.5,819761
2026-09-03T11:54:00+05:30,14.49,14.5,14.49,14.5,215528
2026-09-03T11:55:00+05:30,14.49,14.51,14.49,14.5,1209594
2026-09-03T11:56:00+05:30,14.5,14.52,14.49,14.52,159695
2026-09-03T11:57:00+05:30,14.51,14.52,14.5,14.5,376427
2026-09-03T11:58:00+05:30,14.51,14.52,14.5,14.51,360475
2026-09-03T11:59:00+05:30,14.51,14.52,14.51,14.51,110584
2026-09-03T12:00:00+05:30,14.51,14.52,14.5,14.51,228476
2026-09-03T12:01:00+05:30,14.5,14.51,14.5,14.5,242277
2026-09-03T12:02:00+05:30,14.5,14.51,14.5,14.5,292578
2026-09-03T12:03:00+05:30,14.51,14.51,14.5,14.5,1327401
2026-09-03T12:04:00+05:30,14.5,14.51,14.5,14.5,67964
2026-09-03T12:05:00+05:30,14.5,14.51,14.5,14.51,166613
2026-09-03T12:06:00+05:30,14.51,14.51,14.5,14.5,221318
2026-09-03T12:07:00+05:30,14.51,14.51,14.48,14.48,992627
2026-09-03T12:08:00+05:30,14.48,14.49,14.48,14.48,347243
2026-09-03T12:09:00+05:30,14.49,14.49,14.48,14.49,137603
2026-09-03T12:10:00+05:30,14.48,14.5,14.48,14.5,84107
2026-09-03T12:11:00+05:30,14.49,14.5,14.49,14.5,115362
2026-09-03T12:12:00+05:30,14.49,14.5,14.49,14.5,59976
2026-09-03T12:13:00+05:30,14.5,14.5,14.49,14.5,168830
2026-09-03T12:14:00+05:30,14.49,14.5,14.48,14.48,395021
2026-09-03T12:15:00+05:30,14.48,14.49,14.47,14.48,888220
2026-09-03T12:16:00+05:30,14.48,14.48,14.47,14.48,264085
2026-09-03T12:17:00+05:30,14.48,14.48,14.47,14.47,428280
2026-09-03T12:18:00+05:30,14.48,14.48,14.47,14.47,116071
2026-09-03T12:19:00+05:30,14.48,14.48,14.46,14.46,710045
2026-09-03T12:20:00+05:30,14.46,14.48,14.46,14.47,110966
2026-09-03T12:21:00+05:30,14.47,14.48,14.46,14.47,450745
2026-09-03T12:22:00+05:30,14.48,14.48,14.47,14.48,228357
2026-09-03T12:23:00+05:30,14.48,14.48,14.47,14.47,83710
2026-09-03T12:24:00+05:30,14.47,14.48,14.47,14.48,104441
2026-09-03T12:25:00+05:30,14.48,14.48,14.47,14.48,278805
2026-09-03T12:26:00+05:30,14.47,14.49,14.47,14.49,238136
2026-09-03T12:27:00+05:30,14.49,14.49,14.47,14.48,884117
2026-09-03T12:28:00+05:30,14.49,14.49,14.48,14.48,114207
2026-09-03T12:29:00+05:30,14.48,14.49,14.48,14.48,174018
2026-09-03T12:30:00+05:30,14.48,14.49,14.47,14.48,335016
2026-09-03T12:31:00+05:30,14.49,14.49,14.48,14.49,333678
2026-09-03T12:32:00+05:30,14.48,14.49,14.48,14.49,65409
2026-09-03T12:33:00+05:30,14.48,14.49,14.47,14.48,184030
2026-09-03T12:34:00+05:30,14.47,14.49,14.47,14.49,421323
2026-09-03T12:35:00+05:30,14.49,14.49,14.48,14.48,240252
2026-09-03T12:36:00+05:30,14.49,14.49,14.48,14.48,26846
2026-09-03T12:37:00+05:30,14.48,14.49,14.48,14.48,350815
2026-09-03T12:38:00+05:30,14.48,14.49,14.48,14.49,139017
2026-09-03T12:39:00+05:30,14.49,14.5,14.49,14.5,140378
2026-09-03T12:40:00+05:30,14.5,14.5,14.49,14.5,254755
2026-09-03T12:41:00+05:30,14.49,14.5,14.48,14.5,207770
2026-09-03T12:42:00+05:30,14.5,14.5,14.48,14.49,102449
2026-09-03T12:43:00+05:30,14.49,14.49,14.48,14.48,102521
2026-09-03T12:44:00+05:30,14.48,14.49,14.47,14.47,418396
2026-09-03T12:45:00+05:30,14.48,14.49,14.47,14.49,135770
2026-09-03T12:46:00+05:30,14.48,14.49,14.48,14.48,85440
2026-09-03T12:47:00+05:30,14.49,14.49,14.48,14.49,66322
2026-09-03T12:48:00+05:30,14.49,14.49,14.47,14.48,79315
2026-09-03T12:49:00+05:30,14.48,14.48,14.47,14.47,29351
2026-09-03T12:50:00+05:30,14.48,14.49,14.47,14.49,91984
2026-09-03T12:51:00+05:30,14.48,14.48,14.47,14.47,216279
2026-09-03T12:52:00+05:30,14.47,14.48,14.47,14.48,67412
2026-09-03T12:53:00+05:30,14.47,14.49,14.47,14.49,51720
2026-09-03T12:54:00+05:30,14.48,14.49,14.47,14.48,299971
2026-09-03T12:55:00+05:30,14.48,14.48,14.47,14.47,245315
2026-09-03T12:56:00+05:30,14.47,14.47,14.44,14.45,3082569
2026-09-03T12:57:00+05:30,14.45,14.47,14.45,14.46,429989
2026-09-03T12:58:00+05:30,14.46,14.46,14.45,14.45,75557
2026-09-03T12:59:00+05:30,14.46,14.46,14.45,14.46,218533
2026-09-03T13:00:00+05:30,14.46,14.46,14.45,14.45,303577
2026-09-03T13:01:00+05:30,14.45,14.45,14.44,14.45,125645
2026-09-03T13:02:00+05:30,14.44,14.45,14.44,14.45,95469
2026-09-03T13:03:00+05:30,14.45,14.45,14.44,14.44,139182
2026-09-03T13:04:00+05:30,14.44,14.46,14.44,14.46,626461
2026-09-03T13:05:00+05:30,14.47,14.47,14.46,14.46,112591
2026-09-03T13:06:00+05:30,14.47,14.47,14.46,14.46,133035
2026-09-03T13:07:00+05:30,14.46,14.47,14.46,14.47,71718
2026-09-03T13:08:00+05:30,14.46,14.47,14.46,14.46,349576
2026-09-03T13:09:00+05:30,14.47,14.47,14.45,14.47,1291471
2026-09-03T13:10:00+05:30,14.47,14.47,14.46,14.47,207435
2026-09-03T13:11:00+05:30,14.46,14.47,14.46,14.46,66146
2026-09-03T13:12:00+05:30,14.46,14.47,14.46,14.47,144837
2026-09-03T13:13:00+05:30,14.47,14.47,14.45,14.47,299806
2026-09-03T13:14:00+05:30,14.47,14.47,14.45,14.46,220559
2026-09-03T13:15:00+05:30,14.46,14.46,14.45,14.45,73964
2026-09-03T13:16:00+05:30,14.46,14.46,14.45,14.45,96395
2026-09-03T13:17:00+05:30,14.46,14.46,14.45,14.45,62449
2026-09-03T13:18:00+05:30,14.45,14.46,14.45,14.45,86969
2026-09-03T13:19:00+05:30,14.46,14.46,14.45,14.45,98845
2026-09-03T13:20:00+05:30,14.46,14.46,14.45,14.45,90614
2026-09-03T13:21:00+05:30,14.45,14.46,14.45,14.46,109946
2026-09-03T13:22:00+05:30,14.46,14.46,14.45,14.45,547185
2026-09-03T13:23:00+05:30,14.46,14.46,14.45,14.45,33734
2026-09-03T13:24:00+05:30,14.46,14.46,14.44,14.44,54984
2026-09-03T13:25:00+05:30,14.45,14.47,14.44,14.47,846317
2026-09-03T13:26:00+05:30,14.47,14.47,14.46,14.47,106438
2026-09-03T13:27:00+05:30,14.46,14.48,14.46,14.48,1021076
2026-09-03T13:28:00+05:30,14.48,14.48,14.47,14.47,113049
2026-09-03T13:29:00+05:30,14.47,14.49,14.47,14.49,417196
2026-09-03T13:30:00+05:30,14.48,14.49,14.47,14.48,216278
2026-09-03T13:31:00+05:30,14.49,14.49,14.48,14.48,574955
2026-09-03T13:32:00+05:30,14.49,14.49,14.48,14.48,48878
2026-09-03T13:33:00+05:30,14.48,14.51,14.48,14.5,1142840
2026-09-03T13:34:00+05:30,14.5,14.51,14.5,14.5,156656
2026-09-03T13:35:00+05:30,14.5,14.51,14.5,14.51,183850
2026-09-03T13:36:00+05:30,14.51,14.51,14.5,14.5,215163
2026-09-03T13:37:00+05:30,14.5,14.51,14.48,14.49,537784
2026-09-03T13:38:00+05:30,14.49,14.49,14.48,14.49,134497
2026-09-03T13:39:00+05:30,14.49,14.5,14.48,14.49,140725
2026-09-03T13:40:00+05:30,14.49,14.5,14.48,14.5,275941
2026-09-03T13:41:00+05:30,14.5,14.5,14.49,14.49,338727
2026-09-03T13:42:00+05:30,14.49,14.5,14.48,14.49,364265
2026-09-03T13:43:00+05:30,14.49,14.5,14.49,14.49,116187
2026-09-03T13:44:00+05:30,14.49,14.5,14.49,14.5,95475
2026-09-03T13:45:00+05:30,14.5,14.5,14.48,14.49,354182
2026-09-03T13:46:00+05:30,14.49,14.49,14.47,14.47,140444
2026-09-03T13:47:00+05:30,14.47,14.48,14.47,14.48,207060
2026-09-03T13:48:00+05:30,14.48,14.48,14.47,14.47,206137
2026-09-03T13:49:00+05:30,14.47,14.48,14.47,14.48,26597
2026-09-03T13:50:00+05:30,14.48,14.49,14.47,14.49,267487
2026-09-03T13:51:00+05:30,14.49,14.54,14.48,14.54,1848962
2026-09-03T13:52:00+05:30,14.54,14.57,14.53,14.57,3260372
2026-09-03T13:53:00+05:30,14.56,14.57,14.55,14.57,1123029
2026-09-03T13:54:00+05:30,14.57,14.57,14.56,14.56,442684
2026-09-03T13:55:00+05:30,14.56,14.56,14.55,14.56,354865
2026-09-03T13:56:00+05:30,14.56,14.57,14.55,14.57,1612410
2026-09-03T13:57:00+05:30,14.57,14.59,14.56,14.58,1394019
2026-09-03T13:58:00+05:30,14.59,14.59,14.58,14.59,1091038
2026-09-03T13:59:00+05:30,14.59,14.61,14.58,14.61,2455625
2026-09-03T14:00:00+05:30,14.61,14.62,14.6,14.62,1242751
2026-09-03T14:01:00+05:30,14.62,14.62,14.6,14.6,2300046
2026-09-03T14:02:00+05:30,14.6,14.61,14.57,14.57,1325984
2026-09-03T14:03:00+05:30,14.58,14.59,14.57,14.58,1017749
2026-09-03T14:04:00+05:30,14.58,14.6,14.58,14.58,1396109
2026-09-03T14:05:00+05:30,14.58,14.59,14.57,14.58,616153
2026-09-03T14:06:00+05:30,14.58,14.59,14.58,14.59,205474
2026-09-03T14:07:00+05:30,14.59,14.59,14.57,14.58,343974
2026-09-03T14:08:00+05:30,14.58,14.58,14.56,14.56,916825
2026-09-03T14:09:00+05:30,14.56,14.56,14.55,14.55,978628
2026-09-03T14:10:00+05:30,14.55,14.56,14.54,14.55,599802
2026-09-03T14:11:00+05:30,14.56,14.57,14.55,14.57,190729
2026-09-03T14:12:00+05:30,14.56,14.57,14.56,14.56,332897
2026-09-03T14:13:00+05:30,14.56,14.57,14.56,14.57,114580
2026-09-03T14:14:00+05:30,14.56,14.57,14.56,14.56,297628
2026-09-03T14:15:00+05:30,14.57,14.57,14.55,14.56,1102733
2026-09-03T14:16:00+05:30,14.55,14.56,14.54,14.55,291781
2026-09-03T14:17:00+05:30,14.55,14.55,14.54,14.55,85020
2026-09-03T14:18:00+05:30,14.55,14.55,14.54,14.55,215547
2026-09-03T14:19:00+05:30,14.55,14.55,14.53,14.54,298674
2026-09-03T14:20:00+05:30,14.54,14.54,14.53,14.54,147578
2026-09-03T14:21:00+05:30,14.53,14.54,14.53,14.54,354351
2026-09-03T14:22:00+05:30,14.53,14.54,14.53,14.53,133883
2026-09-03T14:23:00+05:30,14.54,14.54,14.53,14.54,201715
2026-09-03T14:24:00+05:30,14.54,14.54,14.53,14.54,102186
2026-09-03T14:25:00+05:30,14.54,14.54,14.53,14.53,58470
2026-09-03T14:26:00+05:30,14.53,14.54,14.53,14.53,193664
2026-09-03T14:27:00+05:30,14.54,14.54,14.53,14.53,303419
2026-09-03T14:28:00+05:30,14.54,14.54,14.53,14.54,131206
2026-09-03T14:29:00+05:30,14.54,14.54,14.53,14.53,48301
2026-09-03T14:30:00+05:30,14.54,14.54,14.53,14.53,249763
2026-09-03T14:31:00+05:30,14.53,14.54,14.53,14.53,120193
2026-09-03T14:32:00+05:30,14.53,14.54,14.52,14.53,366572
2026-09-03T14:33:00+05:30,14.53,14.54,14.52,14.54,365486
2026-09-03T14:34:00+05:30,14.54,14.54,14.52,14.53,458891
2026-09-03T14:35:00+05:30,14.53,14.53,14.52,14.52,1015733
2026-09-03T14:36:00+05:30,14.52,14.53,14.51,14.52,700413
2026-09-03T14:37:00+05:30,14.52,14.53,14.51,14.52,264785
2026-09-03T14:38:00+05:30,14.52,14.52,14.51,14.51,103240
2026-09-03T14:39:00+05:30,14.52,14.52,14.51,14.51,140147
2026-09-03T14:40:00+05:30,14.51,14.52,14.51,14.51,198115
2026-09-03T14:41:00+05:30,14.52,14.52,14.51,14.52,88680
2026-09-03T14:42:00+05:30,14.51,14.52,14.51,14.51,224845
2026-09-03T14:43:00+05:30,14.52,14.52,14.51,14.51,231910
2026-09-03T14:44:00+05:30,14.51,14.52,14.51,14.51,612797
2026-09-03T14:45:00+05:30,14.51,14.52,14.51,14.52,597025
2026-09-03T14:46:00+05:30,14.53,14.54,14.53,14.53,1614105
2026-09-03T14:47:00+05:30,14.53,14.53,14.52,14.52,159973
2026-09-03T14:48:00+05:30,14.52,14.53,14.52,14.53,94189
2026-09-03T14:49:00+05:30,14.53,14.53,14.52,14.53,411531
2026-09-03T14:50:00+05:30,14.53,14.55,14.53,14.54,1059398
2026-09-03T14:51:00+05:30,14.54,14.54,14.53,14.54,220693
2026-09-03T14:52:00+05:30,14.54,14.54,14.53,14.54,231676
2026-09-03T14:53:00+05:30,14.53,14.54,14.53,14.53,213215
2026-09-03T14:54:00+05:30,14.54,14.54,14.52,14.52,970647
2026-09-03T14:55:00+05:30,14.52,14.53,14.52,14.53,631800
2026-09-03T14:56:00+05:30,14.53,14.53,14.51,14.53,469512
2026-09-03T14:57:00+05:30,14.53,14.53,14.52,14.52,291988
2026-09-03T14:58:00+05:30,14.53,14.53,14.52,14.52,542505
2026-09-03T14:59:00+05:30,14.52,14.53,14.52,14.52,557606
2026-09-03T15:00:00+05:30,14.51,14.52,14.51,14.51,2134447
2026-09-03T15:01:00+05:30,14.52,14.52,14.51,14.51,384238
2026-09-03T15:02:00+05:30,14.51,14.52,14.51,14.51,613471
2026-09-03T15:03:00+05:30,14.51,14.52,14.51,14.52,1135579
2026-09-03T15:04:00+05:30,14.52,14.52,14.51,14.51,784659
2026-09-03T15:05:00+05:30,14.51,14.51,14.49,14.5,2359160
2026-09-03T15:06:00+05:30,14.5,14.5,14.49,14.49,1256402
2026-09-03T15:07:00+05:30,14.5,14.5,14.48,14.49,1761011
2026-09-03T15:08:00+05:30,14.5,14.5,14.46,14.46,2488144
2026-09-03T15:09:00+05:30,14.47,14.48,14.46,14.48,4247080
2026-09-03T15:10:00+05:30,14.48,14.48,14.47,14.48,1016355
2026-09-03T15:11:00+05:30,14.47,14.49,14.47,14.49,2288575
2026-09-03T15:12:00+05:30,14.48,14.48,14.46,14.46,5087799
2026-09-03T15:13:00+05:30,14.46,14.48,14.46,14.48,1526023
2026-09-03T15:14:00+05:30,14.48,14.49,14.47,14.48,1431428
2026-09-04T09:15:00+05:30,14.53,14.58,14.51,14.57,2917329
2026-09-04T09:16:00+05:30,14.57,14.6,14.55,14.55,2617561
2026-09-04T09:17:00+05:30,14.56,14.56,14.54,14.55,1862823
2026-09-04T09:18:00+05:30,14.55,14.57,14.54,14.56,1110952
2026-09-04T09:19:00+05:30,14.57,14.58,14.56,14.58,597409
2026-09-04T09:20:00+05:30,14.58,14.59,14.57,14.58,1417963
2026-09-04T09:21:00+05:30,14.58,14.59,14.57,14.58,613890
2026-09-04T09:22:00+05:30,14.59,14.66,14.58,14.64,6304226
2026-09-04T09:23:00+05:30,14.64,14.64,14.61,14.62,1288894
2026-09-04T09:24:00+05:30,14.62,14.68,14.62,14.65,4544357
2026-09-04T09:25:00+05:30,14.66,14.73,14.65,14.71,5252378
2026-09-04T09:26:00+05:30,14.71,14.83,14.7,14.81,10633745
2026-09-04T09:27:00+05:30,14.81,14.81,14.75,14.75,3737096
2026-09-04T09:28:00+05:30,14.77,14.77,14.72,14.76,3210718
2026-09-04T09:29:00+05:30,14.75,14.76,14.7,14.73,3043411
2026-09-04T09:30:00+05:30,14.72,14.74,14.71,14.74,1198659
2026-09-04T09:31:00+05:30,14.73,14.74,14.72,14.74,1189821
2026-09-04T09:32:00+05:30,14.75,14.75,14.72,14.73,2062077
2026-09-04T09:33:00+05:30,14.73,14.75,14.72,14.74,1677833
2026-09-04T09:34:00+05:30,14.74,14.79,14.73,14.78,4567809
2026-09-04T09:35:00+05:30,14.77,14.81,14.77,14.81,4318583
2026-09-04T09:36:00+05:30,14.81,14.86,14.8,14.85,6372286
2026-09-04T09:37:00+05:30,14.85,14.86,14.83,14.84,2906087
2026-09-04T09:38:00+05:30,14.86,14.86,14.83,14.83,2476015
2026-09-04T09:39:00+05:30,14.84,14.85,14.8,14.81,1929914
2026-09-04T09:40:00+05:30,14.8,14.82,14.8,14.81,1277541
2026-09-04T09:41:00+05:30,14.8,14.81,14.78,14.78,1544624
2026-09-04T09:42:00+05:30,14.78,14.78,14.75,14.75,3298859
2026-09-04T09:43:00+05:30,14.75,14.76,14.75,14.75,695030
2026-09-04T09:44:00+05:30,14.75,14.76,14.73,14.73,1743751
2026-09-04T09:45:00+05:30,14.74,14.76,14.73,14.76,1239471
2026-09-04T09:46:00+05:30,14.75,14.76,14.75,14.76,588268
2026-09-04T09:47:00+05:30,14.76,14.76,14.75,14.76,457916
2026-09-04T09:48:00+05:30,14.76,14.76,14.75,14.75,559792
2026-09-04T09:49:00+05:30,14.75,14.75,14.74,14.75,474359
2026-09-04T09:50:00+05:30,14.74,14.75,14.73,14.73,567939
2026-09-04T09:51:00+05:30,14.74,14.74,14.72,14.72,640345
2026-09-04T09:52:00+05:30,14.73,14.75,14.72,14.75,824063
2026-09-04T09:53:00+05:30,14.75,14.75,14.74,14.74,328142
2026-09-04T09:54:00+05:30,14.74,14.77,14.74,14.77,1184205
2026-09-04T09:55:00+05:30,14.78,14.8,14.77,14.8,1014507
2026-09-04T09:56:00+05:30,14.79,14.8,14.77,14.79,1205169
2026-09-04T09:57:00+05:30,14.78,14.79,14.78,14.78,522093
2026-09-04T09:58:00+05:30,14.79,14.8,14.78,14.78,1935372
2026-09-04T09:59:00+05:30,14.79,14.83,14.78,14.83,5647167
2026-09-04T10:00:00+05:30,14.82,14.84,14.82,14.83,1150228
2026-09-04T10:01:00+05:30,14.83,14.85,14.83,14.84,1477402
2026-09-04T10:02:00+05:30,14.83,14.88,14.83,14.87,6796309
2026-09-04T10:03:00+05:30,14.87,14.87,14.85,14.85,1738534
2026-09-04T10:04:00+05:30,14.85,14.85,14.84,14.85,1163748
2026-09-04T10:05:00+05:30,14.84,14.87,14.84,14.87,1420603
2026-09-04T10:06:00+05:30,14.86,14.89,14.86,14.88,2122731
2026-09-04T10:07:00+05:30,14.88,14.88,14.86,14.88,871605
2026-09-04T10:08:00+05:30,14.87,14.88,14.86,14.87,936816
2026-09-04T10:09:00+05:30,14.87,14.88,14.86,14.86,1004066
2026-09-04T10:10:00+05:30,14.86,14.88,14.86,14.87,1648783
2026-09-04T10:11:00+05:30,14.87,14.88,14.86,14.87,672071
2026-09-04T10:12:00+05:30,14.86,14.87,14.85,14.85,387116
2026-09-04T10:13:00+05:30,14.85,14.86,14.85,14.85,358457
2026-09-04T10:14:00+05:30,14.85,14.86,14.85,14.85,370951
2026-09-04T10:15:00+05:30,14.85,14.86,14.85,14.86,397857
2026-09-04T10:16:00+05:30,14.85,14.86,14.85,14.85,364784
2026-09-04T10:17:00+05:30,14.85,14.86,14.85,14.85,598458
2026-09-04T10:18:00+05:30,14.85,14.86,14.85,14.86,473791
2026-09-04T10:19:00+05:30,14.85,14.86,14.84,14.84,954154
2026-09-04T10:20:00+05:30,14.84,14.85,14.83,14.83,269701
2026-09-04T10:21:00+05:30,14.83,14.85,14.83,14.85,409154
2026-09-04T10:22:00+05:30,14.84,14.85,14.84,14.85,1406262
2026-09-04T10:23:00+05:30,14.85,14.86,14.85,14.86,378496
2026-09-04T10:24:00+05:30,14.85,14.86,14.84,14.84,680698
2026-09-04T10:25:00+05:30,14.85,14.85,14.83,14.83,866530
2026-09-04T10:26:00+05:30,14.84,14.84,14.82,14.83,334831
2026-09-04T10:27:00+05:30,14.82,14.83,14.8,14.8,1379053
2026-09-04T10:28:00+05:30,14.8,14.82,14.8,14.8,459690
2026-09-04T10:29:00+05:30,14.8,14.81,14.79,14.8,1028840
2026-09-04T10:30:00+05:30,14.79,14.82,14.79,14.81,1144856
2026-09-04T10:31:00+05:30,14.82,14.83,14.81,14.83,720007
2026-09-04T10:32:00+05:30,14.83,14.83,14.8,14.81,490930
2026-09-04T10:33:00+05:30,14.8,14.81,14.78,14.79,1627155
2026-09-04T10:34:00+05:30,14.79,14.79,14.78,14.79,695802
2026-09-04T10:35:00+05:30,14.78,14.79,14.77,14.78,1330841
2026-09-04T10:36:00+05:30,14.78,14.79,14.77,14.79,414228
2026-09-04T10:37:00+05:30,14.79,14.8,14.78,14.8,412298
2026-09-04T10:38:00+05:30,14.8,14.82,14.8,14.82,553199
2026-09-04T10:39:00+05:30,14.81,14.83,14.81,14.83,444284
2026-09-04T10:40:00+05:30,14.83,14.84,14.81,14.82,850058
2026-09-04T10:41:00+05:30,14.81,14.82,14.8,14.81,433735
2026-09-04T10:42:00+05:30,14.8,14.83,14.8,14.83,661715
2026-09-04T10:43:00+05:30,14.82,14.83,14.82,14.82,318505
2026-09-04T10:44:00+05:30,14.83,14.85,14.82,14.85,811746
2026-09-04T10:45:00+05:30,14.85,14.86,14.84,14.84,1232667
2026-09-04T10:46:00+05:30,14.85,14.86,14.83,14.85,695340
2026-09-04T10:47:00+05:30,14.85,14.86,14.85,14.86,1169363
2026-09-04T10:48:00+05:30,14.86,14.86,14.84,14.85,911482
2026-09-04T10:49:00+05:30,14.85,14.86,14.84,14.85,308195
2026-09-04T10:50:00+05:30,14.85,14.86,14.84,14.85,760266
2026-09-04T10:51:00+05:30,14.86,14.86,14.84,14.85,1270152
2026-09-04T10:52:00+05:30,14.84,14.86,14.84,14.85,561312
2026-09-04T10:53:00+05:30,14.84,14.85,14.84,14.84,361964
2026-09-04T10:54:00+05:30,14.84,14.88,14.84,14.88,4077324
2026-09-04T10:55:00+05:30,14.88,14.9,14.88,14.89,4745662
2026-09-04T10:56:00+05:30,14.88,14.89,14.88,14.89,515057
2026-09-04T10:57:00+05:30,14.88,14.89,14.86,14.87,1306282
2026-09-04T10:58:00+05:30,14.87,14.89,14.85,14.87,716126
2026-09-04T10:59:00+05:30,14.87,14.94,14.87,14.92,6076836
2026-09-04T11:00:00+05:30,14.92,15,14.92,15,11446841
2026-09-04T11:01:00+05:30,14.99,15,14.98,14.99,4391926
2026-09-04T11:02:00+05:30,14.99,15.04,14.97,15.03,9282718
2026-09-04T11:03:00+05:30,15.03,15.16,15.03,15.16,21186987
2026-09-04T11:04:00+05:30,15.16,15.16,15.11,15.11,5045767
2026-09-04T11:05:00+05:30,15.1,15.14,15.1,15.12,6532211
2026-09-04T11:06:00+05:30,15.12,15.13,15.1,15.1,4438690
2026-09-04T11:07:00+05:30,15.1,15.11,15.07,15.08,2730457
2026-09-04T11:08:00+05:30,15.07,15.08,15.06,15.07,2232846
2026-09-04T11:09:00+05:30,15.07,15.07,15.04,15.04,1877038
2026-09-04T11:10:00+05:30,15.05,15.05,15.03,15.03,1554273
2026-09-04T11:11:00+05:30,15.03,15.09,15.03,15.09,2531592
2026-09-04T11:12:00+05:30,15.08,15.11,15.08,15.1,3044542
2026-09-04T11:13:00+05:30,15.1,15.13,15.09,15.12,3544208
2026-09-04T11:14:00+05:30,15.12,15.13,15.11,15.13,1775291
2026-09-04T11:15:00+05:30,15.12,15.13,15.11,15.11,1584098
2026-09-04T11:16:00+05:30,15.11,15.12,15.1,15.12,2035559
2026-09-04T11:17:00+05:30,15.11,15.12,15.08,15.1,3312676
2026-09-04T11:18:00+05:30,15.1,15.12,15.1,15.1,2010697
2026-09-04T11:19:00+05:30,15.1,15.11,15.06,15.09,2103586
2026-09-04T11:20:00+05:30,15.09,15.11,15.09,15.1,2263729
2026-09-04T11:21:00+05:30,15.09,15.1,15.09,15.1,855735
2026-09-04T11:22:00+05:30,15.09,15.1,15.09,15.09,1466851
2026-09-04T11:23:00+05:30,15.09,15.11,15.09,15.1,1172648
2026-09-04T11:24:00+05:30,15.1,15.13,15.1,15.12,3691834
2026-09-04T11:25:00+05:30,15.12,15.14,15.11,15.12,3863488
2026-09-04T11:26:00+05:30,15.13,15.13,15.12,15.13,433916
2026-09-04T11:27:00+05:30,15.12,15.13,15.11,15.11,650923
2026-09-04T11:28:00+05:30,15.12,15.13,15.11,15.13,916605
2026-09-04T11:29:00+05:30,15.13,15.13,15.11,15.12,707454
2026-09-04T11:30:00+05:30,15.12,15.14,15.11,15.12,2720085
2026-09-04T11:31:00+05:30,15.12,15.13,15.09,15.09,769664
2026-09-04T11:32:00+05:30,15.09,15.09,15.03,15.03,3339823
2026-09-04T11:33:00+05:30,15.04,15.08,15.01,15.07,2557819
2026-09-04T11:34:00+05:30,15.08,15.09,15.04,15.05,1549799
2026-09-04T11:35:00+05:30,15.04,15.06,15.03,15.04,675856
2026-09-04T11:36:00+05:30,15.03,15.04,15.01,15.02,2656530
2026-09-04T11:37:00+05:30,15.01,15.02,14.98,14.98,3997566
2026-09-04T11:38:00+05:30,14.98,15,14.98,14.99,1719848
2026-09-04T11:39:00+05:30,14.99,15,14.97,14.97,1539787
2026-09-04T11:40:00+05:30,14.99,14.99,14.97,14.97,781553
2026-09-04T11:41:00+05:30,14.97,14.98,14.97,14.98,368009
2026-09-04T11:42:00+05:30,14.98,14.98,14.96,14.96,773179
2026-09-04T11:43:00+05:30,14.96,14.98,14.96,14.98,410880
2026-09-04T11:44:00+05:30,14.98,14.98,14.97,14.97,437196
2026-09-04T11:45:00+05:30,14.97,14.98,14.95,14.95,616315
2026-09-04T11:46:00+05:30,14.95,14.97,14.95,14.96,836119
2026-09-04T11:47:00+05:30,14.96,14.96,14.95,14.95,543562
2026-09-04T11:48:00+05:30,14.95,14.97,14.95,14.97,441351
2026-09-04T11:49:00+05:30,14.97,14.97,14.96,14.97,580977
2026-09-04T11:50:00+05:30,14.97,14.98,14.96,14.98,389879
2026-09-04T11:51:00+05:30,14.98,14.98,14.94,14.97,2698202
2026-09-04T11:52:00+05:30,14.97,14.97,14.95,14.95,423680
2026-09-04T11:53:00+05:30,14.95,14.95,14.93,14.94,1085705
2026-09-04T11:54:00+05:30,14.94,14.96,14.93,14.95,484693
2026-09-04T11:55:00+05:30,14.95,14.99,14.95,14.99,290132
2026-09-04T11:56:00+05:30,14.99,14.99,14.97,14.98,1015084
2026-09-04T11:57:00+05:30,14.98,15,14.98,15,866242
2026-09-04T11:58:00+05:30,15,15.02,14.99,15.01,1138274
2026-09-04T11:59:00+05:30,15.01,15.01,14.99,15.01,1478205
2026-09-04T12:00:00+05:30,15.01,15.03,15,15.03,557977
2026-09-04T12:01:00+05:30,15.03,15.03,14.98,15.01,2878405
2026-09-04T12:02:00+05:30,15.01,15.03,15,15.02,1143990
2026-09-04T12:03:00+05:30,15.02,15.04,15.01,15.01,767831
2026-09-04T12:04:00+05:30,15.01,15.02,14.99,15,1024182
2026-09-04T12:05:00+05:30,15,15.02,14.99,15.01,729560
2026-09-04T12:06:00+05:30,15.01,15.03,15.01,15.02,689491
2026-09-04T12:07:00+05:30,15.02,15.03,15,15,2266371
2026-09-04T12:08:00+05:30,15,15.02,15,15,540943
2026-09-04T12:09:00+05:30,15,15.01,14.99,15.01,1014770
2026-09-04T12:10:00+05:30,15.01,15.01,14.98,14.99,733755
2026-09-04T12:11:00+05:30,14.99,15,14.98,14.99,1084741
2026-09-04T12:12:00+05:30,14.99,15,14.99,14.99,158065
2026-09-04T12:13:00+05:30,14.99,15,14.99,14.99,120512
2026-09-04T12:14:00+05:30,14.99,15.01,14.99,15,895560
2026-09-04T12:15:00+05:30,15,15.01,15,15,1013023
2026-09-04T12:16:00+05:30,15,15.01,14.99,15,199970
2026-09-04T12:17:00+05:30,15,15,14.99,15,298755
2026-09-04T12:18:00+05:30,14.99,15,14.98,14.99,210077
2026-09-04T12:19:00+05:30,14.99,15,14.98,14.99,276421
2026-09-04T12:20:00+05:30,14.98,14.99,14.98,14.98,149188
2026-09-04T12:21:00+05:30,14.98,14.99,14.97,14.98,430224
2026-09-04T12:22:00+05:30,14.97,14.98,14.96,14.97,417222
2026-09-04T12:23:00+05:30,14.96,14.98,14.95,14.98,591858
2026-09-04T12:24:00+05:30,14.97,14.99,14.97,14.99,426879
2026-09-04T12:25:00+05:30,14.99,14.99,14.96,14.96,440813
2026-09-04T12:26:00+05:30,14.97,14.98,14.96,14.97,387952
2026-09-04T12:27:00+05:30,14.97,14.98,14.97,14.97,260977
2026-09-04T12:28:00+05:30,14.97,14.98,14.96,14.97,352311
2026-09-04T12:29:00+05:30,14.96,14.98,14.96,14.97,795318
2026-09-04T12:30:00+05:30,14.97,14.97,14.96,14.96,365676
2026-09-04T12:31:00+05:30,14.97,14.97,14.96,14.96,124482
2026-09-04T12:32:00+05:30,14.97,14.99,14.96,14.99,825338
2026-09-04T12:33:00+05:30,14.99,14.99,14.98,14.99,93577
2026-09-04T12:34:00+05:30,14.98,14.99,14.98,14.98,378707
2026-09-04T12:35:00+05:30,14.98,14.99,14.98,14.98,123511
2026-09-04T12:36:00+05:30,14.99,14.99,14.98,14.99,179265
2026-09-04T12:37:00+05:30,14.98,14.99,14.97,14.98,535703
2026-09-04T12:38:00+05:30,14.97,14.98,14.97,14.97,937482
2026-09-04T12:39:00+05:30,14.97,14.98,14.97,14.97,102841
2026-09-04T12:40:00+05:30,14.97,14.97,14.96,14.96,418185
2026-09-04T12:41:00+05:30,14.97,14.98,14.97,14.97,338557
2026-09-04T12:42:00+05:30,14.97,15,14.97,14.99,748192
2026-09-04T12:43:00+05:30,14.98,14.99,14.98,14.99,124677
2026-09-04T12:44:00+05:30,14.98,15,14.98,15,552441
2026-09-04T12:45:00+05:30,15,15,14.98,14.99,748548
2026-09-04T12:46:00+05:30,14.99,15,14.98,14.99,290124
2026-09-04T12:47:00+05:30,14.99,14.99,14.98,14.98,286868
2026-09-04T12:48:00+05:30,14.98,14.99,14.98,14.99,84183
2026-09-04T12:49:00+05:30,14.98,14.99,14.98,14.98,289739
2026-09-04T12:50:00+05:30,14.98,15.01,14.98,15.01,2709685
2026-09-04T12:51:00+05:30,15.01,15.04,15.01,15.04,1880485
2026-09-04T12:52:00+05:30,15.03,15.05,15.03,15.04,1067787
2026-09-04T12:53:00+05:30,15.03,15.05,15.02,15.03,1538785
2026-09-04T12:54:00+05:30,15.02,15.03,15,15,729056
2026-09-04T12:55:00+05:30,15,15.04,15,15.02,1450102
2026-09-04T12:56:00+05:30,15.03,15.04,15.02,15.04,480977
2026-09-04T12:57:00+05:30,15.03,15.06,15.03,15.06,2687006
2026-09-04T12:58:00+05:30,15.05,15.07,15.05,15.07,1025583
2026-09-04T12:59:00+05:30,15.06,15.07,15.05,15.05,652760
2026-09-04T13:00:00+05:30,15.05,15.06,15.03,15.05,1018290
2026-09-04T13:01:00+05:30,15.04,15.05,15.02,15.02,360556
2026-09-04T13:02:00+05:30,15.03,15.03,14.99,15.02,1494922
2026-09-04T13:03:00+05:30,15.01,15.02,15.01,15.01,428207
2026-09-04T13:04:00+05:30,15.01,15.03,15.01,15.02,259776
2026-09-04T13:05:00+05:30,15.01,15.03,15.01,15.03,315978
2026-09-04T13:06:00+05:30,15.02,15.03,15.02,15.03,621226
2026-09-04T13:07:00+05:30,15.03,15.03,15.02,15.03,121074
2026-09-04T13:08:00+05:30,15.02,15.03,15.02,15.02,162182
2026-09-04T13:09:00+05:30,15.02,15.07,15.02,15.05,1572153
2026-09-04T13:10:00+05:30,15.05,15.06,15.05,15.06,396288
2026-09-04T13:11:00+05:30,15.06,15.06,15.04,15.04,369474
2026-09-04T13:12:00+05:30,15.05,15.07,15.04,15.07,1222302
2026-09-04T13:13:00+05:30,15.06,15.07,15.05,15.06,249353
2026-09-04T13:14:00+05:30,15.05,15.06,15.05,15.05,175261
2026-09-04T13:15:00+05:30,15.06,15.06,15.05,15.06,717081
2026-09-04T13:16:00+05:30,15.05,15.1,15.05,15.09,3296129
2026-09-04T13:17:00+05:30,15.09,15.12,15.09,15.11,6222984
2026-09-04T13:18:00+05:30,15.1,15.11,15.09,15.09,681876
2026-09-04T13:19:00+05:30,15.09,15.1,15.07,15.1,1086760
2026-09-04T13:20:00+05:30,15.09,15.1,15.08,15.09,1089678
2026-09-04T13:21:00+05:30,15.09,15.1,15.08,15.08,494147
2026-09-04T13:22:00+05:30,15.08,15.1,15.08,15.09,333329
2026-09-04T13:23:00+05:30,15.09,15.1,15.08,15.09,348660
2026-09-04T13:24:00+05:30,15.08,15.09,15.07,15.09,435367
2026-09-04T13:25:00+05:30,15.08,15.09,15.07,15.08,752479
2026-09-04T13:26:00+05:30,15.08,15.08,15.07,15.08,1051617
2026-09-04T13:27:00+05:30,15.07,15.08,15.05,15.05,730818
2026-09-04T13:28:00+05:30,15.06,15.06,15.05,15.05,956805
2026-09-04T13:29:00+05:30,15.05,15.06,15.04,15.05,556775
2026-09-04T13:30:00+05:30,15.05,15.06,15.05,15.06,188473
2026-09-04T13:31:00+05:30,15.05,15.06,15.04,15.04,595234
2026-09-04T13:32:00+05:30,15.04,15.05,15.04,15.05,315621
2026-09-04T13:33:00+05:30,15.04,15.05,15.04,15.04,116331
2026-09-04T13:34:00+05:30,15.05,15.05,15.03,15.05,808002
2026-09-04T13:35:00+05:30,15.04,15.05,15.04,15.04,341080
2026-09-04T13:36:00+05:30,15.04,15.05,15.03,15.04,2730561
2026-09-04T13:37:00+05:30,15.04,15.05,15.03,15.04,455177
2026-09-04T13:38:00+05:30,15.04,15.05,15.02,15.02,815236
2026-09-04T13:39:00+05:30,15.02,15.04,15.02,15.03,789622
2026-09-04T13:40:00+05:30,15.03,15.03,15.02,15.03,648611
2026-09-04T13:41:00+05:30,15.03,15.03,15.02,15.02,300033
2026-09-04T13:42:00+05:30,15.02,15.04,15.02,15.03,896683
2026-09-04T13:43:00+05:30,15.03,15.04,15.03,15.04,226819
2026-09-04T13:44:00+05:30,15.04,15.04,15.03,15.03,205524
2026-09-04T13:45:00+05:30,15.04,15.04,15.02,15.03,525299
2026-09-04T13:46:00+05:30,15.02,15.03,15.02,15.03,324993
2026-09-04T13:47:00+05:30,15.02,15.04,15.02,15.03,1363526
2026-09-04T13:48:00+05:30,15.02,15.03,15.02,15.02,281266
2026-09-04T13:49:00+05:30,15.02,15.03,15.01,15.02,441040
2026-09-04T13:50:00+05:30,15.02,15.02,15.01,15.02,251058
2026-09-04T13:51:00+05:30,15.01,15.02,15.01,15.02,266622
2026-09-04T13:52:00+05:30,15.01,15.02,15,15.01,374896
2026-09-04T13:53:00+05:30,15,15.01,15,15.01,487071
2026-09-04T13:54:00+05:30,15,15.01,15,15,353449
2026-09-04T13:55:00+05:30,15.01,15.01,15,15,372788
2026-09-04T13:56:00+05:30,15,15,15,15,332443
2026-09-04T13:57:00+05:30,15,15.01,15,15.01,379987
2026-09-04T13:58:00+05:30,15.01,15.02,15,15.01,471384
2026-09-04T13:59:00+05:30,15.01,15.02,15,15.01,471484
2026-09-04T14:00:00+05:30,15.01,15.01,15,15.01,461873
2026-09-04T14:01:00+05:30,15,15.02,15,15.02,375565
2026-09-04T14:02:00+05:30,15.01,15.02,15.01,15.01,421401
2026-09-04T14:03:00+05:30,15.02,15.02,15.01,15.01,347558
2026-09-04T14:04:00+05:30,15.02,15.02,15.01,15.02,739968
2026-09-04T14:05:00+05:30,15.01,15.02,15.01,15.01,172495
2026-09-04T14:06:00+05:30,15.02,15.02,15,15.01,725323
2026-09-04T14:07:00+05:30,15,15.01,15,15,702305
2026-09-04T14:08:00+05:30,15,15.01,15,15,416218
2026-09-04T14:09:00+05:30,15.01,15.02,15,15.01,971904
2026-09-04T14:10:00+05:30,15.01,15.02,15.01,15.01,506443
2026-09-04T14:11:00+05:30,15.01,15.03,15.01,15.02,544539
2026-09-04T14:12:00+05:30,15.02,15.03,15.02,15.03,262361
2026-09-04T14:13:00+05:30,15.02,15.04,15.02,15.02,957214
2026-09-04T14:14:00+05:30,15.02,15.04,15.02,15.03,389144
2026-09-04T14:15:00+05:30,15.03,15.03,15.02,15.02,225015
2026-09-04T14:16:00+05:30,15.02,15.04,15.02,15.03,510500
2026-09-04T14:17:00+05:30,15.04,15.04,15.03,15.04,313064
2026-09-04T14:18:00+05:30,15.03,15.04,15.03,15.04,390101
2026-09-04T14:19:00+05:30,15.03,15.04,15.03,15.03,638624
2026-09-04T14:20:00+05:30,15.04,15.04,15.03,15.04,750417
2026-09-04T14:21:00+05:30,15.05,15.08,15.04,15.08,3449574
2026-09-04T14:22:00+05:30,15.07,15.1,15.07,15.09,2572474
2026-09-04T14:23:00+05:30,15.1,15.1,15.07,15.09,4351710
2026-09-04T14:24:00+05:30,15.08,15.11,15.08,15.11,2602970
2026-09-04T14:25:00+05:30,15.1,15.11,15.09,15.1,1332581
2026-09-04T14:26:00+05:30,15.09,15.11,15.09,15.1,1896124
2026-09-04T14:27:00+05:30,15.1,15.1,15.09,15.09,648662
2026-09-04T14:28:00+05:30,15.09,15.1,15.08,15.09,1306727
2026-09-04T14:29:00+05:30,15.1,15.1,15.08,15.09,665492
2026-09-04T14:30:00+05:30,15.08,15.1,15.08,15.09,886322
2026-09-04T14:31:00+05:30,15.1,15.1,15.08,15.09,538226
2026-09-04T14:32:00+05:30,15.09,15.09,15.08,15.09,936129
2026-09-04T14:33:00+05:30,15.08,15.1,15.08,15.09,1119895
2026-09-04T14:34:00+05:30,15.08,15.12,15.08,15.11,6019841
2026-09-04T14:35:00+05:30,15.11,15.12,15.08,15.08,1934591
2026-09-04T14:36:00+05:30,15.08,15.09,15.07,15.08,1061263
2026-09-04T14:37:00+05:30,15.08,15.08,15.07,15.07,302924
2026-09-04T14:38:00+05:30,15.07,15.08,15.07,15.07,1098428
2026-09-04T14:39:00+05:30,15.08,15.08,15.06,15.08,1103046
2026-09-04T14:40:00+05:30,15.08,15.08,15.07,15.07,1014182
2026-09-04T14:41:00+05:30,15.07,15.08,15.07,15.07,685186
2026-09-04T14:42:00+05:30,15.07,15.09,15.07,15.07,842951
2026-09-04T14:43:00+05:30,15.07,15.09,15.07,15.07,496587
2026-09-04T14:44:00+05:30,15.08,15.08,15.07,15.07,600821
2026-09-04T14:45:00+05:30,15.07,15.08,15.07,15.07,565174
2026-09-04T14:46:00+05:30,15.07,15.08,15.06,15.07,4590557
2026-09-04T14:47:00+05:30,15.08,15.09,15.07,15.08,975064
2026-09-04T14:48:00+05:30,15.07,15.09,15.07,15.08,1060492
2026-09-04T14:49:00+05:30,15.08,15.09,15.08,15.08,556799
2026-09-04T14:50:00+05:30,15.08,15.09,15.07,15.09,675616
2026-09-04T14:51:00+05:30,15.08,15.09,15.07,15.07,588166
2026-09-04T14:52:00+05:30,15.07,15.09,15.07,15.07,509967
2026-09-04T14:53:00+05:30,15.08,15.08,15.07,15.07,1144905
2026-09-04T14:54:00+05:30,15.08,15.09,15.07,15.08,1017757
2026-09-04T14:55:00+05:30,15.07,15.08,15.06,15.06,1351028
2026-09-04T14:56:00+05:30,15.07,15.07,15.06,15.07,949638
2026-09-04T14:57:00+05:30,15.06,15.07,15.06,15.06,600359
2026-09-04T14:58:00+05:30,15.06,15.07,15.05,15.07,1622496
2026-09-04T14:59:00+05:30,15.07,15.07,15.05,15.06,2094973
2026-09-04T15:00:00+05:30,15.06,15.06,15.04,15.04,1353134
2026-09-04T15:01:00+05:30,15.04,15.05,15.04,15.05,1384306
2026-09-04T15:02:00+05:30,15.05,15.06,15.04,15.05,1641024
2026-09-04T15:03:00+05:30,15.05,15.06,15.04,15.06,1833255
2026-09-04T15:04:00+05:30,15.05,15.08,15.05,15.08,2559510
2026-09-04T15:05:00+05:30,15.08,15.08,15.06,15.07,2800707
2026-09-04T15:06:00+05:30,15.07,15.08,15.06,15.08,2948858
2026-09-04T15:07:00+05:30,15.08,15.09,15.07,15.08,4089812
2026-09-04T15:08:00+05:30,15.08,15.08,15.04,15.05,4126152
2026-09-04T15:09:00+05:30,15.05,15.07,15.04,15.06,5633326
2026-09-04T15:10:00+05:30,15.06,15.07,15.05,15.06,1465992
2026-09-04T15:11:00+05:30,15.06,15.07,15.05,15.06,2921237
2026-09-04T15:12:00+05:30,15.06,15.1,15.06,15.07,13625027
2026-09-04T15:13:00+05:30,15.07,15.07,15.05,15.06,1742961
2026-09-04T15:14:00+05:30,15.06,15.07,15.05,15.06,3450027
2026-09-07T09:15:00+05:30,15.09,15.22,15.06,15.17,11531938
2026-09-07T09:16:00+05:30,15.17,15.19,15.11,15.19,8515744
2026-09-07T09:17:00+05:30,15.19,15.21,15.15,15.19,5165216
2026-09-07T09:18:00+05:30,15.2,15.21,15.18,15.21,7452313
2026-09-07T09:19:00+05:30,15.2,15.21,15.18,15.18,2480450
2026-09-07T09:20:00+05:30,15.18,15.23,15.18,15.22,4793987
2026-09-07T09:21:00+05:30,15.21,15.28,15.2,15.28,9150626
2026-09-07T09:22:00+05:30,15.28,15.33,15.27,15.33,10353107
2026-09-07T09:23:00+05:30,15.32,15.35,15.3,15.35,6329930
2026-09-07T09:24:00+05:30,15.34,15.38,15.32,15.36,10782987
2026-09-07T09:25:00+05:30,15.35,15.36,15.32,15.34,3805324
2026-09-07T09:26:00+05:30,15.34,15.4,15.33,15.39,17938046
2026-09-07T09:27:00+05:30,15.4,15.48,15.4,15.47,13427402
2026-09-07T09:28:00+05:30,15.47,15.54,15.45,15.54,13141843
2026-09-07T09:29:00+05:30,15.52,15.58,15.52,15.55,14431536
2026-09-07T09:30:00+05:30,15.56,15.56,15.49,15.54,11017261
2026-09-07T09:31:00+05:30,15.55,15.56,15.48,15.5,6660497
2026-09-07T09:32:00+05:30,15.52,15.54,15.47,15.47,7219186
2026-09-07T09:33:00+05:30,15.47,15.52,15.45,15.51,4525635
2026-09-07T09:34:00+05:30,15.51,15.53,15.48,15.52,4518199
2026-09-07T09:35:00+05:30,15.52,15.55,15.5,15.55,5254596
2026-09-07T09:36:00+05:30,15.54,15.59,15.54,15.58,7521588
2026-09-07T09:37:00+05:30,15.58,15.65,15.57,15.65,17828769
2026-09-07T09:38:00+05:30,15.64,15.65,15.58,15.59,8876778
2026-09-07T09:39:00+05:30,15.6,15.6,15.56,15.58,4641522
2026-09-07T09:40:00+05:30,15.58,15.58,15.54,15.57,4538843
2026-09-07T09:41:00+05:30,15.57,15.63,15.57,15.61,5893034
2026-09-07T09:42:00+05:30,15.62,15.62,15.57,15.61,3224208
2026-09-07T09:43:00+05:30,15.6,15.65,15.58,15.62,8093182
2026-09-07T09:44:00+05:30,15.62,15.63,15.6,15.62,2445694
2026-09-07T09:45:00+05:30,15.61,15.62,15.57,15.58,2679929
2026-09-07T09:46:00+05:30,15.57,15.58,15.52,15.52,5976915
2026-09-07T09:47:00+05:30,15.53,15.53,15.46,15.51,10233528
2026-09-07T09:48:00+05:30,15.51,15.54,15.5,15.54,3068001
2026-09-07T09:49:00+05:30,15.54,15.54,15.52,15.54,1918435
2026-09-07T09:50:00+05:30,15.53,15.54,15.52,15.53,1108068
2026-09-07T09:51:00+05:30,15.53,15.54,15.52,15.52,813585
2026-09-07T09:52:00+05:30,15.52,15.55,15.51,15.54,1903677
2026-09-07T09:53:00+05:30,15.54,15.55,15.51,15.52,2089072
2026-09-07T09:54:00+05:30,15.52,15.52,15.49,15.5,2929343
2026-09-07T09:55:00+05:30,15.49,15.51,15.46,15.47,3955166
2026-09-07T09:56:00+05:30,15.47,15.47,15.42,15.43,6686664
2026-09-07T09:57:00+05:30,15.43,15.47,15.43,15.46,1753666
2026-09-07T09:58:00+05:30,15.45,15.46,15.44,15.45,2030767
2026-09-07T09:59:00+05:30,15.45,15.48,15.45,15.47,2112450
2026-09-07T10:00:00+05:30,15.5,15.53,15.48,15.49,3554438
2026-09-07T10:01:00+05:30,15.49,15.49,15.46,15.47,1123239
2026-09-07T10:02:00+05:30,15.47,15.5,15.46,15.47,1007541
2026-09-07T10:03:00+05:30,15.49,15.51,15.47,15.51,1969100
2026-09-07T10:04:00+05:30,15.5,15.51,15.48,15.49,1337078
2026-09-07T10:05:00+05:30,15.49,15.51,15.49,15.5,796809
2026-09-07T10:06:00+05:30,15.5,15.51,15.47,15.48,1146870
2026-09-07T10:07:00+05:30,15.48,15.5,15.48,15.5,1117683
2026-09-07T10:08:00+05:30,15.49,15.5,15.48,15.48,841925
2026-09-07T10:09:00+05:30,15.48,15.49,15.48,15.48,711119
2026-09-07T10:10:00+05:30,15.47,15.5,15.46,15.5,1941174
2026-09-07T10:11:00+05:30,15.5,15.53,15.49,15.5,2636064
2026-09-07T10:12:00+05:30,15.51,15.52,15.49,15.5,1330507
2026-09-07T10:13:00+05:30,15.51,15.54,15.5,15.52,1976164
2026-09-07T10:14:00+05:30,15.53,15.54,15.52,15.52,1000238
2026-09-07T10:15:00+05:30,15.53,15.54,15.52,15.53,837794
2026-09-07T10:16:00+05:30,15.53,15.58,15.53,15.57,4580010
2026-09-07T10:17:00+05:30,15.57,15.58,15.55,15.56,1870342
2026-09-07T10:18:00+05:30,15.56,15.56,15.54,15.55,1622279
2026-09-07T10:19:00+05:30,15.55,15.56,15.54,15.55,2472923
2026-09-07T10:20:00+05:30,15.54,15.54,15.52,15.53,973582
2026-09-07T10:21:00+05:30,15.54,15.55,15.53,15.54,772093
2026-09-07T10:22:00+05:30,15.54,15.55,15.52,15.53,625181
2026-09-07T10:23:00+05:30,15.52,15.53,15.52,15.53,521026
2026-09-07T10:24:00+05:30,15.52,15.53,15.52,15.53,458690
2026-09-07T10:25:00+05:30,15.52,15.58,15.52,15.58,3892779
2026-09-07T10:26:00+05:30,15.57,15.58,15.56,15.57,1139572
2026-09-07T10:27:00+05:30,15.6,15.6,15.58,15.59,4979194
2026-09-07T10:28:00+05:30,15.6,15.6,15.58,15.59,916037
2026-09-07T10:29:00+05:30,15.59,15.59,15.58,15.58,793888
2026-09-07T10:30:00+05:30,15.59,15.59,15.58,15.59,910276
2026-09-07T10:31:00+05:30,15.58,15.59,15.57,15.58,713768
2026-09-07T10:32:00+05:30,15.58,15.58,15.56,15.57,921573
2026-09-07T10:33:00+05:30,15.58,15.58,15.56,15.56,465006
2026-09-07T10:34:00+05:30,15.57,15.6,15.56,15.6,2247592
2026-09-07T10:35:00+05:30,15.59,15.6,15.58,15.6,2744500
2026-09-07T10:36:00+05:30,15.6,15.6,15.57,15.59,1004518
2026-09-07T10:37:00+05:30,15.58,15.59,15.57,15.58,558837
2026-09-07T10:38:00+05:30,15.58,15.58,15.56,15.56,1509128
2026-09-07T10:39:00+05:30,15.56,15.57,15.55,15.57,1057088
2026-09-07T10:40:00+05:30,15.57,15.57,15.54,15.55,2061602
2026-09-07T10:41:00+05:30,15.54,15.55,15.52,15.54,1362795
2026-09-07T10:42:00+05:30,15.53,15.54,15.53,15.53,394698
2026-09-07T10:43:00+05:30,15.54,15.54,15.52,15.53,2076695
2026-09-07T10:44:00+05:30,15.53,15.53,15.5,15.51,1029512
2026-09-07T10:45:00+05:30,15.5,15.52,15.5,15.51,616055
2026-09-07T10:46:00+05:30,15.51,15.52,15.5,15.5,694817
2026-09-07T10:47:00+05:30,15.51,15.51,15.5,15.5,404584
2026-09-07T10:48:00+05:30,15.5,15.51,15.49,15.49,2189758
2026-09-07T10:49:00+05:30,15.49,15.5,15.48,15.49,1152375
2026-09-07T10:50:00+05:30,15.49,15.53,15.49,15.52,1054226
2026-09-07T10:51:00+05:30,15.52,15.53,15.5,15.5,566729
2026-09-07T10:52:00+05:30,15.5,15.51,15.5,15.51,765770
2026-09-07T10:53:00+05:30,15.5,15.52,15.5,15.51,383128
2026-09-07T10:54:00+05:30,15.51,15.51,15.5,15.51,477890
2026-09-07T10:55:00+05:30,15.5,15.52,15.5,15.51,400440
2026-09-07T10:56:00+05:30,15.51,15.51,15.49,15.49,482840
2026-09-07T10:57:00+05:30,15.5,15.51,15.49,15.51,358710
2026-09-07T10:58:00+05:30,15.5,15.51,15.49,15.49,744955
2026-09-07T10:59:00+05:30,15.49,15.51,15.49,15.5,438297
2026-09-07T11:00:00+05:30,15.5,15.51,15.49,15.5,200241
2026-09-07T11:01:00+05:30,15.49,15.5,15.49,15.49,439953
2026-09-07T11:02:00+05:30,15.49,15.53,15.49,15.51,1105271
2026-09-07T11:03:00+05:30,15.52,15.53,15.51,15.53,348009
2026-09-07T11:04:00+05:30,15.53,15.53,15.5,15.51,360542
2026-09-07T11:05:00+05:30,15.5,15.51,15.5,15.51,477967
2026-09-07T11:06:00+05:30,15.52,15.52,15.5,15.51,1468710
2026-09-07T11:07:00+05:30,15.5,15.52,15.5,15.51,552107
2026-09-07T11:08:00+05:30,15.51,15.52,15.5,15.51,379288
2026-09-07T11:09:00+05:30,15.51,15.52,15.51,15.52,379504
2026-09-07T11:10:00+05:30,15.51,15.52,15.5,15.5,441520
2026-09-07T11:11:00+05:30,15.51,15.51,15.48,15.49,2890197
2026-09-07T11:12:00+05:30,15.5,15.5,15.48,15.49,1029728
2026-09-07T11:13:00+05:30,15.48,15.49,15.48,15.48,585936
2026-09-07T11:14:00+05:30,15.49,15.49,15.48,15.49,364377
2026-09-07T11:15:00+05:30,15.49,15.49,15.46,15.47,799966
2026-09-07T11:16:00+05:30,15.46,15.47,15.46,15.47,596705
2026-09-07T11:17:00+05:30,15.46,15.49,15.46,15.49,1138519
2026-09-07T11:18:00+05:30,15.48,15.49,15.48,15.49,313552
2026-09-07T11:19:00+05:30,15.49,15.49,15.48,15.48,403795
2026-09-07T11:20:00+05:30,15.48,15.5,15.48,15.49,442886
2026-09-07T11:21:00+05:30,15.5,15.5,15.48,15.48,523187
2026-09-07T11:22:00+05:30,15.48,15.5,15.48,15.49,229213
2026-09-07T11:23:00+05:30,15.5,15.5,15.49,15.49,331236
2026-09-07T11:24:00+05:30,15.49,15.5,15.49,15.5,374713
2026-09-07T11:25:00+05:30,15.5,15.5,15.49,15.49,468920
2026-09-07T11:26:00+05:30,15.49,15.5,15.48,15.48,782034
2026-09-07T11:27:00+05:30,15.48,15.48,15.47,15.48,1279370
2026-09-07T11:28:00+05:30,15.47,15.49,15.47,15.49,501716
2026-09-07T11:29:00+05:30,15.5,15.5,15.48,15.48,133882
2026-09-07T11:30:00+05:30,15.49,15.49,15.48,15.48,543493
2026-09-07T11:31:00+05:30,15.48,15.48,15.47,15.47,250060
2026-09-07T11:32:00+05:30,15.48,15.48,15.47,15.48,374225
2026-09-07T11:33:00+05:30,15.48,15.49,15.47,15.49,314006
2026-09-07T11:34:00+05:30,15.49,15.5,15.48,15.5,777178
2026-09-07T11:35:00+05:30,15.5,15.5,15.49,15.5,372943
2026-09-07T11:36:00+05:30,15.5,15.5,15.49,15.5,313292
2026-09-07T11:37:00+05:30,15.49,15.49,15.48,15.48,439094
2026-09-07T11:38:00+05:30,15.48,15.49,15.48,15.49,398821
2026-09-07T11:39:00+05:30,15.49,15.49,15.44,15.45,2652457
2026-09-07T11:40:00+05:30,15.45,15.46,15.44,15.44,1175623
2026-09-07T11:41:00+05:30,15.45,15.45,15.44,15.45,740391
2026-09-07T11:42:00+05:30,15.45,15.45,15.44,15.44,1190874
2026-09-07T11:43:00+05:30,15.45,15.48,15.44,15.47,747570
2026-09-07T11:44:00+05:30,15.46,15.47,15.46,15.47,194685
2026-09-07T11:45:00+05:30,15.47,15.49,15.46,15.48,966546
2026-09-07T11:46:00+05:30,15.49,15.52,15.48,15.5,2943805
2026-09-07T11:47:00+05:30,15.5,15.52,15.49,15.5,763907
2026-09-07T11:48:00+05:30,15.49,15.51,15.49,15.5,367415
2026-09-07T11:49:00+05:30,15.5,15.5,15.49,15.5,271642
2026-09-07T11:50:00+05:30,15.49,15.49,15.48,15.48,322697
2026-09-07T11:51:00+05:30,15.47,15.48,15.47,15.47,443842
2026-09-07T11:52:00+05:30,15.47,15.48,15.47,15.47,245877
2026-09-07T11:53:00+05:30,15.47,15.48,15.47,15.47,199696
2026-09-07T11:54:00+05:30,15.47,15.49,15.47,15.47,259051
2026-09-07T11:55:00+05:30,15.47,15.48,15.47,15.48,497382
2026-09-07T11:56:00+05:30,15.48,15.49,15.47,15.47,343292
2026-09-07T11:57:00+05:30,15.47,15.48,15.47,15.47,135925
2026-09-07T11:58:00+05:30,15.47,15.48,15.47,15.47,237524
2026-09-07T11:59:00+05:30,15.47,15.48,15.46,15.47,382750
2026-09-07T12:00:00+05:30,15.47,15.47,15.46,15.46,200828
2026-09-07T12:01:00+05:30,15.46,15.48,15.45,15.46,816824
2026-09-07T12:02:00+05:30,15.46,15.46,15.44,15.44,865530
2026-09-07T12:03:00+05:30,15.44,15.47,15.44,15.46,559753
2026-09-07T12:04:00+05:30,15.46,15.47,15.45,15.47,243858
2026-09-07T12:05:00+05:30,15.46,15.46,15.43,15.45,1428634
2026-09-07T12:06:00+05:30,15.45,15.45,15.44,15.44,213332
2026-09-07T12:07:00+05:30,15.44,15.45,15.44,15.45,357303
2026-09-07T12:08:00+05:30,15.45,15.46,15.44,15.46,383695
2026-09-07T12:09:00+05:30,15.46,15.46,15.45,15.46,197777
2026-09-07T12:10:00+05:30,15.46,15.46,15.45,15.45,433698
2026-09-07T12:11:00+05:30,15.45,15.46,15.45,15.45,108889
2026-09-07T12:12:00+05:30,15.45,15.46,15.45,15.45,328413
2026-09-07T12:13:00+05:30,15.45,15.47,15.45,15.45,289689
2026-09-07T12:14:00+05:30,15.45,15.47,15.45,15.47,184902
2026-09-07T12:15:00+05:30,15.46,15.47,15.46,15.47,220880
2026-09-07T12:16:00+05:30,15.46,15.47,15.46,15.46,234339
2026-09-07T12:17:00+05:30,15.46,15.47,15.43,15.44,1098365
2026-09-07T12:18:00+05:30,15.44,15.45,15.43,15.44,290513
2026-09-07T12:19:00+05:30,15.44,15.45,15.43,15.43,362226
2026-09-07T12:20:00+05:30,15.43,15.44,15.42,15.42,617022
2026-09-07T12:21:00+05:30,15.42,15.43,15.42,15.43,355167
2026-09-07T12:22:00+05:30,15.42,15.43,15.42,15.43,486799
2026-09-07T12:23:00+05:30,15.43,15.43,15.42,15.42,989766
2026-09-07T12:24:00+05:30,15.42,15.43,15.42,15.42,627593
2026-09-07T12:25:00+05:30,15.42,15.43,15.41,15.41,583504
2026-09-07T12:26:00+05:30,15.41,15.42,15.41,15.41,527340
2026-09-07T12:27:00+05:30,15.41,15.43,15.41,15.42,1496777
2026-09-07T12:28:00+05:30,15.42,15.44,15.42,15.43,458776
2026-09-07T12:29:00+05:30,15.43,15.44,15.43,15.43,339285
2026-09-07T12:30:00+05:30,15.43,15.44,15.43,15.44,458885
2026-09-07T12:31:00+05:30,15.44,15.44,15.42,15.44,228765
2026-09-07T12:32:00+05:30,15.44,15.45,15.43,15.44,629451
2026-09-07T12:33:00+05:30,15.44,15.45,15.43,15.44,371469
2026-09-07T12:34:00+05:30,15.44,15.44,15.43,15.43,281809
2026-09-07T12:35:00+05:30,15.43,15.5,15.43,15.48,3597723
2026-09-07T12:36:00+05:30,15.49,15.5,15.45,15.46,2464961
2026-09-07T12:37:00+05:30,15.48,15.48,15.47,15.47,535715
2026-09-07T12:38:00+05:30,15.48,15.49,15.47,15.47,915579
2026-09-07T12:39:00+05:30,15.47,15.47,15.46,15.47,372589
2026-09-07T12:40:00+05:30,15.46,15.47,15.42,15.43,1078831
2026-09-07T12:41:00+05:30,15.42,15.43,15.39,15.4,4597632
2026-09-07T12:42:00+05:30,15.4,15.41,15.39,15.41,1777280
2026-09-07T12:43:00+05:30,15.41,15.41,15.4,15.41,274991
2026-09-07T12:44:00+05:30,15.4,15.41,15.4,15.4,371099
2026-09-07T12:45:00+05:30,15.41,15.41,15.39,15.4,838247
2026-09-07T12:46:00+05:30,15.4,15.41,15.39,15.4,759766
2026-09-07T12:47:00+05:30,15.4,15.41,15.4,15.41,539831
2026-09-07T12:48:00+05:30,15.4,15.42,15.4,15.42,327711
2026-09-07T12:49:00+05:30,15.41,15.43,15.41,15.42,364034
2026-09-07T12:50:00+05:30,15.42,15.44,15.42,15.43,552676
2026-09-07T12:51:00+05:30,15.43,15.44,15.42,15.43,427512
2026-09-07T12:52:00+05:30,15.42,15.44,15.42,15.43,94531
2026-09-07T12:53:00+05:30,15.44,15.44,15.43,15.44,175950
2026-09-07T12:54:00+05:30,15.43,15.44,15.43,15.43,457255
2026-09-07T12:55:00+05:30,15.43,15.44,15.43,15.44,114542
2026-09-07T12:56:00+05:30,15.44,15.44,15.43,15.44,278141
2026-09-07T12:57:00+05:30,15.43,15.45,15.43,15.45,466594
2026-09-07T12:58:00+05:30,15.45,15.45,15.44,15.45,267563
2026-09-07T12:59:00+05:30,15.44,15.45,15.44,15.45,380814
2026-09-07T13:00:00+05:30,15.45,15.45,15.44,15.45,233185
2026-09-07T13:01:00+05:30,15.44,15.45,15.44,15.45,230797
2026-09-07T13:02:00+05:30,15.45,15.45,15.44,15.45,231832
2026-09-07T13:03:00+05:30,15.44,15.45,15.42,15.43,623653
2026-09-07T13:04:00+05:30,15.43,15.44,15.43,15.43,645074
2026-09-07T13:05:00+05:30,15.43,15.44,15.43,15.43,686635
2026-09-07T13:06:00+05:30,15.43,15.44,15.43,15.44,250874
2026-09-07T13:07:00+05:30,15.44,15.44,15.43,15.44,508467
2026-09-07T13:08:00+05:30,15.43,15.47,15.43,15.45,4167409
2026-09-07T13:09:00+05:30,15.45,15.46,15.44,15.45,1456049
2026-09-07T13:10:00+05:30,15.45,15.49,15.45,15.49,1273031
2026-09-07T13:11:00+05:30,15.48,15.49,15.48,15.48,551093
2026-09-07T13:12:00+05:30,15.49,15.52,15.48,15.5,4448286
2026-09-07T13:13:00+05:30,15.51,15.51,15.5,15.51,766553
2026-09-07T13:14:00+05:30,15.51,15.53,15.5,15.52,1881886
2026-09-07T13:15:00+05:30,15.52,15.55,15.52,15.55,4495776
2026-09-07T13:16:00+05:30,15.54,15.55,15.51,15.51,1162879
2026-09-07T13:17:00+05:30,15.52,15.53,15.51,15.52,1689455
2026-09-07T13:18:00+05:30,15.51,15.51,15.49,15.49,2212940
2026-09-07T13:19:00+05:30,15.5,15.5,15.48,15.49,1341476
2026-09-07T13:20:00+05:30,15.5,15.5,15.49,15.49,249995
2026-09-07T13:21:00+05:30,15.5,15.5,15.49,15.49,610078
2026-09-07T13:22:00+05:30,15.5,15.5,15.49,15.49,143125
2026-09-07T13:23:00+05:30,15.49,15.5,15.49,15.49,245553
2026-09-07T13:24:00+05:30,15.49,15.5,15.49,15.5,317234
2026-09-07T13:25:00+05:30,15.49,15.5,15.49,15.5,647620
2026-09-07T13:26:00+05:30,15.49,15.5,15.49,15.49,133712
2026-09-07T13:27:00+05:30,15.49,15.5,15.49,15.49,506444
2026-09-07T13:28:00+05:30,15.49,15.51,15.49,15.5,850157
2026-09-07T13:29:00+05:30,15.51,15.51,15.5,15.5,399707
2026-09-07T13:30:00+05:30,15.51,15.51,15.49,15.51,1195371
2026-09-07T13:31:00+05:30,15.5,15.51,15.5,15.51,546787
2026-09-07T13:32:00+05:30,15.51,15.52,15.5,15.51,595578
2026-09-07T13:33:00+05:30,15.51,15.52,15.5,15.51,377827
2026-09-07T13:34:00+05:30,15.51,15.53,15.5,15.51,1164537
2026-09-07T13:35:00+05:30,15.51,15.52,15.48,15.5,584651
2026-09-07T13:36:00+05:30,15.49,15.49,15.48,15.49,317681
2026-09-07T13:37:00+05:30,15.48,15.49,15.48,15.49,164585
2026-09-07T13:38:00+05:30,15.49,15.5,15.48,15.49,291728
2026-09-07T13:39:00+05:30,15.5,15.55,15.49,15.53,2336424
2026-09-07T13:40:00+05:30,15.53,15.54,15.52,15.53,418856
2026-09-07T13:41:00+05:30,15.52,15.54,15.51,15.52,1351306
2026-09-07T13:42:00+05:30,15.52,15.54,15.52,15.54,628130
2026-09-07T13:43:00+05:30,15.53,15.54,15.52,15.53,607055
2026-09-07T13:44:00+05:30,15.52,15.53,15.52,15.53,485728
2026-09-07T13:45:00+05:30,15.53,15.54,15.52,15.52,1965968
2026-09-07T13:46:00+05:30,15.54,15.6,15.52,15.58,8540291
2026-09-07T13:47:00+05:30,15.58,15.6,15.57,15.59,3221464
2026-09-07T13:48:00+05:30,15.59,15.65,15.58,15.64,8508753
2026-09-07T13:49:00+05:30,15.63,15.65,15.61,15.62,3919786
2026-09-07T13:50:00+05:30,15.62,15.68,15.61,15.66,13829268
2026-09-07T13:51:00+05:30,15.66,15.66,15.61,15.63,4793822
2026-09-07T13:52:00+05:30,15.63,15.64,15.62,15.63,1741671
2026-09-07T13:53:00+05:30,15.62,15.64,15.62,15.62,2838717
2026-09-07T13:54:00+05:30,15.62,15.62,15.58,15.6,2904082
2026-09-07T13:55:00+05:30,15.6,15.63,15.6,15.63,955216
2026-09-07T13:56:00+05:30,15.62,15.65,15.62,15.64,2204704
2026-09-07T13:57:00+05:30,15.64,15.65,15.63,15.64,1119021
2026-09-07T13:58:00+05:30,15.64,15.65,15.61,15.63,1122365
2026-09-07T13:59:00+05:30,15.62,15.64,15.61,15.62,1380681
2026-09-07T14:00:00+05:30,15.62,15.63,15.61,15.63,701110
2026-09-07T14:01:00+05:30,15.62,15.62,15.61,15.62,1139035
2026-09-07T14:02:00+05:30,15.61,15.64,15.61,15.63,1898896
2026-09-07T14:03:00+05:30,15.64,15.64,15.63,15.64,1028158
2026-09-07T14:04:00+05:30,15.63,15.64,15.63,15.64,1194293
2026-09-07T14:05:00+05:30,15.64,15.64,15.62,15.64,882584
2026-09-07T14:06:00+05:30,15.64,15.64,15.62,15.64,694024
2026-09-07T14:07:00+05:30,15.63,15.64,15.62,15.64,938831
2026-09-07T14:08:00+05:30,15.63,15.64,15.62,15.62,645649
2026-09-07T14:09:00+05:30,15.62,15.66,15.62,15.66,6054085
2026-09-07T14:10:00+05:30,15.66,15.67,15.66,15.66,2118420
2026-09-07T14:11:00+05:30,15.65,15.65,15.63,15.65,883729
2026-09-07T14:12:00+05:30,15.64,15.65,15.62,15.64,700606
2026-09-07T14:13:00+05:30,15.63,15.64,15.61,15.62,1844685
2026-09-07T14:14:00+05:30,15.62,15.64,15.62,15.64,987589
2026-09-07T14:15:00+05:30,15.63,15.64,15.63,15.63,637186
2026-09-07T14:16:00+05:30,15.63,15.64,15.6,15.61,2317748
2026-09-07T14:17:00+05:30,15.6,15.61,15.58,15.58,2753491
2026-09-07T14:18:00+05:30,15.59,15.62,15.58,15.61,1691519
2026-09-07T14:19:00+05:30,15.61,15.63,15.61,15.63,1016718
2026-09-07T14:20:00+05:30,15.63,15.63,15.62,15.63,563300
2026-09-07T14:21:00+05:30,15.63,15.63,15.62,15.62,531616
2026-09-07T14:22:00+05:30,15.63,15.63,15.61,15.61,558286
2026-09-07T14:23:00+05:30,15.62,15.63,15.62,15.62,1184136
2026-09-07T14:24:00+05:30,15.63,15.65,15.61,15.65,3177763
2026-09-07T14:25:00+05:30,15.64,15.65,15.63,15.64,1031959
2026-09-07T14:26:00+05:30,15.63,15.64,15.62,15.62,622523
2026-09-07T14:27:00+05:30,15.62,15.63,15.62,15.62,432559
2026-09-07T14:28:00+05:30,15.63,15.64,15.62,15.63,1004594
2026-09-07T14:29:00+05:30,15.64,15.64,15.62,15.63,679225
2026-09-07T14:30:00+05:30,15.63,15.64,15.61,15.64,2024971
2026-09-07T14:31:00+05:30,15.63,15.64,15.61,15.61,1002372
2026-09-07T14:32:00+05:30,15.62,15.63,15.61,15.63,1267920
2026-09-07T14:33:00+05:30,15.63,15.64,15.63,15.64,1081382
2026-09-07T14:34:00+05:30,15.64,15.65,15.64,15.64,879744
2026-09-07T14:35:00+05:30,15.65,15.65,15.63,15.63,1127730
2026-09-07T14:36:00+05:30,15.63,15.65,15.63,15.65,620649
2026-09-07T14:37:00+05:30,15.64,15.65,15.63,15.64,852056
2026-09-07T14:38:00+05:30,15.64,15.64,15.63,15.64,785803
2026-09-07T14:39:00+05:30,15.64,15.64,15.61,15.61,1828464
2026-09-07T14:40:00+05:30,15.63,15.63,15.61,15.62,589435
2026-09-07T14:41:00+05:30,15.62,15.63,15.61,15.63,510845
2026-09-07T14:42:00+05:30,15.63,15.63,15.61,15.61,918557
2026-09-07T14:43:00+05:30,15.61,15.62,15.6,15.61,1409267
2026-09-07T14:44:00+05:30,15.61,15.61,15.59,15.6,2938725
2026-09-07T14:45:00+05:30,15.6,15.6,15.59,15.59,590494
2026-09-07T14:46:00+05:30,15.6,15.6,15.58,15.59,554248
2026-09-07T14:47:00+05:30,15.58,15.6,15.56,15.56,4502072
2026-09-07T14:48:00+05:30,15.57,15.59,15.56,15.58,1856264
2026-09-07T14:49:00+05:30,15.58,15.58,15.57,15.58,956254
2026-09-07T14:50:00+05:30,15.57,15.58,15.56,15.58,648934
2026-09-07T14:51:00+05:30,15.57,15.6,15.57,15.59,1829839
2026-09-07T14:52:00+05:30,15.59,15.6,15.58,15.6,650437
2026-09-07T14:53:00+05:30,15.6,15.6,15.59,15.59,400695
2026-09-07T14:54:00+05:30,15.6,15.61,15.59,15.6,1645914
2026-09-07T14:55:00+05:30,15.61,15.62,15.6,15.62,565254
2026-09-07T14:56:00+05:30,15.63,15.63,15.62,15.62,3711540
2026-09-07T14:57:00+05:30,15.63,15.63,15.6,15.61,1714802
2026-09-07T14:58:00+05:30,15.61,15.62,15.58,15.59,2995060
2026-09-07T14:59:00+05:30,15.6,15.64,15.58,15.63,3316730
2026-09-07T15:00:00+05:30,15.63,15.63,15.61,15.62,1116075
2026-09-07T15:01:00+05:30,15.61,15.63,15.6,15.63,1526806
2026-09-07T15:02:00+05:30,15.63,15.63,15.61,15.61,1193359
2026-09-07T15:03:00+05:30,15.61,15.62,15.6,15.61,3015445
2026-09-07T15:04:00+05:30,15.6,15.63,15.6,15.63,2175873
2026-09-07T15:05:00+05:30,15.62,15.62,15.6,15.61,2798237
2026-09-07T15:06:00+05:30,15.6,15.62,15.6,15.62,2507281
2026-09-07T15:07:00+05:30,15.62,15.63,15.61,15.61,2912820
2026-09-07T15:08:00+05:30,15.62,15.63,15.61,15.63,2098592
2026-09-07T15:09:00+05:30,15.63,15.64,15.62,15.63,5840547
2026-09-07T15:10:00+05:30,15.64,15.64,15.62,15.63,2175570
2026-09-07T15:11:00+05:30,15.64,15.64,15.63,15.63,3363099
2026-09-07T15:12:00+05:30,15.63,15.65,15.63,15.64,18388655
2026-09-07T15:13:00+05:30,15.64,15.65,15.61,15.62,2467761
2026-09-07T15:14:00+05:30,15.63,15.63,15.6,15.62,1958678
2026-09-08T09:15:00+05:30,15.58,15.58,15.44,15.49,9239461
2026-09-08T09:16:00+05:30,15.5,15.53,15.36,15.36,12721227
2026-09-08T09:17:00+05:30,15.35,15.37,15.31,15.33,7286510
2026-09-08T09:18:00+05:30,15.33,15.36,15.31,15.35,5384290
2026-09-08T09:19:00+05:30,15.36,15.4,15.34,15.4,5137699
2026-09-08T09:20:00+05:30,15.38,15.49,15.38,15.48,4560238
2026-09-08T09:21:00+05:30,15.49,15.53,15.48,15.49,5361286
2026-09-08T09:22:00+05:30,15.5,15.51,15.44,15.47,4009558
2026-09-08T09:23:00+05:30,15.48,15.5,15.45,15.48,3226355
2026-09-08T09:24:00+05:30,15.49,15.55,15.49,15.53,6374460
2026-09-08T09:25:00+05:30,15.55,15.56,15.49,15.52,3897155
2026-09-08T09:26:00+05:30,15.5,15.51,15.46,15.46,3000461
2026-09-08T09:27:00+05:30,15.46,15.46,15.41,15.43,3054029
2026-09-08T09:28:00+05:30,15.42,15.43,15.4,15.42,1422754
2026-09-08T09:29:00+05:30,15.42,15.42,15.39,15.41,3650655
2026-09-08T09:30:00+05:30,15.41,15.42,15.37,15.38,2902424
2026-09-08T09:31:00+05:30,15.38,15.39,15.37,15.38,2070023
2026-09-08T09:32:00+05:30,15.37,15.38,15.34,15.35,3336511
2026-09-08T09:33:00+05:30,15.35,15.36,15.33,15.34,2684926
2026-09-08T09:34:00+05:30,15.33,15.34,15.31,15.31,2619618
2026-09-08T09:35:00+05:30,15.33,15.36,15.32,15.36,2732160
2026-09-08T09:36:00+05:30,15.36,15.41,15.35,15.39,1711918
2026-09-08T09:37:00+05:30,15.38,15.38,15.33,15.36,3327087
2026-09-08T09:38:00+05:30,15.36,15.37,15.34,15.36,1011273
2026-09-08T09:39:00+05:30,15.37,15.37,15.36,15.36,867069
2026-09-08T09:40:00+05:30,15.36,15.37,15.36,15.37,928146
2026-09-08T09:41:00+05:30,15.37,15.4,15.36,15.38,1913922
2026-09-08T09:42:00+05:30,15.38,15.39,15.33,15.36,3049521
2026-09-08T09:43:00+05:30,15.35,15.36,15.34,15.35,973771
2026-09-08T09:44:00+05:30,15.35,15.35,15.34,15.35,1218161
2026-09-08T09:45:00+05:30,15.36,15.37,15.35,15.36,1198323
2026-09-08T09:46:00+05:30,15.37,15.38,15.35,15.38,755267
2026-09-08T09:47:00+05:30,15.38,15.42,15.37,15.42,2525632
2026-09-08T09:48:00+05:30,15.42,15.42,15.37,15.38,825010
2026-09-08T09:49:00+05:30,15.38,15.38,15.37,15.38,633468
2026-09-08T09:50:00+05:30,15.38,15.38,15.34,15.36,4553185
2026-09-08T09:51:00+05:30,15.34,15.36,15.34,15.34,1676775
2026-09-08T09:52:00+05:30,15.35,15.44,15.33,15.41,3512957
2026-09-08T09:53:00+05:30,15.4,15.41,15.39,15.41,1442067
2026-09-08T09:54:00+05:30,15.41,15.41,15.4,15.41,382697
2026-09-08T09:55:00+05:30,15.42,15.42,15.4,15.41,1115902
2026-09-08T09:56:00+05:30,15.4,15.41,15.4,15.4,423514
2026-09-08T09:57:00+05:30,15.4,15.41,15.39,15.39,582337
2026-09-08T09:58:00+05:30,15.39,15.45,15.39,15.44,2801272
2026-09-08T09:59:00+05:30,15.42,15.46,15.42,15.43,2375341
2026-09-08T10:00:00+05:30,15.43,15.45,15.42,15.44,1473297
2026-09-08T10:01:00+05:30,15.44,15.46,15.44,15.45,893954
2026-09-08T10:02:00+05:30,15.44,15.45,15.43,15.45,1692497
2026-09-08T10:03:00+05:30,15.45,15.45,15.43,15.43,504835
2026-09-08T10:04:00+05:30,15.44,15.44,15.41,15.43,916747
2026-09-08T10:05:00+05:30,15.43,15.44,15.42,15.43,592882
2026-09-08T10:06:00+05:30,15.43,15.44,15.43,15.43,444165
2026-09-08T10:07:00+05:30,15.44,15.44,15.43,15.44,230323
2026-09-08T10:08:00+05:30,15.43,15.45,15.43,15.44,342350
2026-09-08T10:09:00+05:30,15.44,15.44,15.42,15.43,587701
2026-09-08T10:10:00+05:30,15.42,15.43,15.42,15.43,192986
2026-09-08T10:11:00+05:30,15.43,15.43,15.41,15.42,806269
2026-09-08T10:12:00+05:30,15.43,15.43,15.4,15.4,421450
2026-09-08T10:13:00+05:30,15.41,15.43,15.4,15.43,2193311
2026-09-08T10:14:00+05:30,15.41,15.42,15.4,15.41,603261
2026-09-08T10:15:00+05:30,15.41,15.42,15.41,15.42,250172
2026-09-08T10:16:00+05:30,15.42,15.49,15.42,15.47,4546871
2026-09-08T10:17:00+05:30,15.47,15.48,15.46,15.46,568551
2026-09-08T10:18:00+05:30,15.47,15.48,15.47,15.47,728050
2026-09-08T10:19:00+05:30,15.47,15.5,15.47,15.49,1648565
2026-09-08T10:20:00+05:30,15.49,15.5,15.48,15.49,937075
2026-09-08T10:21:00+05:30,15.49,15.5,15.46,15.46,930124
2026-09-08T10:22:00+05:30,15.46,15.48,15.46,15.47,1204448
2026-09-08T10:23:00+05:30,15.47,15.48,15.46,15.47,296717
2026-09-08T10:24:00+05:30,15.48,15.48,15.46,15.46,509602
2026-09-08T10:25:00+05:30,15.46,15.47,15.44,15.45,1196988
2026-09-08T10:26:00+05:30,15.45,15.45,15.44,15.44,518928
2026-09-08T10:27:00+05:30,15.45,15.45,15.43,15.44,594414
2026-09-08T10:28:00+05:30,15.45,15.45,15.43,15.43,375940
2026-09-08T10:29:00+05:30,15.43,15.44,15.42,15.42,921979
2026-09-08T10:30:00+05:30,15.43,15.44,15.43,15.43,197270
2026-09-08T10:31:00+05:30,15.44,15.45,15.43,15.44,588049
2026-09-08T10:32:00+05:30,15.45,15.45,15.43,15.45,312120
2026-09-08T10:33:00+05:30,15.44,15.45,15.44,15.44,183044
2026-09-08T10:34:00+05:30,15.44,15.45,15.43,15.43,229564
2026-09-08T10:35:00+05:30,15.43,15.44,15.43,15.43,361409
2026-09-08T10:36:00+05:30,15.43,15.44,15.42,15.43,328418
2026-09-08T10:37:00+05:30,15.42,15.43,15.38,15.4,4224038
2026-09-08T10:38:00+05:30,15.39,15.4,15.39,15.4,831355
2026-09-08T10:39:00+05:30,15.4,15.4,15.39,15.39,1489728
2026-09-08T10:40:00+05:30,15.4,15.4,15.37,15.38,475758
2026-09-08T10:41:00+05:30,15.38,15.38,15.37,15.37,300118
2026-09-08T10:42:00+05:30,15.37,15.38,15.37,15.38,228483
2026-09-08T10:43:00+05:30,15.38,15.4,15.36,15.4,1262644
2026-09-08T10:44:00+05:30,15.39,15.41,15.39,15.4,505513
2026-09-08T10:45:00+05:30,15.39,15.43,15.39,15.43,651541
2026-09-08T10:46:00+05:30,15.42,15.44,15.42,15.43,806404
2026-09-08T10:47:00+05:30,15.44,15.44,15.43,15.43,273023
2026-09-08T10:48:00+05:30,15.43,15.44,15.43,15.43,167740
2026-09-08T10:49:00+05:30,15.43,15.44,15.42,15.43,108204
2026-09-08T10:50:00+05:30,15.44,15.44,15.43,15.44,415476
2026-09-08T10:51:00+05:30,15.44,15.44,15.43,15.43,246423
2026-09-08T10:52:00+05:30,15.43,15.44,15.43,15.44,203909
2026-09-08T10:53:00+05:30,15.43,15.44,15.42,15.42,866834
2026-09-08T10:54:00+05:30,15.42,15.43,15.42,15.43,126728
2026-09-08T10:55:00+05:30,15.42,15.43,15.4,15.4,326628
2026-09-08T10:56:00+05:30,15.4,15.41,15.37,15.4,2894169
2026-09-08T10:57:00+05:30,15.39,15.4,15.38,15.38,258234
2026-09-08T10:58:00+05:30,15.4,15.4,15.38,15.38,603121
2026-09-08T10:59:00+05:30,15.38,15.4,15.38,15.39,534576
2026-09-08T11:00:00+05:30,15.4,15.4,15.38,15.39,239697
2026-09-08T11:01:00+05:30,15.38,15.39,15.38,15.38,360722
2026-09-08T11:02:00+05:30,15.38,15.41,15.38,15.4,706096
2026-09-08T11:03:00+05:30,15.4,15.41,15.4,15.41,140891
2026-09-08T11:04:00+05:30,15.41,15.41,15.4,15.4,117932
2026-09-08T11:05:00+05:30,15.41,15.41,15.4,15.41,173127
2026-09-08T11:06:00+05:30,15.4,15.41,15.4,15.4,55659
2026-09-08T11:07:00+05:30,15.41,15.42,15.4,15.42,130488
2026-09-08T11:08:00+05:30,15.41,15.43,15.41,15.41,276124
2026-09-08T11:09:00+05:30,15.41,15.43,15.41,15.43,799117
2026-09-08T11:10:00+05:30,15.42,15.45,15.42,15.44,1109609
2026-09-08T11:11:00+05:30,15.44,15.47,15.44,15.47,1754551
2026-09-08T11:12:00+05:30,15.47,15.47,15.46,15.46,539911
2026-09-08T11:13:00+05:30,15.47,15.49,15.45,15.48,1759832
2026-09-08T11:14:00+05:30,15.48,15.49,15.47,15.48,859329
2026-09-08T11:15:00+05:30,15.48,15.49,15.47,15.49,1005737
2026-09-08T11:16:00+05:30,15.49,15.49,15.47,15.47,439191
2026-09-08T11:17:00+05:30,15.48,15.48,15.46,15.46,526090
2026-09-08T11:18:00+05:30,15.47,15.48,15.46,15.47,650413
2026-09-08T11:19:00+05:30,15.48,15.48,15.46,15.46,167397
2026-09-08T11:20:00+05:30,15.46,15.47,15.46,15.46,139819
2026-09-08T11:21:00+05:30,15.46,15.47,15.45,15.46,223704
2026-09-08T11:22:00+05:30,15.46,15.47,15.46,15.47,364612
2026-09-08T11:23:00+05:30,15.47,15.47,15.46,15.46,614842
2026-09-08T11:24:00+05:30,15.46,15.47,15.46,15.47,334124
2026-09-08T11:25:00+05:30,15.46,15.49,15.46,15.49,1807922
2026-09-08T11:26:00+05:30,15.49,15.49,15.47,15.49,257929
2026-09-08T11:27:00+05:30,15.48,15.49,15.47,15.48,418841
2026-09-08T11:28:00+05:30,15.48,15.5,15.47,15.49,2726396
2026-09-08T11:29:00+05:30,15.5,15.5,15.48,15.48,406642
2026-09-08T11:30:00+05:30,15.48,15.49,15.48,15.49,518049
2026-09-08T11:31:00+05:30,15.49,15.5,15.48,15.5,309445
2026-09-08T11:32:00+05:30,15.49,15.5,15.48,15.49,412162
2026-09-08T11:33:00+05:30,15.49,15.49,15.48,15.49,340638
2026-09-08T11:34:00+05:30,15.49,15.5,15.48,15.5,304573
2026-09-08T11:35:00+05:30,15.5,15.5,15.48,15.48,461962
2026-09-08T11:36:00+05:30,15.49,15.49,15.48,15.48,274435
2026-09-08T11:37:00+05:30,15.48,15.49,15.48,15.48,325460
2026-09-08T11:38:00+05:30,15.48,15.49,15.47,15.47,358539
2026-09-08T11:39:00+05:30,15.48,15.48,15.47,15.48,166571
2026-09-08T11:40:00+05:30,15.48,15.51,15.47,15.51,3753598
2026-09-08T11:41:00+05:30,15.51,15.52,15.5,15.52,864696
2026-09-08T11:42:00+05:30,15.52,15.53,15.51,15.52,1087889
2026-09-08T11:43:00+05:30,15.53,15.53,15.48,15.49,1144344
2026-09-08T11:44:00+05:30,15.49,15.5,15.49,15.49,212433
2026-09-08T11:45:00+05:30,15.49,15.5,15.48,15.49,258009
2026-09-08T11:46:00+05:30,15.49,15.49,15.48,15.49,806383
2026-09-08T11:47:00+05:30,15.49,15.5,15.47,15.5,649774
2026-09-08T11:48:00+05:30,15.5,15.53,15.49,15.53,1786290
2026-09-08T11:49:00+05:30,15.53,15.53,15.52,15.52,993235
2026-09-08T11:50:00+05:30,15.52,15.53,15.52,15.52,325906
2026-09-08T11:51:00+05:30,15.52,15.53,15.5,15.51,398955
2026-09-08T11:52:00+05:30,15.51,15.51,15.5,15.51,786318
2026-09-08T11:53:00+05:30,15.51,15.51,15.5,15.51,811181
2026-09-08T11:54:00+05:30,15.51,15.51,15.5,15.51,172925
2026-09-08T11:55:00+05:30,15.51,15.52,15.5,15.52,540536
2026-09-08T11:56:00+05:30,15.52,15.52,15.51,15.51,182746
2026-09-08T11:57:00+05:30,15.51,15.52,15.51,15.52,239610
2026-09-08T11:58:00+05:30,15.51,15.52,15.5,15.51,424302
2026-09-08T11:59:00+05:30,15.51,15.51,15.5,15.5,246356
2026-09-08T12:00:00+05:30,15.5,15.51,15.49,15.5,302862
2026-09-08T12:01:00+05:30,15.5,15.51,15.49,15.5,848300
2026-09-08T12:02:00+05:30,15.5,15.5,15.49,15.49,338269
2026-09-08T12:03:00+05:30,15.49,15.5,15.49,15.5,112965
2026-09-08T12:04:00+05:30,15.5,15.5,15.48,15.49,762272
2026-09-08T12:05:00+05:30,15.49,15.49,15.47,15.47,421562
2026-09-08T12:06:00+05:30,15.47,15.48,15.47,15.47,106873
2026-09-08T12:07:00+05:30,15.48,15.48,15.47,15.48,176457
2026-09-08T12:08:00+05:30,15.48,15.48,15.47,15.47,208097
2026-09-08T12:09:00+05:30,15.47,15.48,15.46,15.46,403477
2026-09-08T12:10:00+05:30,15.47,15.48,15.46,15.48,450628
2026-09-08T12:11:00+05:30,15.47,15.48,15.47,15.48,101927
2026-09-08T12:12:00+05:30,15.47,15.48,15.47,15.47,1207731
2026-09-08T12:13:00+05:30,15.48,15.48,15.46,15.47,145387
2026-09-08T12:14:00+05:30,15.46,15.47,15.46,15.46,182415
2026-09-08T12:15:00+05:30,15.46,15.48,15.46,15.48,148472
2026-09-08T12:16:00+05:30,15.48,15.48,15.47,15.48,71938
2026-09-08T12:17:00+05:30,15.48,15.48,15.47,15.48,153964
2026-09-08T12:18:00+05:30,15.48,15.48,15.47,15.48,1226128
2026-09-08T12:19:00+05:30,15.48,15.48,15.46,15.47,104209
2026-09-08T12:20:00+05:30,15.47,15.47,15.46,15.47,131231
2026-09-08T12:21:00+05:30,15.47,15.48,15.46,15.48,298071
2026-09-08T12:22:00+05:30,15.48,15.48,15.47,15.48,256325
2026-09-08T12:23:00+05:30,15.48,15.48,15.47,15.48,165407
2026-09-08T12:24:00+05:30,15.48,15.48,15.47,15.48,135044
2026-09-08T12:25:00+05:30,15.48,15.49,15.47,15.49,251581
2026-09-08T12:26:00+05:30,15.49,15.49,15.47,15.48,522506
2026-09-08T12:27:00+05:30,15.48,15.48,15.47,15.48,533465
2026-09-08T12:28:00+05:30,15.48,15.48,15.45,15.46,1234579
2026-09-08T12:29:00+05:30,15.46,15.47,15.45,15.47,844084
2026-09-08T12:30:00+05:30,15.47,15.48,15.46,15.47,131071
2026-09-08T12:31:00+05:30,15.48,15.5,15.47,15.49,462657
2026-09-08T12:32:00+05:30,15.48,15.5,15.48,15.49,539146
2026-09-08T12:33:00+05:30,15.5,15.5,15.48,15.49,885906
2026-09-08T12:34:00+05:30,15.49,15.54,15.49,15.52,2330630
2026-09-08T12:35:00+05:30,15.52,15.52,15.5,15.52,354972
2026-09-08T12:36:00+05:30,15.52,15.52,15.51,15.51,472478
2026-09-08T12:37:00+05:30,15.51,15.51,15.49,15.5,1096402
2026-09-08T12:38:00+05:30,15.5,15.5,15.49,15.5,204466
2026-09-08T12:39:00+05:30,15.5,15.5,15.48,15.49,360101
2026-09-08T12:40:00+05:30,15.49,15.49,15.47,15.48,334682
2026-09-08T12:41:00+05:30,15.47,15.48,15.47,15.48,117552
2026-09-08T12:42:00+05:30,15.48,15.48,15.47,15.48,296116
2026-09-08T12:43:00+05:30,15.48,15.49,15.47,15.49,695953
2026-09-08T12:44:00+05:30,15.49,15.49,15.48,15.49,362021
2026-09-08T12:45:00+05:30,15.48,15.5,15.48,15.5,567914
2026-09-08T12:46:00+05:30,15.5,15.5,15.49,15.49,168443
2026-09-08T12:47:00+05:30,15.5,15.5,15.49,15.49,91462
2026-09-08T12:48:00+05:30,15.49,15.5,15.49,15.49,136760
2026-09-08T12:49:00+05:30,15.49,15.5,15.49,15.5,240689
2026-09-08T12:50:00+05:30,15.5,15.5,15.49,15.5,55023
2026-09-08T12:51:00+05:30,15.5,15.5,15.49,15.5,113252
2026-09-08T12:52:00+05:30,15.5,15.5,15.48,15.49,778545
2026-09-08T12:53:00+05:30,15.5,15.5,15.49,15.5,209699
2026-09-08T12:54:00+05:30,15.5,15.5,15.49,15.49,435269
2026-09-08T12:55:00+05:30,15.49,15.5,15.49,15.5,47358
2026-09-08T12:56:00+05:30,15.5,15.5,15.49,15.5,99943
2026-09-08T12:57:00+05:30,15.5,15.5,15.48,15.49,118501
2026-09-08T12:58:00+05:30,15.5,15.5,15.49,15.5,187411
2026-09-08T12:59:00+05:30,15.5,15.51,15.49,15.51,163464
2026-09-08T13:00:00+05:30,15.51,15.53,15.5,15.53,1489257
2026-09-08T13:01:00+05:30,15.53,15.53,15.5,15.52,329466
2026-09-08T13:02:00+05:30,15.52,15.53,15.51,15.52,348854
2026-09-08T13:03:00+05:30,15.52,15.53,15.52,15.53,195999
2026-09-08T13:04:00+05:30,15.53,15.53,15.52,15.52,210142
2026-09-08T13:05:00+05:30,15.53,15.53,15.51,15.51,290614
2026-09-08T13:06:00+05:30,15.51,15.53,15.51,15.52,447400
2026-09-08T13:07:00+05:30,15.52,15.53,15.52,15.53,375257
2026-09-08T13:08:00+05:30,15.53,15.53,15.52,15.53,251212
2026-09-08T13:09:00+05:30,15.53,15.53,15.51,15.52,189157
2026-09-08T13:10:00+05:30,15.52,15.53,15.51,15.53,1024046
2026-09-08T13:11:00+05:30,15.52,15.53,15.52,15.53,147976
2026-09-08T13:12:00+05:30,15.52,15.53,15.52,15.53,209528
2026-09-08T13:13:00+05:30,15.53,15.53,15.51,15.53,1777908
2026-09-08T13:14:00+05:30,15.53,15.53,15.51,15.52,208684
2026-09-08T13:15:00+05:30,15.52,15.52,15.51,15.52,877346
2026-09-08T13:16:00+05:30,15.52,15.52,15.5,15.51,535872
2026-09-08T13:17:00+05:30,15.51,15.51,15.5,15.51,93580
2026-09-08T13:18:00+05:30,15.51,15.52,15.5,15.51,332807
2026-09-08T13:19:00+05:30,15.51,15.52,15.5,15.51,312333
2026-09-08T13:20:00+05:30,15.51,15.51,15.5,15.51,374090
2026-09-08T13:21:00+05:30,15.51,15.51,15.5,15.51,56044
2026-09-08T13:22:00+05:30,15.5,15.51,15.5,15.51,108692
2026-09-08T13:23:00+05:30,15.51,15.51,15.5,15.51,304325
2026-09-08T13:24:00+05:30,15.51,15.52,15.51,15.52,220989
2026-09-08T13:25:00+05:30,15.52,15.52,15.5,15.51,97239
2026-09-08T13:26:00+05:30,15.51,15.52,15.5,15.51,230090
2026-09-08T13:27:00+05:30,15.5,15.51,15.5,15.51,100791
2026-09-08T13:28:00+05:30,15.51,15.52,15.5,15.52,141362
2026-09-08T13:29:00+05:30,15.52,15.52,15.51,15.52,206038
2026-09-08T13:30:00+05:30,15.52,15.52,15.5,15.5,203315
2026-09-08T13:31:00+05:30,15.5,15.51,15.5,15.51,72655
2026-09-08T13:32:00+05:30,15.5,15.51,15.49,15.49,1022741
2026-09-08T13:33:00+05:30,15.49,15.5,15.48,15.49,361912
2026-09-08T13:34:00+05:30,15.5,15.5,15.49,15.5,149634
2026-09-08T13:35:00+05:30,15.5,15.5,15.48,15.49,718308
2026-09-08T13:36:00+05:30,15.49,15.49,15.48,15.48,167899
2026-09-08T13:37:00+05:30,15.49,15.49,15.48,15.48,413445
2026-09-08T13:38:00+05:30,15.48,15.49,15.46,15.46,3417463
2026-09-08T13:39:00+05:30,15.45,15.46,15.45,15.45,398725
2026-09-08T13:40:00+05:30,15.45,15.47,15.45,15.45,783394
2026-09-08T13:41:00+05:30,15.45,15.46,15.45,15.45,180997
2026-09-08T13:42:00+05:30,15.45,15.47,15.45,15.47,348697
2026-09-08T13:43:00+05:30,15.47,15.5,15.46,15.49,692370
2026-09-08T13:44:00+05:30,15.49,15.5,15.48,15.49,489990
2026-09-08T13:45:00+05:30,15.48,15.49,15.47,15.48,200083
2026-09-08T13:46:00+05:30,15.48,15.49,15.47,15.49,245349
2026-09-08T13:47:00+05:30,15.48,15.49,15.48,15.49,48639
2026-09-08T13:48:00+05:30,15.49,15.49,15.47,15.47,199913
2026-09-08T13:49:00+05:30,15.49,15.49,15.47,15.47,149796
2026-09-08T13:50:00+05:30,15.47,15.48,15.47,15.48,195472
2026-09-08T13:51:00+05:30,15.48,15.48,15.46,15.47,773820
2026-09-08T13:52:00+05:30,15.46,15.47,15.41,15.43,4248550
2026-09-08T13:53:00+05:30,15.42,15.43,15.41,15.42,1084476
2026-09-08T13:54:00+05:30,15.41,15.42,15.4,15.41,3368067
2026-09-08T13:55:00+05:30,15.41,15.41,15.38,15.39,1630383
2026-09-08T13:56:00+05:30,15.38,15.39,15.38,15.39,1069320
2026-09-08T13:57:00+05:30,15.38,15.39,15.37,15.39,1563986
2026-09-08T13:58:00+05:30,15.38,15.39,15.37,15.38,741147
2026-09-08T13:59:00+05:30,15.38,15.39,15.37,15.38,768224
2026-09-08T14:00:00+05:30,15.37,15.38,15.37,15.37,406696
2026-09-08T14:01:00+05:30,15.37,15.4,15.37,15.39,1068939
2026-09-08T14:02:00+05:30,15.39,15.4,15.38,15.4,420121
2026-09-08T14:03:00+05:30,15.4,15.44,15.39,15.42,1150496
2026-09-08T14:04:00+05:30,15.43,15.44,15.42,15.44,819491
2026-09-08T14:05:00+05:30,15.42,15.44,15.42,15.43,195356
2026-09-08T14:06:00+05:30,15.43,15.44,15.39,15.4,1715799
2026-09-08T14:07:00+05:30,15.4,15.42,15.39,15.41,799287
2026-09-08T14:08:00+05:30,15.41,15.42,15.4,15.41,578931
2026-09-08T14:09:00+05:30,15.41,15.43,15.41,15.43,465076
2026-09-08T14:10:00+05:30,15.43,15.43,15.42,15.42,212456
2026-09-08T14:11:00+05:30,15.43,15.43,15.41,15.42,183622
2026-09-08T14:12:00+05:30,15.42,15.42,15.41,15.41,384726
2026-09-08T14:13:00+05:30,15.41,15.42,15.41,15.41,279193
2026-09-08T14:14:00+05:30,15.41,15.43,15.41,15.41,784661
2026-09-08T14:15:00+05:30,15.41,15.41,15.4,15.4,237126
2026-09-08T14:16:00+05:30,15.4,15.44,15.4,15.43,932448
2026-09-08T14:17:00+05:30,15.44,15.44,15.43,15.44,267451
2026-09-08T14:18:00+05:30,15.43,15.44,15.43,15.44,173997
2026-09-08T14:19:00+05:30,15.44,15.44,15.43,15.44,137050
2026-09-08T14:20:00+05:30,15.43,15.44,15.42,15.42,310135
2026-09-08T14:21:00+05:30,15.43,15.44,15.42,15.44,366114
2026-09-08T14:22:00+05:30,15.44,15.44,15.42,15.43,558928
2026-09-08T14:23:00+05:30,15.43,15.44,15.42,15.42,281197
2026-09-08T14:24:00+05:30,15.42,15.43,15.42,15.43,63664
2026-09-08T14:25:00+05:30,15.42,15.43,15.42,15.42,204238
2026-09-08T14:26:00+05:30,15.43,15.44,15.42,15.44,467204
2026-09-08T14:27:00+05:30,15.44,15.44,15.43,15.44,342918
2026-09-08T14:28:00+05:30,15.44,15.44,15.43,15.44,217797
2026-09-08T14:29:00+05:30,15.43,15.44,15.43,15.44,140131
2026-09-08T14:30:00+05:30,15.42,15.44,15.42,15.43,850072
2026-09-08T14:31:00+05:30,15.44,15.45,15.43,15.44,1417752
2026-09-08T14:32:00+05:30,15.45,15.46,15.45,15.45,694210
2026-09-08T14:33:00+05:30,15.46,15.46,15.45,15.45,604722
2026-09-08T14:34:00+05:30,15.45,15.48,15.45,15.48,639801
2026-09-08T14:35:00+05:30,15.48,15.48,15.46,15.46,634482
2026-09-08T14:36:00+05:30,15.46,15.47,15.46,15.47,207383
2026-09-08T14:37:00+05:30,15.46,15.49,15.46,15.49,1837518
2026-09-08T14:38:00+05:30,15.48,15.49,15.47,15.47,241315
2026-09-08T14:39:00+05:30,15.47,15.48,15.47,15.48,785228
2026-09-08T14:40:00+05:30,15.48,15.48,15.46,15.47,489915
2026-09-08T14:41:00+05:30,15.47,15.48,15.46,15.48,685659
2026-09-08T14:42:00+05:30,15.48,15.48,15.47,15.47,160858
2026-09-08T14:43:00+05:30,15.48,15.48,15.46,15.47,566604
2026-09-08T14:44:00+05:30,15.48,15.5,15.47,15.49,2183233
2026-09-08T14:45:00+05:30,15.49,15.49,15.47,15.47,548411
2026-09-08T14:46:00+05:30,15.48,15.48,15.46,15.47,827671
2026-09-08T14:47:00+05:30,15.47,15.48,15.46,15.47,616216
2026-09-08T14:48:00+05:30,15.48,15.48,15.45,15.46,882039
2026-09-08T14:49:00+05:30,15.45,15.47,15.43,15.43,1835512
2026-09-08T14:50:00+05:30,15.43,15.48,15.43,15.44,1611259
2026-09-08T14:51:00+05:30,15.44,15.45,15.43,15.44,382741
2026-09-08T14:52:00+05:30,15.45,15.45,15.43,15.44,410245
2026-09-08T14:53:00+05:30,15.43,15.44,15.43,15.44,542097
2026-09-08T14:54:00+05:30,15.43,15.45,15.43,15.45,602416
2026-09-08T14:55:00+05:30,15.45,15.45,15.44,15.45,269426
2026-09-08T14:56:00+05:30,15.44,15.45,15.44,15.45,557424
2026-09-08T14:57:00+05:30,15.44,15.45,15.44,15.45,699889
2026-09-08T14:58:00+05:30,15.45,15.46,15.44,15.44,946033
2026-09-08T14:59:00+05:30,15.44,15.46,15.44,15.44,1174593
2026-09-08T15:00:00+05:30,15.45,15.45,15.44,15.44,352273
2026-09-08T15:01:00+05:30,15.45,15.46,15.44,15.45,1679504
2026-09-08T15:02:00+05:30,15.45,15.46,15.44,15.45,1411336
2026-09-08T15:03:00+05:30,15.46,15.46,15.44,15.44,2077364
2026-09-08T15:04:00+05:30,15.44,15.46,15.44,15.46,1760353
2026-09-08T15:05:00+05:30,15.46,15.46,15.44,15.44,1760624
2026-09-08T15:06:00+05:30,15.44,15.46,15.44,15.46,993412
2026-09-08T15:07:00+05:30,15.45,15.46,15.44,15.44,2706922
2026-09-08T15:08:00+05:30,15.44,15.45,15.43,15.44,1152602
2026-09-08T15:09:00+05:30,15.44,15.45,15.43,15.44,2473236
2026-09-08T15:10:00+05:30,15.44,15.45,15.43,15.43,1190296
2026-09-08T15:11:00+05:30,15.43,15.45,15.42,15.43,2769016
2026-09-08T15:12:00+05:30,15.43,15.44,15.41,15.43,4099727
2026-09-08T15:13:00+05:30,15.43,15.43,15.41,15.42,3356797
2026-09-08T15:14:00+05:30,15.42,15.43,15.4,15.42,2304892
2026-09-09T09:15:00+05:30,15.36,15.38,15.25,15.37,7140950
2026-09-09T09:16:00+05:30,15.37,15.41,15.33,15.37,7998374
2026-09-09T09:17:00+05:30,15.36,15.39,15.28,15.29,5807349
2026-09-09T09:18:00+05:30,15.29,15.29,15.23,15.25,7831596
2026-09-09T09:19:00+05:30,15.26,15.28,15.21,15.23,6853711
2026-09-09T09:20:00+05:30,15.23,15.26,15.21,15.24,3457914
2026-09-09T09:21:00+05:30,15.24,15.24,15.2,15.24,3397906
2026-09-09T09:22:00+05:30,15.24,15.25,15.23,15.24,1279691
2026-09-09T09:23:00+05:30,15.24,15.26,15.23,15.26,1640042
2026-09-09T09:24:00+05:30,15.26,15.26,15.25,15.26,1452369
2026-09-09T09:25:00+05:30,15.26,15.28,15.26,15.28,1879280
2026-09-09T09:26:00+05:30,15.28,15.29,15.27,15.28,1350490
2026-09-09T09:27:00+05:30,15.28,15.28,15.24,15.27,2884319
2026-09-09T09:28:00+05:30,15.27,15.29,15.26,15.28,1925515
2026-09-09T09:29:00+05:30,15.28,15.29,15.27,15.28,595198
2026-09-09T09:30:00+05:30,15.28,15.28,15.27,15.28,967701
2026-09-09T09:31:00+05:30,15.28,15.28,15.27,15.27,567134
2026-09-09T09:32:00+05:30,15.27,15.28,15.26,15.27,1588534
2026-09-09T09:33:00+05:30,15.27,15.34,15.27,15.29,3815280
2026-09-09T09:34:00+05:30,15.29,15.32,15.28,15.3,2382185
2026-09-09T09:35:00+05:30,15.3,15.3,15.23,15.24,2623810
2026-09-09T09:36:00+05:30,15.23,15.26,15.23,15.26,1218419
2026-09-09T09:37:00+05:30,15.26,15.28,15.25,15.28,1178355
2026-09-09T09:38:00+05:30,15.28,15.28,15.26,15.26,713511
2026-09-09T09:39:00+05:30,15.26,15.26,15.23,15.23,1636332
2026-09-09T09:40:00+05:30,15.23,15.26,15.23,15.26,1399614
2026-09-09T09:41:00+05:30,15.25,15.26,15.25,15.26,238876
2026-09-09T09:42:00+05:30,15.26,15.26,15.25,15.25,402719
2026-09-09T09:43:00+05:30,15.26,15.26,15.25,15.25,419005
2026-09-09T09:44:00+05:30,15.25,15.29,15.25,15.28,1386210
2026-09-09T09:45:00+05:30,15.29,15.3,15.28,15.3,846555
2026-09-09T09:46:00+05:30,15.3,15.3,15.29,15.29,622061
2026-09-09T09:47:00+05:30,15.28,15.29,15.27,15.27,1534327
2026-09-09T09:48:00+05:30,15.27,15.28,15.25,15.25,1143087
2026-09-09T09:49:00+05:30,15.26,15.27,15.25,15.27,517431
2026-09-09T09:50:00+05:30,15.27,15.27,15.25,15.25,361693
2026-09-09T09:51:00+05:30,15.26,15.26,15.23,15.23,1705709
2026-09-09T09:52:00+05:30,15.23,15.26,15.23,15.26,1018421
2026-09-09T09:53:00+05:30,15.25,15.26,15.24,15.26,306207
2026-09-09T09:54:00+05:30,15.26,15.27,15.25,15.25,656836
2026-09-09T09:55:00+05:30,15.26,15.31,15.25,15.3,2318989
2026-09-09T09:56:00+05:30,15.29,15.33,15.28,15.3,2075907
2026-09-09T09:57:00+05:30,15.31,15.31,15.3,15.31,611483
2026-09-09T09:58:00+05:30,15.3,15.31,15.28,15.3,1297859
2026-09-09T09:59:00+05:30,15.3,15.3,15.26,15.28,932529
2026-09-09T10:00:00+05:30,15.28,15.28,15.26,15.26,398291
2026-09-09T10:01:00+05:30,15.26,15.29,15.26,15.28,830312
2026-09-09T10:02:00+05:30,15.29,15.38,15.29,15.35,7584079
2026-09-09T10:03:00+05:30,15.34,15.34,15.32,15.33,1044808
2026-09-09T10:04:00+05:30,15.33,15.33,15.31,15.32,965381
2026-09-09T10:05:00+05:30,15.32,15.35,15.31,15.35,1129184
2026-09-09T10:06:00+05:30,15.34,15.35,15.33,15.33,783047
2026-09-09T10:07:00+05:30,15.34,15.35,15.33,15.33,2175539
2026-09-09T10:08:00+05:30,15.33,15.34,15.33,15.34,220868
2026-09-09T10:09:00+05:30,15.34,15.34,15.31,15.31,1422126
2026-09-09T10:10:00+05:30,15.32,15.32,15.31,15.31,161106
2026-09-09T10:11:00+05:30,15.31,15.32,15.31,15.32,108565
2026-09-09T10:12:00+05:30,15.31,15.34,15.31,15.34,700091
2026-09-09T10:13:00+05:30,15.34,15.34,15.33,15.33,330681
2026-09-09T10:14:00+05:30,15.33,15.34,15.32,15.34,620862
2026-09-09T10:15:00+05:30,15.34,15.36,15.33,15.34,2029242
2026-09-09T10:16:00+05:30,15.35,15.35,15.34,15.35,636647
2026-09-09T10:17:00+05:30,15.34,15.36,15.34,15.36,700709
2026-09-09T10:18:00+05:30,15.36,15.36,15.35,15.36,742596
2026-09-09T10:19:00+05:30,15.36,15.38,15.35,15.38,1236013
2026-09-09T10:20:00+05:30,15.37,15.38,15.37,15.38,770609
2026-09-09T10:21:00+05:30,15.38,15.39,15.36,15.37,1874632
2026-09-09T10:22:00+05:30,15.38,15.39,15.38,15.39,749770
2026-09-09T10:23:00+05:30,15.38,15.39,15.37,15.38,877375
2026-09-09T10:24:00+05:30,15.38,15.39,15.38,15.38,518074
2026-09-09T10:25:00+05:30,15.39,15.39,15.37,15.38,1445568
2026-09-09T10:26:00+05:30,15.38,15.38,15.37,15.38,162695
2026-09-09T10:27:00+05:30,15.38,15.46,15.37,15.45,5447615
2026-09-09T10:28:00+05:30,15.46,15.48,15.44,15.44,2460756
2026-09-09T10:29:00+05:30,15.45,15.46,15.44,15.45,1098177
2026-09-09T10:30:00+05:30,15.46,15.46,15.44,15.45,1712867
2026-09-09T10:31:00+05:30,15.45,15.46,15.44,15.44,1233254
2026-09-09T10:32:00+05:30,15.45,15.45,15.42,15.43,1759273
2026-09-09T10:33:00+05:30,15.42,15.45,15.42,15.45,990107
2026-09-09T10:34:00+05:30,15.45,15.46,15.44,15.45,904065
2026-09-09T10:35:00+05:30,15.44,15.45,15.43,15.44,1502675
2026-09-09T10:36:00+05:30,15.44,15.46,15.43,15.46,973559
2026-09-09T10:37:00+05:30,15.45,15.48,15.45,15.47,2067487
2026-09-09T10:38:00+05:30,15.46,15.48,15.46,15.47,956926
2026-09-09T10:39:00+05:30,15.48,15.48,15.46,15.47,1273782
2026-09-09T10:40:00+05:30,15.47,15.48,15.47,15.47,801897
2026-09-09T10:41:00+05:30,15.47,15.48,15.46,15.47,899686
2026-09-09T10:42:00+05:30,15.48,15.49,15.44,15.45,2146738
2026-09-09T10:43:00+05:30,15.45,15.45,15.43,15.43,574840
2026-09-09T10:44:00+05:30,15.44,15.49,15.43,15.48,3181692
2026-09-09T10:45:00+05:30,15.49,15.53,15.47,15.51,5050560
2026-09-09T10:46:00+05:30,15.5,15.53,15.49,15.49,1430311
2026-09-09T10:47:00+05:30,15.49,15.5,15.48,15.5,1001323
2026-09-09T10:48:00+05:30,15.5,15.55,15.49,15.53,3131230
2026-09-09T10:49:00+05:30,15.53,15.54,15.48,15.48,1921951
2026-09-09T10:50:00+05:30,15.48,15.5,15.48,15.49,654800
2026-09-09T10:51:00+05:30,15.49,15.52,15.49,15.52,706873
2026-09-09T10:52:00+05:30,15.52,15.52,15.49,15.51,741327
2026-09-09T10:53:00+05:30,15.52,15.52,15.51,15.52,363599
2026-09-09T10:54:00+05:30,15.52,15.52,15.49,15.5,740954
2026-09-09T10:55:00+05:30,15.49,15.5,15.48,15.49,343472
2026-09-09T10:56:00+05:30,15.49,15.5,15.49,15.49,302482
2026-09-09T10:57:00+05:30,15.49,15.5,15.47,15.48,670688
2026-09-09T10:58:00+05:30,15.48,15.48,15.47,15.47,326815
2026-09-09T10:59:00+05:30,15.47,15.5,15.47,15.5,490667
2026-09-09T11:00:00+05:30,15.5,15.5,15.49,15.5,384202
2026-09-09T11:01:00+05:30,15.49,15.51,15.49,15.51,722441
2026-09-09T11:02:00+05:30,15.5,15.52,15.5,15.52,339935
2026-09-09T11:03:00+05:30,15.52,15.52,15.5,15.51,232293
2026-09-09T11:04:00+05:30,15.5,15.51,15.49,15.49,918523
2026-09-09T11:05:00+05:30,15.49,15.51,15.48,15.5,510779
2026-09-09T11:06:00+05:30,15.5,15.51,15.5,15.5,311367
2026-09-09T11:07:00+05:30,15.5,15.51,15.5,15.5,308441
2026-09-09T11:08:00+05:30,15.5,15.54,15.5,15.53,1421688
2026-09-09T11:09:00+05:30,15.51,15.53,15.51,15.52,597250
2026-09-09T11:10:00+05:30,15.52,15.52,15.51,15.52,277180
2026-09-09T11:11:00+05:30,15.52,15.52,15.51,15.51,277214
2026-09-09T11:12:00+05:30,15.52,15.52,15.51,15.52,637288
2026-09-09T11:13:00+05:30,15.52,15.52,15.5,15.5,1257073
2026-09-09T11:14:00+05:30,15.5,15.51,15.48,15.49,1330063
2026-09-09T11:15:00+05:30,15.48,15.49,15.47,15.48,1176943
2026-09-09T11:16:00+05:30,15.47,15.48,15.47,15.47,367959
2026-09-09T11:17:00+05:30,15.47,15.49,15.47,15.48,734369
2026-09-09T11:18:00+05:30,15.48,15.49,15.48,15.49,915703
2026-09-09T11:19:00+05:30,15.49,15.54,15.48,15.54,2452140
2026-09-09T11:20:00+05:30,15.54,15.54,15.53,15.53,589172
2026-09-09T11:21:00+05:30,15.53,15.55,15.53,15.55,1709274
2026-09-09T11:22:00+05:30,15.55,15.57,15.54,15.55,2929955
2026-09-09T11:23:00+05:30,15.54,15.55,15.53,15.54,1222322
2026-09-09T11:24:00+05:30,15.53,15.55,15.53,15.53,576504
2026-09-09T11:25:00+05:30,15.55,15.55,15.51,15.51,1281930
2026-09-09T11:26:00+05:30,15.51,15.53,15.5,15.52,778745
2026-09-09T11:27:00+05:30,15.53,15.53,15.51,15.52,359900
2026-09-09T11:28:00+05:30,15.51,15.52,15.49,15.49,1140813
2026-09-09T11:29:00+05:30,15.5,15.51,15.49,15.49,635320
2026-09-09T11:30:00+05:30,15.5,15.5,15.48,15.48,568917
2026-09-09T11:31:00+05:30,15.49,15.5,15.48,15.49,288767
2026-09-09T11:32:00+05:30,15.49,15.5,15.49,15.5,110993
2026-09-09T11:33:00+05:30,15.49,15.52,15.49,15.52,282463
2026-09-09T11:34:00+05:30,15.51,15.52,15.51,15.51,292616
2026-09-09T11:35:00+05:30,15.52,15.52,15.5,15.5,178939
2026-09-09T11:36:00+05:30,15.5,15.52,15.5,15.51,255248
2026-09-09T11:37:00+05:30,15.52,15.52,15.49,15.51,885599
2026-09-09T11:38:00+05:30,15.5,15.51,15.49,15.51,445885
2026-09-09T11:39:00+05:30,15.5,15.51,15.5,15.5,171012
2026-09-09T11:40:00+05:30,15.51,15.51,15.48,15.48,1628923
2026-09-09T11:41:00+05:30,15.48,15.5,15.48,15.5,379725
2026-09-09T11:42:00+05:30,15.49,15.5,15.49,15.49,108519
2026-09-09T11:43:00+05:30,15.49,15.52,15.49,15.5,534055
2026-09-09T11:44:00+05:30,15.5,15.51,15.5,15.51,203484
2026-09-09T11:45:00+05:30,15.51,15.51,15.49,15.5,494355
2026-09-09T11:46:00+05:30,15.5,15.5,15.49,15.5,311663
2026-09-09T11:47:00+05:30,15.49,15.5,15.49,15.5,251746
2026-09-09T11:48:00+05:30,15.49,15.5,15.49,15.49,140856
2026-09-09T11:49:00+05:30,15.49,15.5,15.49,15.5,109368
2026-09-09T11:50:00+05:30,15.5,15.5,15.48,15.48,510539
2026-09-09T11:51:00+05:30,15.48,15.49,15.46,15.47,1046583
2026-09-09T11:52:00+05:30,15.47,15.48,15.47,15.48,197335
2026-09-09T11:53:00+05:30,15.47,15.48,15.47,15.47,208688
2026-09-09T11:54:00+05:30,15.47,15.48,15.47,15.48,146117
2026-09-09T11:55:00+05:30,15.47,15.48,15.47,15.48,325361
2026-09-09T11:56:00+05:30,15.47,15.48,15.47,15.47,97395
2026-09-09T11:57:00+05:30,15.47,15.48,15.47,15.47,201126
2026-09-09T11:58:00+05:30,15.47,15.47,15.46,15.46,381633
2026-09-09T11:59:00+05:30,15.46,15.47,15.46,15.47,203023
2026-09-09T12:00:00+05:30,15.46,15.48,15.46,15.47,1371012
2026-09-09T12:01:00+05:30,15.48,15.48,15.45,15.47,1009537
2026-09-09T12:02:00+05:30,15.46,15.47,15.46,15.46,95374
2026-09-09T12:03:00+05:30,15.46,15.47,15.44,15.45,4411044
2026-09-09T12:04:00+05:30,15.45,15.46,15.45,15.46,352908
2026-09-09T12:05:00+05:30,15.45,15.46,15.45,15.45,123382
2026-09-09T12:06:00+05:30,15.45,15.47,15.45,15.45,917566
2026-09-09T12:07:00+05:30,15.45,15.46,15.45,15.45,300321
2026-09-09T12:08:00+05:30,15.45,15.46,15.45,15.45,663111
2026-09-09T12:09:00+05:30,15.46,15.47,15.45,15.46,317829
2026-09-09T12:10:00+05:30,15.47,15.48,15.46,15.48,307607
2026-09-09T12:11:00+05:30,15.48,15.51,15.47,15.5,1354883
2026-09-09T12:12:00+05:30,15.51,15.51,15.49,15.49,244739
2026-09-09T12:13:00+05:30,15.49,15.5,15.49,15.5,103031
2026-09-09T12:14:00+05:30,15.49,15.5,15.48,15.49,391120
2026-09-09T12:15:00+05:30,15.49,15.49,15.48,15.49,153508
2026-09-09T12:16:00+05:30,15.48,15.49,15.48,15.48,215863
2026-09-09T12:17:00+05:30,15.48,15.48,15.47,15.48,142840
2026-09-09T12:18:00+05:30,15.47,15.48,15.47,15.47,155666
2026-09-09T12:19:00+05:30,15.47,15.48,15.47,15.47,148431
2026-09-09T12:20:00+05:30,15.47,15.48,15.47,15.47,96332
2026-09-09T12:21:00+05:30,15.47,15.48,15.47,15.48,102891
2026-09-09T12:22:00+05:30,15.48,15.48,15.47,15.48,79953
2026-09-09T12:23:00+05:30,15.48,15.48,15.47,15.47,174126
2026-09-09T12:24:00+05:30,15.48,15.48,15.47,15.48,151265
2026-09-09T12:25:00+05:30,15.48,15.48,15.47,15.48,144496
2026-09-09T12:26:00+05:30,15.48,15.49,15.47,15.48,285422
2026-09-09T12:27:00+05:30,15.48,15.49,15.48,15.48,154889
2026-09-09T12:28:00+05:30,15.48,15.49,15.47,15.49,695643
2026-09-09T12:29:00+05:30,15.49,15.53,15.49,15.53,2858796
2026-09-09T12:30:00+05:30,15.53,15.53,15.52,15.53,507844
2026-09-09T12:31:00+05:30,15.53,15.56,15.52,15.56,4159961
2026-09-09T12:32:00+05:30,15.56,15.57,15.55,15.57,936772
2026-09-09T12:33:00+05:30,15.57,15.58,15.56,15.57,1281930
2026-09-09T12:34:00+05:30,15.57,15.58,15.56,15.57,1067048
2026-09-09T12:35:00+05:30,15.57,15.59,15.56,15.56,1678660
2026-09-09T12:36:00+05:30,15.56,15.57,15.55,15.56,439907
2026-09-09T12:37:00+05:30,15.55,15.57,15.54,15.57,1173658
2026-09-09T12:38:00+05:30,15.57,15.58,15.56,15.57,475621
2026-09-09T12:39:00+05:30,15.57,15.62,15.57,15.62,4222115
2026-09-09T12:40:00+05:30,15.62,15.62,15.59,15.6,2905018
2026-09-09T12:41:00+05:30,15.6,15.61,15.58,15.59,408563
2026-09-09T12:42:00+05:30,15.59,15.61,15.58,15.6,906170
2026-09-09T12:43:00+05:30,15.6,15.61,15.59,15.59,1236634
2026-09-09T12:44:00+05:30,15.59,15.62,15.59,15.61,993256
2026-09-09T12:45:00+05:30,15.61,15.68,15.61,15.68,6665985
2026-09-09T12:46:00+05:30,15.68,15.68,15.65,15.65,2609009
2026-09-09T12:47:00+05:30,15.65,15.66,15.64,15.65,2545712
2026-09-09T12:48:00+05:30,15.65,15.67,15.64,15.66,1752915
2026-09-09T12:49:00+05:30,15.67,15.67,15.64,15.65,1333487
2026-09-09T12:50:00+05:30,15.65,15.66,15.62,15.66,1132936
2026-09-09T12:51:00+05:30,15.65,15.67,15.65,15.67,999774
2026-09-09T12:52:00+05:30,15.67,15.67,15.66,15.66,920642
2026-09-09T12:53:00+05:30,15.67,15.7,15.66,15.69,2592187
2026-09-09T12:54:00+05:30,15.69,15.7,15.68,15.69,3761338
2026-09-09T12:55:00+05:30,15.68,15.69,15.65,15.68,2913842
2026-09-09T12:56:00+05:30,15.69,15.72,15.68,15.71,4594969
2026-09-09T12:57:00+05:30,15.71,15.71,15.65,15.65,2693651
2026-09-09T12:58:00+05:30,15.66,15.68,15.64,15.68,2172888
2026-09-09T12:59:00+05:30,15.68,15.68,15.65,15.66,1034528
2026-09-09T13:00:00+05:30,15.66,15.66,15.63,15.65,2962529
2026-09-09T13:01:00+05:30,15.64,15.65,15.63,15.63,1141638
2026-09-09T13:02:00+05:30,15.63,15.64,15.63,15.63,1249749
2026-09-09T13:03:00+05:30,15.64,15.64,15.63,15.63,541056
2026-09-09T13:04:00+05:30,15.64,15.65,15.63,15.65,1516651
2026-09-09T13:05:00+05:30,15.65,15.65,15.64,15.65,263550
2026-09-09T13:06:00+05:30,15.64,15.64,15.62,15.64,1351693
2026-09-09T13:07:00+05:30,15.63,15.66,15.63,15.66,2184738
2026-09-09T13:08:00+05:30,15.65,15.66,15.65,15.65,478574
2026-09-09T13:09:00+05:30,15.65,15.66,15.65,15.66,652488
2026-09-09T13:10:00+05:30,15.65,15.66,15.65,15.66,405749
2026-09-09T13:11:00+05:30,15.66,15.69,15.65,15.69,2677631
2026-09-09T13:12:00+05:30,15.69,15.72,15.68,15.72,4091759
2026-09-09T13:13:00+05:30,15.71,15.73,15.71,15.73,3680471
2026-09-09T13:14:00+05:30,15.73,15.75,15.72,15.73,3970537
2026-09-09T13:15:00+05:30,15.73,15.73,15.71,15.72,1234036
2026-09-09T13:16:00+05:30,15.72,15.78,15.71,15.75,10290802
2026-09-09T13:17:00+05:30,15.76,15.77,15.74,15.76,3363444
2026-09-09T13:18:00+05:30,15.76,15.78,15.75,15.76,4590431
2026-09-09T13:19:00+05:30,15.76,15.77,15.74,15.75,2241754
2026-09-09T13:20:00+05:30,15.74,15.78,15.74,15.77,3077658
2026-09-09T13:21:00+05:30,15.77,15.79,15.77,15.78,1847469
2026-09-09T13:22:00+05:30,15.78,15.78,15.74,15.75,2666147
2026-09-09T13:23:00+05:30,15.75,15.77,15.74,15.76,1684209
2026-09-09T13:24:00+05:30,15.76,15.77,15.75,15.76,1392264
2026-09-09T13:25:00+05:30,15.76,15.78,15.75,15.77,1178628
2026-09-09T13:26:00+05:30,15.77,15.77,15.76,15.76,584579
2026-09-09T13:27:00+05:30,15.77,15.78,15.76,15.77,1038588
2026-09-09T13:28:00+05:30,15.77,15.78,15.75,15.75,1932876
2026-09-09T13:29:00+05:30,15.75,15.77,15.74,15.75,4645220
2026-09-09T13:30:00+05:30,15.75,15.77,15.74,15.75,4321193
2026-09-09T13:31:00+05:30,15.74,15.77,15.74,15.75,1964098
2026-09-09T13:32:00+05:30,15.76,15.76,15.75,15.75,556094
2026-09-09T13:33:00+05:30,15.76,15.76,15.75,15.75,288448
2026-09-09T13:34:00+05:30,15.75,15.76,15.75,15.75,763531
2026-09-09T13:35:00+05:30,15.76,15.76,15.74,15.74,926977
2026-09-09T13:36:00+05:30,15.75,15.76,15.74,15.75,1988208
2026-09-09T13:37:00+05:30,15.76,15.77,15.75,15.77,807533
2026-09-09T13:38:00+05:30,15.77,15.77,15.75,15.76,1784952
2026-09-09T13:39:00+05:30,15.76,15.77,15.75,15.77,1003030
2026-09-09T13:40:00+05:30,15.77,15.77,15.76,15.77,1017973
2026-09-09T13:41:00+05:30,15.77,15.77,15.75,15.75,660157
2026-09-09T13:42:00+05:30,15.75,15.77,15.75,15.77,981555
2026-09-09T13:43:00+05:30,15.77,15.77,15.76,15.76,320805
2026-09-09T13:44:00+05:30,15.76,15.77,15.75,15.77,706152
2026-09-09T13:45:00+05:30,15.77,15.77,15.76,15.76,1165880
2026-09-09T13:46:00+05:30,15.77,15.77,15.75,15.75,437716
2026-09-09T13:47:00+05:30,15.75,15.77,15.74,15.75,1320453
2026-09-09T13:48:00+05:30,15.75,15.75,15.74,15.75,1470848
2026-09-09T13:49:00+05:30,15.74,15.74,15.73,15.74,1864971
2026-09-09T13:50:00+05:30,15.73,15.74,15.72,15.72,728829
2026-09-09T13:51:00+05:30,15.72,15.74,15.72,15.74,746983
2026-09-09T13:52:00+05:30,15.73,15.74,15.73,15.73,464296
2026-09-09T13:53:00+05:30,15.74,15.75,15.73,15.74,793955
2026-09-09T13:54:00+05:30,15.74,15.75,15.72,15.72,3616150
2026-09-09T13:55:00+05:30,15.72,15.73,15.72,15.73,1001982
2026-09-09T13:56:00+05:30,15.72,15.73,15.72,15.73,928470
2026-09-09T13:57:00+05:30,15.72,15.73,15.71,15.71,903727
2026-09-09T13:58:00+05:30,15.71,15.72,15.68,15.68,3116044
2026-09-09T13:59:00+05:30,15.68,15.7,15.67,15.69,2377999
2026-09-09T14:00:00+05:30,15.68,15.69,15.63,15.65,4506560
2026-09-09T14:01:00+05:30,15.66,15.69,15.65,15.68,1231959
2026-09-09T14:02:00+05:30,15.69,15.69,15.65,15.65,1406577
2026-09-09T14:03:00+05:30,15.65,15.66,15.64,15.65,1571944
2026-09-09T14:04:00+05:30,15.64,15.67,15.63,15.66,1788671
2026-09-09T14:05:00+05:30,15.66,15.67,15.65,15.66,1520116
2026-09-09T14:06:00+05:30,15.67,15.67,15.62,15.63,1954862
2026-09-09T14:07:00+05:30,15.63,15.64,15.62,15.63,890643
2026-09-09T14:08:00+05:30,15.62,15.63,15.61,15.62,1520138
2026-09-09T14:09:00+05:30,15.61,15.62,15.58,15.58,2484509
2026-09-09T14:10:00+05:30,15.58,15.61,15.58,15.59,947261
2026-09-09T14:11:00+05:30,15.59,15.6,15.59,15.59,721651
2026-09-09T14:12:00+05:30,15.59,15.6,15.59,15.59,641229
2026-09-09T14:13:00+05:30,15.59,15.6,15.57,15.58,1442567
2026-09-09T14:14:00+05:30,15.58,15.59,15.56,15.56,1818443
2026-09-09T14:15:00+05:30,15.57,15.58,15.57,15.57,1249208
2026-09-09T14:16:00+05:30,15.57,15.58,15.57,15.57,1822544
2026-09-09T14:17:00+05:30,15.57,15.59,15.57,15.59,1200223
2026-09-09T14:18:00+05:30,15.59,15.61,15.59,15.61,1860121
2026-09-09T14:19:00+05:30,15.6,15.62,15.6,15.61,1610195
2026-09-09T14:20:00+05:30,15.6,15.62,15.58,15.59,2197534
2026-09-09T14:21:00+05:30,15.58,15.59,15.58,15.59,1082706
2026-09-09T14:22:00+05:30,15.59,15.6,15.58,15.59,533893
2026-09-09T14:23:00+05:30,15.6,15.6,15.58,15.58,701936
2026-09-09T14:24:00+05:30,15.59,15.6,15.58,15.59,576204
2026-09-09T14:25:00+05:30,15.59,15.6,15.58,15.59,700651
2026-09-09T14:26:00+05:30,15.6,15.6,15.59,15.59,492583
2026-09-09T14:27:00+05:30,15.6,15.62,15.59,15.6,3305183
2026-09-09T14:28:00+05:30,15.61,15.61,15.58,15.59,5927835
2026-09-09T14:29:00+05:30,15.59,15.62,15.59,15.61,1999859
2026-09-09T14:30:00+05:30,15.6,15.61,15.58,15.59,2307060
2026-09-09T14:31:00+05:30,15.59,15.6,15.57,15.57,2327734
2026-09-09T14:32:00+05:30,15.57,15.58,15.57,15.57,797872
2026-09-09T14:33:00+05:30,15.57,15.58,15.56,15.56,1124948
2026-09-09T14:34:00+05:30,15.56,15.58,15.56,15.57,1059490
2026-09-09T14:35:00+05:30,15.57,15.57,15.52,15.53,7148158
2026-09-09T14:36:00+05:30,15.53,15.54,15.52,15.54,1356732
2026-09-09T14:37:00+05:30,15.54,15.55,15.52,15.53,1020906
2026-09-09T14:38:00+05:30,15.53,15.54,15.52,15.53,1331700
2026-09-09T14:39:00+05:30,15.53,15.6,15.53,15.59,2988285
2026-09-09T14:40:00+05:30,15.59,15.61,15.57,15.57,3575491
2026-09-09T14:41:00+05:30,15.57,15.58,15.56,15.56,1093389
2026-09-09T14:42:00+05:30,15.57,15.58,15.56,15.56,891650
2026-09-09T14:43:00+05:30,15.58,15.58,15.56,15.56,787966
2026-09-09T14:44:00+05:30,15.55,15.59,15.55,15.59,3625267
2026-09-09T14:45:00+05:30,15.6,15.6,15.56,15.56,1434141
2026-09-09T14:46:00+05:30,15.56,15.58,15.56,15.57,542769
2026-09-09T14:47:00+05:30,15.57,15.59,15.57,15.58,869931
2026-09-09T14:48:00+05:30,15.58,15.59,15.57,15.59,510904
2026-09-09T14:49:00+05:30,15.59,15.59,15.58,15.59,1089094
2026-09-09T14:50:00+05:30,15.59,15.59,15.58,15.58,1215210
2026-09-09T14:51:00+05:30,15.59,15.59,15.57,15.59,561810
2026-09-09T14:52:00+05:30,15.59,15.59,15.57,15.59,1333767
2026-09-09T14:53:00+05:30,15.59,15.6,15.58,15.58,1279918
2026-09-09T14:54:00+05:30,15.59,15.6,15.57,15.58,984155
2026-09-09T14:55:00+05:30,15.58,15.6,15.58,15.59,1406675
2026-09-09T14:56:00+05:30,15.59,15.6,15.59,15.59,747032
2026-09-09T14:57:00+05:30,15.59,15.6,15.57,15.58,3266236
2026-09-09T14:58:00+05:30,15.58,15.58,15.56,15.56,1366671
2026-09-09T14:59:00+05:30,15.56,15.57,15.56,15.57,814195
2026-09-09T15:00:00+05:30,15.57,15.57,15.55,15.55,1523157
2026-09-09T15:01:00+05:30,15.55,15.56,15.55,15.55,1147121
2026-09-09T15:02:00+05:30,15.55,15.57,15.53,15.53,3415858
2026-09-09T15:03:00+05:30,15.53,15.53,15.49,15.49,4925002
2026-09-09T15:04:00+05:30,15.5,15.51,15.48,15.5,2546654
2026-09-09T15:05:00+05:30,15.51,15.52,15.49,15.5,3444427
2026-09-09T15:06:00+05:30,15.51,15.52,15.5,15.51,2821962
2026-09-09T15:07:00+05:30,15.5,15.52,15.5,15.51,2713296
2026-09-09T15:08:00+05:30,15.52,15.53,15.51,15.52,1142797
2026-09-09T15:09:00+05:30,15.52,15.53,15.51,15.51,2905999
2026-09-09T15:10:00+05:30,15.53,15.54,15.52,15.53,1901959
2026-09-09T15:11:00+05:30,15.54,15.54,15.52,15.53,1896746
2026-09-09T15:12:00+05:30,15.52,15.55,15.52,15.53,5949325
2026-09-09T15:13:00+05:30,15.53,15.54,15.53,15.54,3362961
2026-09-09T15:14:00+05:30,15.52,15.54,15.52,15.53,2816005
2026-09-10T09:15:00+05:30,15.7,15.7,15.47,15.55,46851087
2026-09-10T09:16:00+05:30,15.55,15.67,15.55,15.59,22263096
2026-09-10T09:17:00+05:30,15.59,15.62,15.5,15.62,22542641
2026-09-10T09:18:00+05:30,15.62,15.63,15.55,15.6,8200097
2026-09-10T09:19:00+05:30,15.6,15.63,15.58,15.61,3659539
2026-09-10T09:20:00+05:30,15.61,15.63,15.58,15.63,7255792
2026-09-10T09:21:00+05:30,15.63,15.65,15.6,15.6,11304929
2026-09-10T09:22:00+05:30,15.6,15.6,15.53,15.55,8710048
2026-09-10T09:23:00+05:30,15.55,15.56,15.52,15.53,6797933
2026-09-10T09:24:00+05:30,15.54,15.55,15.48,15.52,22233621
2026-09-10T09:25:00+05:30,15.52,15.55,15.52,15.54,3618756
2026-09-10T09:26:00+05:30,15.54,15.55,15.53,15.53,2516153
2026-09-10T09:27:00+05:30,15.53,15.54,15.53,15.54,3450837
2026-09-10T09:28:00+05:30,15.54,15.55,15.46,15.46,7994611
2026-09-10T09:29:00+05:30,15.46,15.47,15.42,15.43,12594254
2026-09-10T09:30:00+05:30,15.43,15.44,15.36,15.44,13387012
2026-09-10T09:31:00+05:30,15.43,15.44,15.41,15.44,4207420
2026-09-10T09:32:00+05:30,15.44,15.44,15.41,15.43,3105301
2026-09-10T09:33:00+05:30,15.43,15.51,15.43,15.5,4634640
2026-09-10T09:34:00+05:30,15.51,15.51,15.47,15.48,3214287
2026-09-10T09:35:00+05:30,15.47,15.47,15.42,15.43,3628366
2026-09-10T09:36:00+05:30,15.44,15.48,15.43,15.46,2695935
2026-09-10T09:37:00+05:30,15.44,15.45,15.38,15.38,6740110
2026-09-10T09:38:00+05:30,15.39,15.41,15.34,15.41,9440400
2026-09-10T09:39:00+05:30,15.38,15.4,15.37,15.4,3972273
2026-09-10T09:40:00+05:30,15.38,15.41,15.38,15.41,1490053
2026-09-10T09:41:00+05:30,15.41,15.43,15.41,15.42,3387732
2026-09-10T09:42:00+05:30,15.42,15.44,15.41,15.44,1829363
2026-09-10T09:43:00+05:30,15.44,15.45,15.43,15.44,1494054
2026-09-10T09:44:00+05:30,15.44,15.44,15.4,15.41,5378768
2026-09-10T09:45:00+05:30,15.41,15.41,15.39,15.4,4538561
2026-09-10T09:46:00+05:30,15.39,15.42,15.39,15.42,1990043
2026-09-10T09:47:00+05:30,15.43,15.47,15.42,15.47,4279914
2026-09-10T09:48:00+05:30,15.48,15.48,15.43,15.45,3904516
2026-09-10T09:49:00+05:30,15.43,15.43,15.42,15.42,1956442
2026-09-10T09:50:00+05:30,15.43,15.46,15.43,15.46,1443907
2026-09-10T09:51:00+05:30,15.45,15.47,15.45,15.46,672318
2026-09-10T09:52:00+05:30,15.46,15.47,15.45,15.46,2285257
2026-09-10T09:53:00+05:30,15.46,15.48,15.46,15.47,2236637
2026-09-10T09:54:00+05:30,15.46,15.49,15.45,15.46,1529934
2026-09-10T09:55:00+05:30,15.46,15.47,15.45,15.45,888151
2026-09-10T09:56:00+05:30,15.45,15.46,15.41,15.41,2275196
2026-09-10T09:57:00+05:30,15.43,15.43,15.41,15.42,1033393
2026-09-10T09:58:00+05:30,15.42,15.42,15.41,15.42,1521893
2026-09-10T09:59:00+05:30,15.42,15.42,15.4,15.41,1121958
2026-09-10T10:00:00+05:30,15.41,15.42,15.4,15.41,813093
2026-09-10T10:01:00+05:30,15.41,15.42,15.4,15.4,3295633
2026-09-10T10:02:00+05:30,15.4,15.4,15.39,15.4,515287
2026-09-10T10:03:00+05:30,15.39,15.42,15.39,15.42,1572791
2026-09-10T10:04:00+05:30,15.42,15.43,15.41,15.43,342896
2026-09-10T10:05:00+05:30,15.41,15.42,15.41,15.42,358254
2026-09-10T10:06:00+05:30,15.41,15.43,15.41,15.43,484028
2026-09-10T10:07:00+05:30,15.42,15.43,15.41,15.41,683426
2026-09-10T10:08:00+05:30,15.41,15.41,15.4,15.41,1011565
2026-09-10T10:09:00+05:30,15.4,15.41,15.36,15.37,5445834
2026-09-10T10:10:00+05:30,15.37,15.37,15.31,15.34,8346925
2026-09-10T10:11:00+05:30,15.33,15.34,15.33,15.33,1925593
2026-09-10T10:12:00+05:30,15.34,15.37,15.33,15.37,1979470
2026-09-10T10:13:00+05:30,15.37,15.37,15.34,15.35,1167521
2026-09-10T10:14:00+05:30,15.34,15.35,15.33,15.34,1191346
2026-09-10T10:15:00+05:30,15.33,15.34,15.32,15.34,1542691
2026-09-10T10:16:00+05:30,15.34,15.34,15.33,15.34,652746
2026-09-10T10:17:00+05:30,15.34,15.34,15.33,15.34,954542
2026-09-10T10:18:00+05:30,15.35,15.35,15.3,15.33,5686508
2026-09-10T10:19:00+05:30,15.33,15.35,15.33,15.35,834904
2026-09-10T10:20:00+05:30,15.35,15.35,15.33,15.33,492786
2026-09-10T10:21:00+05:30,15.34,15.34,15.33,15.34,424237
2026-09-10T10:22:00+05:30,15.34,15.34,15.31,15.32,818193
2026-09-10T10:23:00+05:30,15.32,15.33,15.32,15.33,517257
2026-09-10T10:24:00+05:30,15.33,15.34,15.32,15.34,441209
2026-09-10T10:25:00+05:30,15.34,15.35,15.33,15.35,521375
2026-09-10T10:26:00+05:30,15.34,15.35,15.34,15.34,398263
2026-09-10T10:27:00+05:30,15.35,15.36,15.34,15.36,887177
2026-09-10T10:28:00+05:30,15.36,15.37,15.35,15.37,769413
2026-09-10T10:29:00+05:30,15.36,15.38,15.36,15.37,986331
2026-09-10T10:30:00+05:30,15.37,15.37,15.36,15.37,451625
2026-09-10T10:31:00+05:30,15.37,15.37,15.36,15.37,308761
2026-09-10T10:32:00+05:30,15.37,15.37,15.36,15.37,491451
2026-09-10T10:33:00+05:30,15.36,15.38,15.27,15.3,10255936
2026-09-10T10:34:00+05:30,15.3,15.3,15.28,15.3,1606982
2026-09-10T10:35:00+05:30,15.3,15.3,15.27,15.28,2087414
2026-09-10T10:36:00+05:30,15.28,15.28,15.24,15.25,8019734
2026-09-10T10:37:00+05:30,15.25,15.26,15.24,15.25,1554471
2026-09-10T10:38:00+05:30,15.25,15.27,15.24,15.27,2640183
2026-09-10T10:39:00+05:30,15.27,15.3,15.26,15.27,3086283
2026-09-10T10:40:00+05:30,15.27,15.28,15.26,15.27,1121125
2026-09-10T10:41:00+05:30,15.26,15.27,15.25,15.26,1730167
2026-09-10T10:42:00+05:30,15.26,15.26,15.25,15.26,1172072
2026-09-10T10:43:00+05:30,15.26,15.27,15.26,15.27,709237
2026-09-10T10:44:00+05:30,15.27,15.28,15.26,15.26,1851881
2026-09-10T10:45:00+05:30,15.27,15.28,15.26,15.27,1980004
2026-09-10T10:46:00+05:30,15.27,15.27,15.26,15.27,361904
2026-09-10T10:47:00+05:30,15.27,15.27,15.26,15.26,531461
2026-09-10T10:48:00+05:30,15.27,15.27,15.26,15.27,395441
2026-09-10T10:49:00+05:30,15.24,15.26,15.22,15.23,4497246
2026-09-10T10:50:00+05:30,15.23,15.23,15.2,15.21,4103987
2026-09-10T10:51:00+05:30,15.22,15.22,15.17,15.2,5480321
2026-09-10T10:52:00+05:30,15.2,15.2,15.19,15.19,1084161
2026-09-10T10:53:00+05:30,15.2,15.21,15.18,15.19,2245361
2026-09-10T10:54:00+05:30,15.19,15.19,15.15,15.16,2827995
2026-09-10T10:55:00+05:30,15.16,15.18,15.11,15.11,4957899
2026-09-10T10:56:00+05:30,15.12,15.12,14.98,15.03,24079681
2026-09-10T10:57:00+05:30,15.03,15.06,15,15.02,6816550
2026-09-10T10:58:00+05:30,15.04,15.05,15.02,15.05,2755030
2026-09-10T10:59:00+05:30,15.05,15.05,14.93,14.96,14320718
2026-09-10T11:00:00+05:30,14.97,15.04,14.96,15,7440636
2026-09-10T11:01:00+05:30,15,15.03,14.98,15.02,2528682
2026-09-10T11:02:00+05:30,15.02,15.05,15.01,15.05,1077371
2026-09-10T11:03:00+05:30,15.05,15.08,15.04,15.06,3885945
2026-09-10T11:04:00+05:30,15.06,15.09,15.05,15.06,2316957
2026-09-10T11:05:00+05:30,15.06,15.09,15.03,15.03,3438443
2026-09-10T11:06:00+05:30,15.04,15.06,15.04,15.06,1969322
2026-09-10T11:07:00+05:30,15.06,15.09,15.05,15.09,1482653
2026-09-10T11:08:00+05:30,15.06,15.08,15.04,15.08,2492482
2026-09-10T11:09:00+05:30,15.07,15.11,15.07,15.11,2994570
2026-09-10T11:10:00+05:30,15.1,15.11,15.08,15.08,3217657
2026-09-10T11:11:00+05:30,15.08,15.09,15.05,15.08,2926875
2026-09-10T11:12:00+05:30,15.08,15.13,15.08,15.12,1654900
2026-09-10T11:13:00+05:30,15.13,15.13,15.1,15.11,1987338
2026-09-10T11:14:00+05:30,15.11,15.12,15.1,15.11,881242
2026-09-10T11:15:00+05:30,15.12,15.12,15.11,15.12,513351
2026-09-10T11:16:00+05:30,15.12,15.12,15.08,15.09,2221597
2026-09-10T11:17:00+05:30,15.09,15.1,15.08,15.09,1289463
2026-09-10T11:18:00+05:30,15.09,15.1,15.08,15.1,563927
2026-09-10T11:19:00+05:30,15.1,15.1,15.09,15.09,322415
2026-09-10T11:20:00+05:30,15.1,15.1,15.08,15.08,1333252
2026-09-10T11:21:00+05:30,15.08,15.09,15.07,15.07,747617
2026-09-10T11:22:00+05:30,15.07,15.08,15.06,15.08,473294
2026-09-10T11:23:00+05:30,15.08,15.09,15.07,15.09,518870
2026-09-10T11:24:00+05:30,15.08,15.09,15.08,15.08,866147
2026-09-10T11:25:00+05:30,15.09,15.09,15.08,15.09,266145
2026-09-10T11:26:00+05:30,15.08,15.09,15.08,15.09,587777
2026-09-10T11:27:00+05:30,15.09,15.09,15.05,15.06,1999617
2026-09-10T11:28:00+05:30,15.06,15.09,15.05,15.09,928237
2026-09-10T11:29:00+05:30,15.09,15.09,15.08,15.09,796249
2026-09-10T11:30:00+05:30,15.09,15.09,15.08,15.09,633236
2026-09-10T11:31:00+05:30,15.09,15.09,15.07,15.08,873288
2026-09-10T11:32:00+05:30,15.08,15.08,15.07,15.08,264191
2026-09-10T11:33:00+05:30,15.07,15.08,15.07,15.08,1280869
2026-09-10T11:34:00+05:30,15.08,15.08,15.06,15.08,267435
2026-09-10T11:35:00+05:30,15.07,15.09,15.06,15.09,858130
2026-09-10T11:36:00+05:30,15.1,15.12,15.09,15.12,1338812
2026-09-10T11:37:00+05:30,15.12,15.14,15.11,15.11,3206979
2026-09-10T11:38:00+05:30,15.12,15.12,15.11,15.11,394621
2026-09-10T11:39:00+05:30,15.12,15.12,15.11,15.12,217652
2026-09-10T11:40:00+05:30,15.12,15.12,15.11,15.12,667656
2026-09-10T11:41:00+05:30,15.12,15.14,15.11,15.12,1488794
2026-09-10T11:42:00+05:30,15.12,15.12,15.1,15.12,784396
2026-09-10T11:43:00+05:30,15.11,15.12,15.11,15.12,147526
2026-09-10T11:44:00+05:30,15.12,15.13,15.11,15.11,277316
2026-09-10T11:45:00+05:30,15.12,15.13,15.11,15.12,486228
2026-09-10T11:46:00+05:30,15.12,15.13,15.1,15.11,1963711
2026-09-10T11:47:00+05:30,15.11,15.11,15.1,15.11,510099
2026-09-10T11:48:00+05:30,15.11,15.12,15.11,15.12,375803
2026-09-10T11:49:00+05:30,15.12,15.12,15.11,15.12,209974
2026-09-10T11:50:00+05:30,15.12,15.12,15.1,15.1,528607
2026-09-10T11:51:00+05:30,15.11,15.11,15.1,15.11,457082
2026-09-10T11:52:00+05:30,15.11,15.11,15.1,15.11,215932
2026-09-10T11:53:00+05:30,15.11,15.12,15.09,15.1,639976
2026-09-10T11:54:00+05:30,15.1,15.1,15.09,15.1,366809
2026-09-10T11:55:00+05:30,15.1,15.1,15.08,15.09,272892
2026-09-10T11:56:00+05:30,15.08,15.09,15.08,15.08,210097
2026-09-10T11:57:00+05:30,15.09,15.1,15.09,15.1,156217
2026-09-10T11:58:00+05:30,15.1,15.1,15.09,15.1,129366
2026-09-10T11:59:00+05:30,15.1,15.1,15.03,15.04,2930515
2026-09-10T12:00:00+05:30,15.05,15.06,15.02,15.03,2473846
2026-09-10T12:01:00+05:30,15.03,15.04,15.02,15.04,1023655
2026-09-10T12:02:00+05:30,15.03,15.05,15.03,15.04,1084777
2026-09-10T12:03:00+05:30,15.04,15.04,15,15,3984448
2026-09-10T12:04:00+05:30,15,15.03,14.99,15.02,1614017
2026-09-10T12:05:00+05:30,15.02,15.03,15.01,15.01,1513108
2026-09-10T12:06:00+05:30,15.02,15.02,15,15.01,1071527
2026-09-10T12:07:00+05:30,15.01,15.03,15,15.03,2925679
2026-09-10T12:08:00+05:30,15.02,15.03,15.01,15.01,614541
2026-09-10T12:09:00+05:30,15.01,15.01,14.98,15,1806232
2026-09-10T12:10:00+05:30,14.99,14.99,14.97,14.98,1791185
2026-09-10T12:11:00+05:30,14.98,14.99,14.97,14.99,2101656
2026-09-10T12:12:00+05:30,14.99,15.01,14.98,15,1319204
2026-09-10T12:13:00+05:30,15,15.01,14.99,14.99,1620158
2026-09-10T12:14:00+05:30,15,15.01,14.99,15,504416
2026-09-10T12:15:00+05:30,15,15.03,14.99,15.03,496850
2026-09-10T12:16:00+05:30,15.02,15.03,15.01,15.03,938381
2026-09-10T12:17:00+05:30,15.03,15.03,15.01,15.01,392461
2026-09-10T12:18:00+05:30,15,15.02,14.99,15.02,1926019
2026-09-10T12:19:00+05:30,15.02,15.02,14.99,15,1214297
2026-09-10T12:20:00+05:30,15,15,14.98,14.99,1046763
2026-09-10T12:21:00+05:30,14.99,14.99,14.99,14.99,1021654
2026-09-10T12:22:00+05:30,14.99,14.99,14.98,14.99,1612557
2026-09-10T12:23:00+05:30,14.99,15,14.98,15,481322
2026-09-10T12:24:00+05:30,15,15,14.99,15,293852
2026-09-10T12:25:00+05:30,15,15.03,15,15.02,1129515
2026-09-10T12:26:00+05:30,15.02,15.02,14.95,14.97,3205025
2026-09-10T12:27:00+05:30,14.97,14.98,14.95,14.97,1596513
2026-09-10T12:28:00+05:30,14.97,14.99,14.97,14.99,377979
2026-09-10T12:29:00+05:30,14.99,14.99,14.97,14.98,1372285
2026-09-10T12:30:00+05:30,14.98,14.98,14.97,14.98,711453
2026-09-10T12:31:00+05:30,14.98,14.98,14.97,14.98,668611
2026-09-10T12:32:00+05:30,14.98,14.99,14.97,14.98,676383
2026-09-10T12:33:00+05:30,14.98,14.99,14.96,14.97,1106642
2026-09-10T12:34:00+05:30,14.97,14.97,14.96,14.97,381195
2026-09-10T12:35:00+05:30,14.97,14.97,14.92,14.94,5699294
2026-09-10T12:36:00+05:30,14.94,14.94,14.92,14.94,897694
2026-09-10T12:37:00+05:30,14.94,14.94,14.93,14.94,908218
2026-09-10T12:38:00+05:30,14.94,14.94,14.92,14.93,1804928
2026-09-10T12:39:00+05:30,14.93,14.93,14.92,14.93,1169249
2026-09-10T12:40:00+05:30,14.93,14.93,14.92,14.92,864842
2026-09-10T12:41:00+05:30,14.92,14.93,14.87,14.88,10052860
2026-09-10T12:42:00+05:30,14.89,14.93,14.89,14.92,2354675
2026-09-10T12:43:00+05:30,14.92,14.93,14.91,14.93,570103
2026-09-10T12:44:00+05:30,14.93,14.93,14.92,14.92,1076240
2026-09-10T12:45:00+05:30,14.92,14.93,14.92,14.93,682769
2026-09-10T12:46:00+05:30,14.93,14.95,14.92,14.95,3099910
2026-09-10T12:47:00+05:30,14.95,14.95,14.93,14.95,2497696
2026-09-10T12:48:00+05:30,14.95,14.95,14.94,14.95,585149
2026-09-10T12:49:00+05:30,14.94,14.97,14.94,14.97,3008340
2026-09-10T12:50:00+05:30,14.97,14.97,14.96,14.97,459616
2026-09-10T12:51:00+05:30,14.97,14.98,14.96,14.97,1231986
2026-09-10T12:52:00+05:30,14.97,14.98,14.97,14.98,544536
2026-09-10T12:53:00+05:30,14.98,14.98,14.96,14.97,3077231
2026-09-10T12:54:00+05:30,14.97,14.98,14.96,14.97,5319961
2026-09-10T12:55:00+05:30,14.97,14.97,14.95,14.96,2282216
2026-09-10T12:56:00+05:30,14.96,14.96,14.95,14.96,1529792
2026-09-10T12:57:00+05:30,14.96,14.96,14.94,14.96,2497035
2026-09-10T12:58:00+05:30,14.95,14.96,14.94,14.94,1098567
2026-09-10T12:59:00+05:30,14.94,14.96,14.94,14.94,1025469
2026-09-10T13:00:00+05:30,14.94,14.96,14.94,14.95,305856
2026-09-10T13:01:00+05:30,14.95,14.96,14.94,14.95,2608598
2026-09-10T13:02:00+05:30,14.95,14.95,14.94,14.95,884215
2026-09-10T13:03:00+05:30,14.95,14.95,14.94,14.95,534212
2026-09-10T13:04:00+05:30,14.95,14.97,14.94,14.97,2195417
2026-09-10T13:05:00+05:30,14.96,14.97,14.95,14.95,1451698
2026-09-10T13:06:00+05:30,14.95,14.95,14.94,14.95,430186
2026-09-10T13:07:00+05:30,14.95,14.95,14.94,14.94,345809
2026-09-10T13:08:00+05:30,14.95,14.95,14.94,14.94,266460
2026-09-10T13:09:00+05:30,14.94,14.94,14.92,14.92,3050499
2026-09-10T13:10:00+05:30,14.92,14.94,14.92,14.93,492442
2026-09-10T13:11:00+05:30,14.93,14.94,14.92,14.94,633294
2026-09-10T13:12:00+05:30,14.93,14.95,14.93,14.95,2127634
2026-09-10T13:13:00+05:30,14.94,14.95,14.93,14.94,318250
2026-09-10T13:14:00+05:30,14.94,14.95,14.94,14.95,191098
2026-09-10T13:15:00+05:30,14.95,14.95,14.93,14.93,858627
2026-09-10T13:16:00+05:30,14.93,14.94,14.93,14.93,404306
2026-09-10T13:17:00+05:30,14.93,14.94,14.93,14.93,111987
2026-09-10T13:18:00+05:30,14.94,14.94,14.91,14.92,2735942
2026-09-10T13:19:00+05:30,14.92,14.92,14.91,14.92,653744
2026-09-10T13:20:00+05:30,14.92,14.94,14.91,14.93,1886685
2026-09-10T13:21:00+05:30,14.93,14.93,14.87,14.88,3779357
2026-09-10T13:22:00+05:30,14.86,14.87,14.83,14.86,7514436
2026-09-10T13:23:00+05:30,14.85,14.87,14.85,14.87,1533935
2026-09-10T13:24:00+05:30,14.86,14.87,14.85,14.87,757949
2026-09-10T13:25:00+05:30,14.86,14.87,14.85,14.86,1379057
2026-09-10T13:26:00+05:30,14.86,14.87,14.85,14.87,466631
2026-09-10T13:27:00+05:30,14.86,14.87,14.86,14.87,1003856
2026-09-10T13:28:00+05:30,14.87,14.88,14.86,14.86,307886
2026-09-10T13:29:00+05:30,14.87,14.87,14.86,14.87,226857
2026-09-10T13:30:00+05:30,14.87,14.88,14.86,14.87,689284
2026-09-10T13:31:00+05:30,14.88,14.88,14.85,14.86,1092779
2026-09-10T13:32:00+05:30,14.85,14.89,14.85,14.86,1769333
2026-09-10T13:33:00+05:30,14.86,14.87,14.84,14.87,1558321
2026-09-10T13:34:00+05:30,14.87,14.87,14.86,14.87,673612
2026-09-10T13:35:00+05:30,14.87,14.87,14.86,14.87,874096
2026-09-10T13:36:00+05:30,14.88,14.88,14.86,14.87,622241
2026-09-10T13:37:00+05:30,14.88,14.89,14.87,14.88,295434
2026-09-10T13:38:00+05:30,14.89,14.93,14.89,14.92,1938799
2026-09-10T13:39:00+05:30,14.92,14.92,14.91,14.92,643246
2026-09-10T13:40:00+05:30,14.92,14.92,14.91,14.92,357754
2026-09-10T13:41:00+05:30,14.92,14.93,14.9,14.9,1340084
2026-09-10T13:42:00+05:30,14.89,14.92,14.89,14.91,1673471
2026-09-10T13:43:00+05:30,14.91,14.92,14.91,14.92,319284
2026-09-10T13:44:00+05:30,14.92,14.92,14.9,14.9,724610
2026-09-10T13:45:00+05:30,14.9,14.9,14.88,14.89,835340
2026-09-10T13:46:00+05:30,14.89,14.9,14.88,14.9,1521959
2026-09-10T13:47:00+05:30,14.89,14.9,14.88,14.89,404228
2026-09-10T13:48:00+05:30,14.89,14.9,14.88,14.89,405090
2026-09-10T13:49:00+05:30,14.89,14.9,14.88,14.89,215474
2026-09-10T13:50:00+05:30,14.89,14.89,14.87,14.88,545797
2026-09-10T13:51:00+05:30,14.88,14.88,14.87,14.88,515866
2026-09-10T13:52:00+05:30,14.88,14.89,14.87,14.87,886356
2026-09-10T13:53:00+05:30,14.87,14.88,14.86,14.87,746682
2026-09-10T13:54:00+05:30,14.88,14.89,14.87,14.88,616518
2026-09-10T13:55:00+05:30,14.88,14.89,14.87,14.88,262407
2026-09-10T13:56:00+05:30,14.89,14.89,14.88,14.88,195447
2026-09-10T13:57:00+05:30,14.88,14.89,14.86,14.87,853743
2026-09-10T13:58:00+05:30,14.87,14.88,14.87,14.88,293791
2026-09-10T13:59:00+05:30,14.87,14.88,14.87,14.87,390593
2026-09-10T14:00:00+05:30,14.88,14.9,14.87,14.89,930823
2026-09-10T14:01:00+05:30,14.89,14.9,14.88,14.9,309270
2026-09-10T14:02:00+05:30,14.9,14.9,14.88,14.89,300911
2026-09-10T14:03:00+05:30,14.89,14.89,14.88,14.88,148616
2026-09-10T14:04:00+05:30,14.89,14.89,14.88,14.89,263209
2026-09-10T14:05:00+05:30,14.89,14.89,14.87,14.89,738880
2026-09-10T14:06:00+05:30,14.89,14.9,14.88,14.9,790030
2026-09-10T14:07:00+05:30,14.9,14.9,14.89,14.9,195522
2026-09-10T14:08:00+05:30,14.9,14.9,14.89,14.9,613970
2026-09-10T14:09:00+05:30,14.89,14.9,14.89,14.9,304350
2026-09-10T14:10:00+05:30,14.9,14.9,14.89,14.9,328548
2026-09-10T14:11:00+05:30,14.89,14.9,14.89,14.89,403312
2026-09-10T14:12:00+05:30,14.9,14.9,14.88,14.89,364800
2026-09-10T14:13:00+05:30,14.89,14.89,14.88,14.89,367456
2026-09-10T14:14:00+05:30,14.88,14.89,14.88,14.89,166024
2026-09-10T14:15:00+05:30,14.88,14.89,14.87,14.87,557445
2026-09-10T14:16:00+05:30,14.88,14.88,14.85,14.86,1379712
2026-09-10T14:17:00+05:30,14.86,14.87,14.85,14.86,1152312
2026-09-10T14:18:00+05:30,14.85,14.86,14.85,14.86,581232
2026-09-10T14:19:00+05:30,14.86,14.88,14.85,14.88,2163164
2026-09-10T14:20:00+05:30,14.87,14.88,14.86,14.88,676954
2026-09-10T14:21:00+05:30,14.88,14.89,14.87,14.89,3336571
2026-09-10T14:22:00+05:30,14.89,14.89,14.88,14.89,300732
2026-09-10T14:23:00+05:30,14.88,14.89,14.87,14.87,1829529
2026-09-10T14:24:00+05:30,14.88,14.88,14.87,14.88,159354
2026-09-10T14:25:00+05:30,14.87,14.88,14.87,14.88,1180103
2026-09-10T14:26:00+05:30,14.88,14.88,14.87,14.88,829870
2026-09-10T14:27:00+05:30,14.88,14.88,14.87,14.88,1035054
2026-09-10T14:28:00+05:30,14.88,14.88,14.87,14.88,274503
2026-09-10T14:29:00+05:30,14.88,14.88,14.87,14.88,893463
2026-09-10T14:30:00+05:30,14.88,14.88,14.87,14.87,930929
2026-09-10T14:31:00+05:30,14.87,14.88,14.87,14.87,456569
2026-09-10T14:32:00+05:30,14.88,14.88,14.87,14.87,1593938
2026-09-10T14:33:00+05:30,14.87,14.89,14.85,14.87,1915036
2026-09-10T14:34:00+05:30,14.87,14.87,14.85,14.87,472855
2026-09-10T14:35:00+05:30,14.86,14.87,14.85,14.86,647310
2026-09-10T14:36:00+05:30,14.87,14.87,14.86,14.86,387263
2026-09-10T14:37:00+05:30,14.86,14.88,14.86,14.87,1863445
2026-09-10T14:38:00+05:30,14.86,14.87,14.85,14.85,707351
2026-09-10T14:39:00+05:30,14.85,14.86,14.85,14.86,510824
2026-09-10T14:40:00+05:30,14.86,14.87,14.85,14.86,1694629
2026-09-10T14:41:00+05:30,14.85,14.87,14.85,14.87,1777078
2026-09-10T14:42:00+05:30,14.87,14.88,14.85,14.86,1548912
2026-09-10T14:43:00+05:30,14.86,14.88,14.86,14.87,1493785
2026-09-10T14:44:00+05:30,14.88,14.88,14.87,14.88,306786
2026-09-10T14:45:00+05:30,14.87,14.88,14.86,14.88,10959763
2026-09-10T14:46:00+05:30,14.88,14.91,14.87,14.9,3317231
2026-09-10T14:47:00+05:30,14.9,14.91,14.89,14.9,935849
2026-09-10T14:48:00+05:30,14.9,14.9,14.88,14.9,1159436
2026-09-10T14:49:00+05:30,14.9,14.9,14.87,14.88,2167545
2026-09-10T14:50:00+05:30,14.88,14.88,14.86,14.87,1795637
2026-09-10T14:51:00+05:30,14.86,14.89,14.86,14.86,3412354
2026-09-10T14:52:00+05:30,14.86,14.88,14.86,14.87,823341
2026-09-10T14:53:00+05:30,14.88,14.88,14.87,14.87,311103
2026-09-10T14:54:00+05:30,14.88,14.9,14.86,14.89,11330534
2026-09-10T14:55:00+05:30,14.89,14.91,14.89,14.9,1897827
2026-09-10T14:56:00+05:30,14.9,14.9,14.89,14.9,891443
2026-09-10T14:57:00+05:30,14.89,14.9,14.89,14.89,1243376
2026-09-10T14:58:00+05:30,14.9,14.91,14.89,14.9,4093523
2026-09-10T14:59:00+05:30,14.89,14.9,14.89,14.89,3901861
2026-09-10T15:00:00+05:30,14.9,14.91,14.86,14.88,3887570
2026-09-10T15:01:00+05:30,14.88,14.88,14.85,14.85,2755361
2026-09-10T15:02:00+05:30,14.86,14.86,14.85,14.85,2538220
2026-09-10T15:03:00+05:30,14.84,14.86,14.84,14.85,4084216
2026-09-10T15:04:00+05:30,14.84,14.86,14.84,14.85,3433641
2026-09-10T15:05:00+05:30,14.86,14.86,14.85,14.86,3094976
2026-09-10T15:06:00+05:30,14.87,14.88,14.86,14.88,5617496
2026-09-10T15:07:00+05:30,14.88,14.89,14.87,14.89,5576743
2026-09-10T15:08:00+05:30,14.89,14.9,14.88,14.88,3289269
2026-09-10T15:09:00+05:30,14.89,14.89,14.85,14.87,6834141
2026-09-10T15:10:00+05:30,14.87,14.87,14.86,14.87,5021776
2026-09-10T15:11:00+05:30,14.87,14.87,14.85,14.86,11824381
2026-09-10T15:12:00+05:30,14.86,14.88,14.82,14.85,25864763
2026-09-10T15:13:00+05:30,14.85,14.87,14.82,14.83,5986490
2026-09-10T15:14:00+05:30,14.83,14.85,14.82,14.84,3071578
2026-09-11T09:15:00+05:30,15.08,15.08,14.93,15.02,17672784
2026-09-11T09:16:00+05:30,15.02,15.05,14.85,14.92,19713719
2026-09-11T09:17:00+05:30,14.91,14.97,14.9,14.93,7242181
2026-09-11T09:18:00+05:30,14.93,14.93,14.84,14.88,8341160
2026-09-11T09:19:00+05:30,14.88,14.91,14.87,14.88,4931284
2026-09-11T09:20:00+05:30,14.88,14.93,14.85,14.9,4974732
2026-09-11T09:21:00+05:30,14.9,14.93,14.88,14.93,3758800
2026-09-11T09:22:00+05:30,14.92,14.97,14.92,14.94,5489189
2026-09-11T09:23:00+05:30,14.95,14.98,14.94,14.98,5386008
2026-09-11T09:24:00+05:30,14.98,15.02,14.97,14.99,7172184
2026-09-11T09:25:00+05:30,14.99,15.02,14.97,14.99,4629213
2026-09-11T09:26:00+05:30,14.99,15.04,14.98,15.02,5160040
2026-09-11T09:27:00+05:30,15.03,15.06,15.02,15.02,7143427
2026-09-11T09:28:00+05:30,15.03,15.03,14.99,15.01,4905827
2026-09-11T09:29:00+05:30,15.02,15.09,14.99,15.03,8010365
2026-09-11T09:30:00+05:30,15.04,15.05,15.01,15.03,3069284
2026-09-11T09:31:00+05:30,15.02,15.1,15.02,15.08,6000263
2026-09-11T09:32:00+05:30,15.09,15.13,15.08,15.11,8245109
2026-09-11T09:33:00+05:30,15.1,15.13,15.09,15.13,5496099
2026-09-11T09:34:00+05:30,15.13,15.17,15.12,15.12,8348692
2026-09-11T09:35:00+05:30,15.13,15.15,15.12,15.14,3685204
2026-09-11T09:36:00+05:30,15.15,15.16,15.13,15.15,4057255
2026-09-11T09:37:00+05:30,15.15,15.15,15.08,15.11,7636868
2026-09-11T09:38:00+05:30,15.1,15.13,15.08,15.13,2046600
2026-09-11T09:39:00+05:30,15.12,15.14,15.11,15.12,1441638
2026-09-11T09:40:00+05:30,15.12,15.13,15.11,15.13,1539414
2026-09-11T09:41:00+05:30,15.1,15.11,15.06,15.06,3793409
2026-09-11T09:42:00+05:30,15.08,15.08,15.03,15.06,5143310
2026-09-11T09:43:00+05:30,15.06,15.08,15.05,15.05,2883067
2026-09-11T09:44:00+05:30,15.06,15.06,15.02,15.02,2504636
2026-09-11T09:45:00+05:30,15.03,15.03,14.99,15,6051223
2026-09-11T09:46:00+05:30,15.01,15.01,14.95,14.97,5150555
2026-09-11T09:47:00+05:30,14.97,15.01,14.96,15,2635434
2026-09-11T09:48:00+05:30,15,15.02,15,15,1691099
2026-09-11T09:49:00+05:30,15.01,15.03,15.01,15.02,2205919
2026-09-11T09:50:00+05:30,15.02,15.06,15.01,15.04,2534708
2026-09-11T09:51:00+05:30,15.04,15.05,15.02,15.05,1353677
2026-09-11T09:52:00+05:30,15.05,15.06,15.02,15.04,1514346
2026-09-11T09:53:00+05:30,15.03,15.07,15.02,15.07,2672954
2026-09-11T09:54:00+05:30,15.07,15.07,15.04,15.05,2271047
2026-09-11T09:55:00+05:30,15.04,15.07,15.03,15.07,1823686
2026-09-11T09:56:00+05:30,15.05,15.12,15.05,15.1,6086494
2026-09-11T09:57:00+05:30,15.1,15.12,15.06,15.06,3589376
2026-09-11T09:58:00+05:30,15.06,15.11,15.05,15.1,2892284
2026-09-11T09:59:00+05:30,15.1,15.14,15.1,15.13,2688657
2026-09-11T10:00:00+05:30,15.14,15.15,15.13,15.15,2470634
2026-09-11T10:01:00+05:30,15.15,15.17,15.13,15.15,4833463
2026-09-11T10:02:00+05:30,15.16,15.16,15.13,15.15,1670472
2026-09-11T10:03:00+05:30,15.15,15.2,15.14,15.19,6021718
2026-09-11T10:04:00+05:30,15.2,15.2,15.18,15.19,3345298
2026-09-11T10:05:00+05:30,15.19,15.2,15.18,15.18,2539656
2026-09-11T10:06:00+05:30,15.17,15.17,15.14,15.14,2731324
2026-09-11T10:07:00+05:30,15.14,15.15,15.12,15.13,1939342
2026-09-11T10:08:00+05:30,15.13,15.16,15.12,15.16,3011660
2026-09-11T10:09:00+05:30,15.15,15.17,15.15,15.17,794547
2026-09-11T10:10:00+05:30,15.17,15.17,15.16,15.17,562574
2026-09-11T10:11:00+05:30,15.16,15.17,15.13,15.14,2231239
2026-09-11T10:12:00+05:30,15.14,15.15,15.13,15.13,1033034
2026-09-11T10:13:00+05:30,15.13,15.15,15.13,15.15,687162
2026-09-11T10:14:00+05:30,15.14,15.15,15.14,15.15,582773
2026-09-11T10:15:00+05:30,15.15,15.15,15.14,15.15,369781
2026-09-11T10:16:00+05:30,15.14,15.15,15.14,15.14,550659
2026-09-11T10:17:00+05:30,15.14,15.15,15.13,15.14,448616
2026-09-11T10:18:00+05:30,15.14,15.17,15.13,15.17,3308344
2026-09-11T10:19:00+05:30,15.17,15.18,15.15,15.15,922770
2026-09-11T10:20:00+05:30,15.16,15.18,15.15,15.17,461039
2026-09-11T10:21:00+05:30,15.18,15.19,15.17,15.19,1083633
2026-09-11T10:22:00+05:30,15.19,15.2,15.18,15.18,1531870
2026-09-11T10:23:00+05:30,15.19,15.19,15.16,15.16,1259983
2026-09-11T10:24:00+05:30,15.15,15.17,15.15,15.16,876976
2026-09-11T10:25:00+05:30,15.15,15.16,15.13,15.15,1628457
2026-09-11T10:26:00+05:30,15.16,15.16,15.14,15.14,709602
2026-09-11T10:27:00+05:30,15.14,15.16,15.13,15.15,788797
2026-09-11T10:28:00+05:30,15.16,15.16,15.15,15.15,412681
2026-09-11T10:29:00+05:30,15.16,15.16,15.15,15.16,762230
2026-09-11T10:30:00+05:30,15.16,15.16,15.15,15.16,273822
2026-09-11T10:31:00+05:30,15.16,15.16,15.15,15.16,243868
2026-09-11T10:32:00+05:30,15.15,15.18,15.15,15.17,881867
2026-09-11T10:33:00+05:30,15.18,15.18,15.13,15.13,2133392
2026-09-11T10:34:00+05:30,15.14,15.15,15.13,15.15,825048
2026-09-11T10:35:00+05:30,15.14,15.15,15.13,15.14,1176023
2026-09-11T10:36:00+05:30,15.14,15.14,15.11,15.12,1241300
2026-09-11T10:37:00+05:30,15.11,15.14,15.11,15.14,1180355
2026-09-11T10:38:00+05:30,15.14,15.14,15.13,15.14,342645
2026-09-11T10:39:00+05:30,15.14,15.14,15.12,15.13,633141
2026-09-11T10:40:00+05:30,15.13,15.14,15.12,15.13,569440
2026-09-11T10:41:00+05:30,15.14,15.15,15.13,15.14,1021654
2026-09-11T10:42:00+05:30,15.15,15.15,15.12,15.13,768897
2026-09-11T10:43:00+05:30,15.13,15.14,15.12,15.14,415804
2026-09-11T10:44:00+05:30,15.13,15.14,15.13,15.13,392132
2026-09-11T10:45:00+05:30,15.14,15.14,15.13,15.14,263721
2026-09-11T10:46:00+05:30,15.14,15.14,15.13,15.14,291331
2026-09-11T10:47:00+05:30,15.14,15.14,15.11,15.11,902851
2026-09-11T10:48:00+05:30,15.11,15.13,15.11,15.12,864512
2026-09-11T10:49:00+05:30,15.12,15.13,15.11,15.12,705283
2026-09-11T10:50:00+05:30,15.12,15.13,15.07,15.09,1678366
2026-09-11T10:51:00+05:30,15.08,15.09,15.04,15.05,2809781
2026-09-11T10:52:00+05:30,15.05,15.05,14.99,15.01,5342324
2026-09-11T10:53:00+05:30,15.02,15.03,15.01,15.02,1302611
2026-09-11T10:54:00+05:30,15.03,15.03,15.02,15.03,525876
2026-09-11T10:55:00+05:30,15.03,15.04,15.02,15.04,1586064
2026-09-11T10:56:00+05:30,15.03,15.03,15,15,1907531
2026-09-11T10:57:00+05:30,15.01,15.01,14.96,14.97,4667351
2026-09-11T10:58:00+05:30,14.96,14.98,14.96,14.97,2455485
2026-09-11T10:59:00+05:30,14.96,14.98,14.96,14.97,698357
2026-09-11T11:00:00+05:30,14.98,14.98,14.93,14.94,3894679
2026-09-11T11:01:00+05:30,14.96,14.97,14.93,14.93,3971670
2026-09-11T11:02:00+05:30,14.91,14.94,14.91,14.94,1511057
2026-09-11T11:03:00+05:30,14.94,14.94,14.93,14.94,643034
2026-09-11T11:04:00+05:30,14.94,14.94,14.91,14.91,1683620
2026-09-11T11:05:00+05:30,14.92,14.94,14.91,14.93,819379
2026-09-11T11:06:00+05:30,14.93,14.97,14.92,14.96,1221283
2026-09-11T11:07:00+05:30,14.97,14.99,14.96,14.98,2337817
2026-09-11T11:08:00+05:30,14.98,14.98,14.96,14.97,893748
2026-09-11T11:09:00+05:30,14.97,14.98,14.96,14.98,404057
2026-09-11T11:10:00+05:30,14.98,14.98,14.97,14.97,773763
2026-09-11T11:11:00+05:30,14.98,14.98,14.96,14.97,1172850
2026-09-11T11:12:00+05:30,14.97,14.97,14.96,14.97,324924
2026-09-11T11:13:00+05:30,14.97,15,14.96,15,1841235
2026-09-11T11:14:00+05:30,15,15,14.99,14.99,735492
2026-09-11T11:15:00+05:30,14.99,15,14.98,15,593135
2026-09-11T11:16:00+05:30,14.99,15,14.98,14.98,442177
2026-09-11T11:17:00+05:30,14.99,15.01,14.99,15,1660879
2026-09-11T11:18:00+05:30,15,15,14.98,14.99,583936
2026-09-11T11:19:00+05:30,14.99,14.99,14.98,14.99,337083
2026-09-11T11:20:00+05:30,14.98,14.99,14.97,14.98,853609
2026-09-11T11:21:00+05:30,14.98,14.99,14.97,14.99,944014
2026-09-11T11:22:00+05:30,14.99,15,14.98,15,1273536
2026-09-11T11:23:00+05:30,15,15,14.99,14.99,651404
2026-09-11T11:24:00+05:30,15,15.04,14.99,15.04,1809660
2026-09-11T11:25:00+05:30,15.04,15.04,15.03,15.03,658432
2026-09-11T11:26:00+05:30,15.04,15.04,15.02,15.02,578399
2026-09-11T11:27:00+05:30,15.02,15.04,15.02,15.04,406433
2026-09-11T11:28:00+05:30,15.03,15.04,15.03,15.04,273263
2026-09-11T11:29:00+05:30,15.03,15.04,15.02,15.02,775973
2026-09-11T11:30:00+05:30,15,15.01,15,15,277372
2026-09-11T11:31:00+05:30,15.01,15.02,15,15.01,989840
2026-09-11T11:32:00+05:30,15.01,15.04,15.01,15.04,603359
2026-09-11T11:33:00+05:30,15.04,15.04,15.02,15.03,633013
2026-09-11T11:34:00+05:30,15.03,15.03,15.02,15.03,226903
2026-09-11T11:35:00+05:30,15.03,15.03,15.02,15.02,377878
2026-09-11T11:36:00+05:30,15.02,15.03,15.01,15.01,141034
2026-09-11T11:37:00+05:30,15.01,15.04,15.01,15.04,871870
2026-09-11T11:38:00+05:30,15.03,15.04,15.02,15.02,612155
2026-09-11T11:39:00+05:30,15.01,15.04,15.01,15.04,151113
2026-09-11T11:40:00+05:30,15.03,15.05,15.03,15.05,756329
2026-09-11T11:41:00+05:30,15.05,15.05,15.04,15.05,362109
2026-09-11T11:42:00+05:30,15.04,15.05,15.04,15.05,250374
2026-09-11T11:43:00+05:30,15.04,15.05,15.03,15.05,601945
2026-09-11T11:44:00+05:30,15.05,15.05,15.04,15.04,173478
2026-09-11T11:45:00+05:30,15.04,15.05,15.03,15.04,607099
2026-09-11T11:46:00+05:30,15.03,15.04,15.02,15.02,359547
2026-09-11T11:47:00+05:30,15.02,15.04,15.02,15.03,351515
2026-09-11T11:48:00+05:30,15.03,15.03,15.02,15.02,380572
2026-09-11T11:49:00+05:30,15.02,15.03,15,15,1350462
2026-09-11T11:50:00+05:30,15.01,15.01,15,15.01,711146
2026-09-11T11:51:00+05:30,15.02,15.02,15,15.01,800420
2026-09-11T11:52:00+05:30,15.01,15.01,15,15.01,205445
2026-09-11T11:53:00+05:30,15,15.02,14.99,15,1926666
2026-09-11T11:54:00+05:30,15.01,15.02,15,15,282610
2026-09-11T11:55:00+05:30,15.01,15.02,15,15.01,158250
2026-09-11T11:56:00+05:30,15.01,15.03,15.01,15.01,689807
2026-09-11T11:57:00+05:30,15.03,15.03,15,15,367561
2026-09-11T11:58:00+05:30,15.01,15.01,15,15.01,61483
2026-09-11T11:59:00+05:30,15.01,15.01,15,15.01,129238
2026-09-11T12:00:00+05:30,15,15.03,15,15.02,533093
2026-09-11T12:01:00+05:30,15.03,15.03,15.01,15.03,236588
2026-09-11T12:02:00+05:30,15.03,15.03,15.01,15.01,114116
2026-09-11T12:03:00+05:30,15.02,15.02,15.01,15.01,129886
2026-09-11T12:04:00+05:30,15.01,15.02,15.01,15.01,180559
2026-09-11T12:05:00+05:30,15.02,15.02,15,15.02,1014581
2026-09-11T12:06:00+05:30,15.02,15.02,15,15.02,235942
2026-09-11T12:07:00+05:30,15.02,15.02,15.01,15.02,87638
2026-09-11T12:08:00+05:30,15.02,15.02,15,15,354354
2026-09-11T12:09:00+05:30,15.01,15.02,15,15.02,1057836
2026-09-11T12:10:00+05:30,15.02,15.02,15,15.02,117426
2026-09-11T12:11:00+05:30,15.02,15.02,15,15.01,170594
2026-09-11T12:12:00+05:30,15.01,15.03,15,15.02,670127
2026-09-11T12:13:00+05:30,15.02,15.02,15.01,15.01,75517
2026-09-11T12:14:00+05:30,15.01,15.02,15.01,15.01,1372645
2026-09-11T12:15:00+05:30,15.01,15.02,15.01,15.01,290502
2026-09-11T12:16:00+05:30,15.01,15.02,15.01,15.01,189157
2026-09-11T12:17:00+05:30,15.02,15.04,15.01,15.04,461127
2026-09-11T12:18:00+05:30,15.04,15.04,15.03,15.03,321213
2026-09-11T12:19:00+05:30,15.03,15.04,15.02,15.03,459713
2026-09-11T12:20:00+05:30,15.03,15.03,15.02,15.03,102828
2026-09-11T12:21:00+05:30,15.03,15.03,15.02,15.02,95490
2026-09-11T12:22:00+05:30,15.02,15.03,15.02,15.02,163581
2026-09-11T12:23:00+05:30,15.02,15.03,15.02,15.03,335494
2026-09-11T12:24:00+05:30,15.03,15.04,15.02,15.04,195389
2026-09-11T12:25:00+05:30,15.04,15.04,15.02,15.03,285835
2026-09-11T12:26:00+05:30,15.03,15.03,15.02,15.02,207402
2026-09-11T12:27:00+05:30,15.02,15.03,15.02,15.02,97925
2026-09-11T12:28:00+05:30,15.03,15.03,15.02,15.02,180129
2026-09-11T12:29:00+05:30,15.02,15.03,15.01,15.02,311441
2026-09-11T12:30:00+05:30,15.02,15.05,15.01,15.04,1344336
2026-09-11T12:31:00+05:30,15.04,15.05,15.04,15.04,488317
2026-09-11T12:32:00+05:30,15.04,15.05,15.04,15.05,257565
2026-09-11T12:33:00+05:30,15.05,15.05,15.04,15.04,103663
2026-09-11T12:34:00+05:30,15.04,15.05,15.03,15.04,490650
2026-09-11T12:35:00+05:30,15.04,15.06,15.03,15.06,1102388
2026-09-11T12:36:00+05:30,15.06,15.08,15.06,15.08,688710
2026-09-11T12:37:00+05:30,15.08,15.08,15.07,15.07,653391
2026-09-11T12:38:00+05:30,15.08,15.09,15.07,15.09,1064950
2026-09-11T12:39:00+05:30,15.09,15.09,15.07,15.08,524402
2026-09-11T12:40:00+05:30,15.08,15.08,15.06,15.07,213900
2026-09-11T12:41:00+05:30,15.07,15.08,15.06,15.07,179689
2026-09-11T12:42:00+05:30,15.07,15.09,15.07,15.09,1135605
2026-09-11T12:43:00+05:30,15.09,15.09,15.08,15.08,115829
2026-09-11T12:44:00+05:30,15.08,15.09,15.08,15.08,101752
2026-09-11T12:45:00+05:30,15.08,15.09,15.07,15.07,316963
2026-09-11T12:46:00+05:30,15.07,15.08,15.06,15.07,424787
2026-09-11T12:47:00+05:30,15.07,15.07,15.06,15.07,740372
2026-09-11T12:48:00+05:30,15.07,15.07,15.05,15.06,1181792
2026-09-11T12:49:00+05:30,15.06,15.07,15.06,15.07,135129
2026-09-11T12:50:00+05:30,15.07,15.08,15.06,15.08,532463
2026-09-11T12:51:00+05:30,15.08,15.08,15.07,15.07,196949
2026-09-11T12:52:00+05:30,15.07,15.09,15.07,15.08,307206
2026-09-11T12:53:00+05:30,15.09,15.09,15.08,15.08,181604
2026-09-11T12:54:00+05:30,15.1,15.1,15.08,15.08,1800472
2026-09-11T12:55:00+05:30,15.08,15.09,15.08,15.08,101041
2026-09-11T12:56:00+05:30,15.09,15.09,15.08,15.09,785138
2026-09-11T12:57:00+05:30,15.09,15.09,15.07,15.08,919509
2026-09-11T12:58:00+05:30,15.07,15.08,15.06,15.06,2652372
2026-09-11T12:59:00+05:30,15.07,15.07,15.05,15.06,1157545
2026-09-11T13:00:00+05:30,15.05,15.06,15.04,15.04,275066
2026-09-11T13:01:00+05:30,15.04,15.05,15.03,15.04,1352668
2026-09-11T13:02:00+05:30,15.04,15.04,15.02,15.02,2799173
2026-09-11T13:03:00+05:30,15.02,15.03,15.02,15.03,450576
2026-09-11T13:04:00+05:30,15.02,15.03,15.01,15.01,833159
2026-09-11T13:05:00+05:30,15.02,15.02,15,15.01,1001770
2026-09-11T13:06:00+05:30,15.01,15.01,14.99,14.99,1784548
2026-09-11T13:07:00+05:30,14.99,15,14.99,15,334151
2026-09-11T13:08:00+05:30,15,15,14.98,14.98,2912781
2026-09-11T13:09:00+05:30,14.99,14.99,14.97,14.99,1586639
2026-09-11T13:10:00+05:30,14.99,15.02,14.98,14.99,1395336
2026-09-11T13:11:00+05:30,15.01,15.01,15,15.01,328676
2026-09-11T13:12:00+05:30,15.01,15.01,15,15.01,113932
2026-09-11T13:13:00+05:30,15.01,15.01,15,15.01,178107
2026-09-11T13:14:00+05:30,15,15.01,14.99,15,742525
2026-09-11T13:15:00+05:30,15.01,15.02,15,15.01,506772
2026-09-11T13:16:00+05:30,15.02,15.02,15.01,15.01,89005
2026-09-11T13:17:00+05:30,15.01,15.03,15,15.01,678734
2026-09-11T13:18:00+05:30,15.01,15.01,15,15.01,109375
2026-09-11T13:19:00+05:30,15.01,15.01,15,15,112314
2026-09-11T13:20:00+05:30,15.01,15.01,15,15.01,643702
2026-09-11T13:21:00+05:30,15.01,15.02,15,15.01,232123
2026-09-11T13:22:00+05:30,15.01,15.02,15.01,15.02,127167
2026-09-11T13:23:00+05:30,15.02,15.03,15.01,15.03,290254
2026-09-11T13:24:00+05:30,15.03,15.04,15.02,15.03,998755
2026-09-11T13:25:00+05:30,15.03,15.04,15.02,15.04,412707
2026-09-11T13:26:00+05:30,15.04,15.04,15.02,15.03,422434
2026-09-11T13:27:00+05:30,15.03,15.07,15.03,15.06,1333586
2026-09-11T13:28:00+05:30,15.06,15.07,15.06,15.07,174360
2026-09-11T13:29:00+05:30,15.07,15.09,15.06,15.09,1057252
2026-09-11T13:30:00+05:30,15.09,15.09,15.07,15.09,499119
2026-09-11T13:31:00+05:30,15.08,15.09,15.07,15.07,572358
2026-09-11T13:32:00+05:30,15.08,15.08,15.07,15.08,276233
2026-09-11T13:33:00+05:30,15.07,15.09,15.07,15.09,1479558
2026-09-11T13:34:00+05:30,15.09,15.09,15.08,15.09,404398
2026-09-11T13:35:00+05:30,15.08,15.09,15.07,15.07,1233819
2026-09-11T13:36:00+05:30,15.08,15.09,15.07,15.09,856996
2026-09-11T13:37:00+05:30,15.09,15.09,15.07,15.07,575287
2026-09-11T13:38:00+05:30,15.07,15.09,15.07,15.09,1953404
2026-09-11T13:39:00+05:30,15.09,15.09,15.05,15.06,853531
2026-09-11T13:40:00+05:30,15.06,15.07,15.05,15.07,493845
2026-09-11T13:41:00+05:30,15.07,15.07,15.04,15.05,1226615
2026-09-11T13:42:00+05:30,15.04,15.07,15.04,15.07,814143
2026-09-11T13:43:00+05:30,15.06,15.07,15.06,15.06,141178
2026-09-11T13:44:00+05:30,15.06,15.07,15.06,15.07,313441
2026-09-11T13:45:00+05:30,15.07,15.07,15.06,15.06,278100
2026-09-11T13:46:00+05:30,15.06,15.06,15.05,15.06,134528
2026-09-11T13:47:00+05:30,15.06,15.07,15.05,15.07,339334
2026-09-11T13:48:00+05:30,15.06,15.07,15.05,15.06,150488
2026-09-11T13:49:00+05:30,15.06,15.07,15.06,15.07,200495
2026-09-11T13:50:00+05:30,15.07,15.07,15.06,15.06,301129
2026-09-11T13:51:00+05:30,15.07,15.07,15.06,15.07,504560
2026-09-11T13:52:00+05:30,15.07,15.07,15.04,15.05,1103500
2026-09-11T13:53:00+05:30,15.06,15.08,15.05,15.06,803912
2026-09-11T13:54:00+05:30,15.06,15.08,15.05,15.06,559350
2026-09-11T13:55:00+05:30,15.05,15.08,15.05,15.08,448625
2026-09-11T13:56:00+05:30,15.07,15.09,15.07,15.08,1829490
2026-09-11T13:57:00+05:30,15.08,15.09,15.05,15.06,1440338
2026-09-11T13:58:00+05:30,15.07,15.07,15.02,15.03,916292
2026-09-11T13:59:00+05:30,15.03,15.05,15,15,4029256
2026-09-11T14:00:00+05:30,15,15.01,14.97,14.99,1636801
2026-09-11T14:01:00+05:30,14.98,14.99,14.98,14.99,693556
2026-09-11T14:02:00+05:30,14.98,15.01,14.98,15,1292490
2026-09-11T14:03:00+05:30,15.01,15.01,15,15,822607
2026-09-11T14:04:00+05:30,15.01,15.01,14.97,14.98,4004803
2026-09-11T14:05:00+05:30,14.98,14.98,14.97,14.98,624379
2026-09-11T14:06:00+05:30,14.97,15,14.97,14.99,1154072
2026-09-11T14:07:00+05:30,14.99,15,14.98,15,984882
2026-09-11T14:08:00+05:30,14.99,15,14.98,14.99,658557
2026-09-11T14:09:00+05:30,14.98,15,14.98,14.99,1140267
2026-09-11T14:10:00+05:30,14.99,15,14.99,15,446001
2026-09-11T14:11:00+05:30,14.99,15,14.99,14.99,189976
2026-09-11T14:12:00+05:30,15,15,14.99,15,330116
2026-09-11T14:13:00+05:30,15,15,14.99,14.99,392643
2026-09-11T14:14:00+05:30,15,15,14.98,14.99,2309258
2026-09-11T14:15:00+05:30,14.99,15,14.99,15,212175
2026-09-11T14:16:00+05:30,14.99,15.01,14.99,15,391868
2026-09-11T14:17:00+05:30,15.01,15.01,15,15,260469
2026-09-11T14:18:00+05:30,15.01,15.01,14.99,15,709950
2026-09-11T14:19:00+05:30,15,15,14.99,14.99,92603
2026-09-11T14:20:00+05:30,15,15.01,14.99,15,398986
2026-09-11T14:21:00+05:30,15,15.01,15,15.01,99143
2026-09-11T14:22:00+05:30,15.01,15.01,15,15.01,141350
2026-09-11T14:23:00+05:30,15.01,15.01,15,15.01,113901
2026-09-11T14:24:00+05:30,15,15.01,15,15,409739
2026-09-11T14:25:00+05:30,15.01,15.01,15,15,137667
2026-09-11T14:26:00+05:30,15.01,15.01,15,15,226405
2026-09-11T14:27:00+05:30,15,15.01,15,15.01,122016
2026-09-11T14:28:00+05:30,15,15.03,15,15.02,1601000
2026-09-11T14:29:00+05:30,15.03,15.03,15.01,15.01,835178
2026-09-11T14:30:00+05:30,15.02,15.03,15.01,15.01,279682
2026-09-11T14:31:00+05:30,15.01,15.03,15.01,15.02,302969
2026-09-11T14:32:00+05:30,15.03,15.03,15.01,15.02,218256
2026-09-11T14:33:00+05:30,15.03,15.03,15.01,15.02,278104
2026-09-11T14:34:00+05:30,15.02,15.03,15.01,15.01,187914
2026-09-11T14:35:00+05:30,15.01,15.03,15.01,15.02,700099
2026-09-11T14:36:00+05:30,15.03,15.04,15.02,15.04,387259
2026-09-11T14:37:00+05:30,15.02,15.04,15.02,15.02,206915
2026-09-11T14:38:00+05:30,15.02,15.03,15.02,15.02,186744
2026-09-11T14:39:00+05:30,15.03,15.03,15.02,15.03,325324
2026-09-11T14:40:00+05:30,15.04,15.04,15.03,15.04,598311
2026-09-11T14:41:00+05:30,15.04,15.04,15.03,15.03,152305
2026-09-11T14:42:00+05:30,15.03,15.04,15.02,15.02,1001589
2026-09-11T14:43:00+05:30,15.03,15.04,15.02,15.03,280133
2026-09-11T14:44:00+05:30,15.03,15.04,15.02,15.03,366391
2026-09-11T14:45:00+05:30,15.04,15.04,15.03,15.03,409331
2026-09-11T14:46:00+05:30,15.03,15.04,15.02,15.03,702948
2026-09-11T14:47:00+05:30,15.03,15.03,15.02,15.03,390831
2026-09-11T14:48:00+05:30,15.03,15.03,15.01,15.01,1502354
2026-09-11T14:49:00+05:30,15.01,15.02,15.01,15.01,1248135
2026-09-11T14:50:00+05:30,15.02,15.02,15.01,15.02,1725372
2026-09-11T14:51:00+05:30,15.02,15.02,14.96,14.97,6150517
2026-09-11T14:52:00+05:30,14.97,14.99,14.96,14.99,2295690
2026-09-11T14:53:00+05:30,14.99,14.99,14.98,14.98,1896696
2026-09-11T14:54:00+05:30,14.98,14.99,14.96,14.98,1746118
2026-09-11T14:55:00+05:30,14.98,14.99,14.97,14.97,9107664
2026-09-11T14:56:00+05:30,14.97,14.99,14.97,14.98,191344
2026-09-11T14:57:00+05:30,14.99,14.99,14.98,14.98,645483
2026-09-11T14:58:00+05:30,14.98,14.98,14.98,14.98,424172
2026-09-11T14:59:00+05:30,14.98,14.99,14.95,14.95,3427147
2026-09-11T15:00:00+05:30,14.95,14.97,14.95,14.96,1515956
2026-09-11T15:01:00+05:30,14.97,14.97,14.96,14.96,894253
2026-09-11T15:02:00+05:30,14.97,14.98,14.96,14.97,2089690
2026-09-11T15:03:00+05:30,14.97,14.99,14.97,14.98,1565351
2026-09-11T15:04:00+05:30,14.99,14.99,14.98,14.99,1196043
2026-09-11T15:05:00+05:30,14.99,14.99,14.98,14.98,1191215
2026-09-11T15:06:00+05:30,14.99,15.01,14.98,15.01,3365860
2026-09-11T15:07:00+05:30,15.01,15.02,15,15.01,1986763
2026-09-11T15:08:00+05:30,15.01,15.01,15,15.01,1349705
2026-09-11T15:09:00+05:30,15.01,15.01,14.98,14.99,2967169
2026-09-11T15:10:00+05:30,14.99,14.99,14.98,14.98,1650172
2026-09-11T15:11:00+05:30,14.98,14.99,14.97,14.98,2087815
2026-09-11T15:12:00+05:30,14.97,14.98,14.95,14.97,9233156
2026-09-11T15:13:00+05:30,14.96,14.97,14.95,14.96,3418474
2026-09-11T15:14:00+05:30,14.95,14.97,14.95,14.96,2715649
